Order_ID,Order_Date,Customer_ID,Region,City,Category,Product,Quantity,Unit_Price,Discount_Pct,Sales,Cost,Profit,Channel,Customer_Segment,Payment_Method,Order_Status
ORD100001,12-Apr-24,CUST1001,North,Lucknow,Beauty,Sunscreen,1,649.98,15,552.48,349.03,203.45,Marketplace,Consumer,Credit Card,Delivered
ORD100002,11-Mar-25,CUST1002,South,Hyderabad,Home & Kitchen,Bedsheet,1,899.4,10,809.46,588.88,220.59,Website,Corporate,Cash on Delivery,Delivered
ORD100003,27-Sep-24,CUST1003,Central,Nagpur,Clothing,T-Shirt,1,705.5,20,564.4,319.01,245.39,Mobile App,Consumer,UPI,Delivered
ORD100004,16-Apr-24,CUST1004,North,Lucknow,Home & Kitchen,Mixer Grinder,2,2849.26,20,4558.82,3505.13,1053.7,Website,Consumer,Credit Card,Delivered
ORD100005,12-Mar-24,CUST1005,North,Delhi,Beauty,Sunscreen,4,640.89,25,1922.68,1299.66,623.02,Mobile App,Student,Credit Card,Delivered
ORD100006,01-Dec-25,CUST1006,East,Bhubaneswar,Clothing,Hoodie,4,1662.45,20,5319.84,3576.25,1743.58,Website,Consumer,Credit Card,Delivered
ORD100007,21-Jan-24,CUST1007,South,Hyderabad,Clothing,Sneakers,1,2791.29,10,0,0,0,Marketplace,Consumer,UPI,Cancelled
ORD100008,06-Sep-25,CUST1008,East,Kolkata,Electronics,Keyboard,2,1427.53,15,2426.79,1655.83,770.96,Mobile App,Consumer,Debit Card,Delivered
ORD100009,01-May-24,CUST1009,West,Mumbai,Sports,Yoga Mat,1,941.95,25,706.47,457.97,248.5,Website,Consumer,Credit Card,Delivered
ORD100010,11-Apr-25,CUST1010,North,Delhi,Electronics,Bluetooth Speaker,2,1475.24,10,398.31,245.44,152.88,Website,Consumer,UPI,Returned
ORD100011,02-Aug-24,CUST1011,East,Guwahati,Home & Kitchen,Bedsheet,1,1055.92,15,134.63,80.18,54.45,Mobile App,Student,Net Banking,Returned
ORD100012,26-Nov-24,CUST1012,East,Kolkata,Clothing,Jeans,4,1327.01,20,4246.44,3170.6,1075.83,Website,Student,Cash on Delivery,Delivered
ORD100013,03-Apr-25,CUST1013,North,Jaipur,Clothing,Dress,3,1493.07,10,0,0,0,Mobile App,Consumer,UPI,Cancelled
ORD100014,28-Mar-24,CUST1014,West,Mumbai,Home & Kitchen,Mixer Grinder,1,2828.11,0,0,0,0,Mobile App,Consumer,UPI,Cancelled
ORD100015,07-Jan-25,CUST1015,South,Chennai,Electronics,Power Bank,3,1023.13,0,3069.4,2166.41,902.99,Website,Consumer,Credit Card,Delivered
ORD100016,09-Apr-24,CUST1016,East,Patna,Home & Kitchen,Coffee Maker,2,2347.42,0,4694.84,2868.74,1826.1,Mobile App,Consumer,UPI,Delivered
ORD100017,25-Oct-25,CUST1017,North,Delhi,Beauty,Face Serum,2,883.29,10,1589.93,1071.66,518.27,Website,Consumer,Credit Card,Delivered
ORD100018,10-May-24,CUST1018,East,Guwahati,Beauty,Face Serum,2,827.25,10,1489.05,1041.27,447.78,Mobile App,Consumer,Debit Card,Delivered
ORD100019,23-Oct-25,CUST1019,South,Hyderabad,Electronics,Bluetooth Speaker,2,1570.45,10,2826.81,1764.2,1062.61,Mobile App,Corporate,Credit Card,Delivered
ORD100020,04-Nov-24,CUST1020,Central,Indore,Sports,Gym Bag,3,1309.04,10,3534.4,2271.77,1262.63,Website,Consumer,Net Banking,Delivered
ORD100021,09-Dec-24,CUST1021,North,Chandigarh,Home & Kitchen,Cookware Set,3,2755.95,25,6200.89,3762.43,2438.46,Website,Corporate,Debit Card,Delivered
ORD100022,06-May-25,CUST1022,South,Hyderabad,Sports,Gym Bag,2,1178.2,5,2238.58,1509.5,729.07,Website,Student,Net Banking,Delivered
ORD100023,17-Feb-25,CUST1023,East,Kolkata,Home & Kitchen,Bedsheet,3,878.76,20,2109.03,1725.08,383.95,Mobile App,Consumer,Cash on Delivery,Delivered
ORD100024,20-Jan-25,CUST1024,West,Pune,Home & Kitchen,Cookware Set,5,2438.86,0,12194.28,7901.07,4293.21,Website,Consumer,UPI,Delivered
ORD100025,10-Jul-24,CUST1025,East,Guwahati,Sports,Cricket Bat,1,1999.28,10,1799.35,1307.05,492.3,Website,Student,Debit Card,Delivered
ORD100026,03-Oct-24,CUST1026,West,Pune,Sports,Running Shoes,1,3060.53,10,2754.48,1987.88,766.59,Website,Consumer,Credit Card,Delivered
ORD100027,09-Jun-24,CUST1027,West,Pune,Clothing,Sneakers,2,2791.65,15,0,0,0,Mobile App,Corporate,UPI,Cancelled
ORD100028,04-Apr-25,CUST1028,Central,Nagpur,Clothing,T-Shirt,5,767.32,10,517.94,384.43,133.52,Website,Consumer,UPI,Returned
ORD100029,09-Nov-24,CUST1029,South,Bengaluru,Clothing,Dress,1,1530.27,5,1453.76,804.19,649.57,Mobile App,Consumer,Credit Card,Delivered
ORD100030,22-Jan-24,CUST1030,East,Kolkata,Clothing,Dress,1,1408.13,5,1337.72,847.43,490.29,Website,Consumer,Credit Card,Delivered
ORD100031,09-Sep-24,CUST1031,Central,Raipur,Clothing,Jeans,1,1361.08,5,193.95,152.25,41.71,Mobile App,Consumer,Cash on Delivery,Returned
ORD100032,14-Jul-25,CUST1032,Central,Bhopal,Clothing,Sneakers,3,2241.42,10,6051.83,4210.13,1841.7,Website,Consumer,Credit Card,Delivered
ORD100033,19-Apr-25,CUST1033,Central,Bhopal,Sports,Dumbbells,4,1512.85,10,5446.26,3148.71,2297.56,Website,Student,Credit Card,Delivered
ORD100034,28-Feb-24,CUST1034,South,Coimbatore,Electronics,Wireless Headphones,2,2172.22,10,3909.99,2442.01,1467.98,Mobile App,Consumer,Debit Card,Delivered
ORD100035,25-May-25,CUST1035,South,Coimbatore,Home & Kitchen,Coffee Maker,1,2129.19,15,1809.81,1133.87,675.94,Website,Consumer,Credit Card,Delivered
ORD100036,12-Nov-25,CUST1036,East,Bhubaneswar,Electronics,Power Bank,4,1002.16,20,0,0,0,Website,Consumer,Cash on Delivery,Cancelled
ORD100037,20-Apr-25,CUST1037,West,Mumbai,Clothing,Hoodie,1,1616.18,10,0,0,0,Marketplace,Corporate,Cash on Delivery,Cancelled
ORD100038,30-Nov-25,CUST1038,East,Guwahati,Electronics,Power Bank,3,982.09,0,2946.26,2104.36,841.9,Website,Corporate,Credit Card,Delivered
ORD100039,08-Jul-24,CUST1039,East,Kolkata,Clothing,Jeans,1,1627.73,15,207.54,134.71,72.82,Website,Corporate,Credit Card,Returned
ORD100040,17-Nov-25,CUST1040,Central,Bhopal,Beauty,Shampoo,2,528.36,10,951.05,538.56,412.48,Website,Consumer,Debit Card,Delivered
ORD100041,16-Jul-25,CUST1041,South,Chennai,Sports,Dumbbells,2,1394.2,10,2509.56,1431.25,1078.32,Marketplace,Consumer,Debit Card,Delivered
ORD100042,20-Jul-25,CUST1042,Central,Nagpur,Electronics,Bluetooth Speaker,2,1623.06,10,2921.5,1938.43,983.08,Website,Student,Debit Card,Delivered
ORD100043,31-Aug-24,CUST1043,South,Bengaluru,Clothing,Hoodie,4,1662.16,15,5651.33,3379.06,2272.27,Website,Corporate,Credit Card,Delivered
ORD100044,19-May-25,CUST1044,South,Hyderabad,Clothing,Sneakers,4,2573.33,20,8234.65,4760.87,3473.78,Website,Consumer,Debit Card,Delivered
ORD100045,10-May-24,CUST1045,East,Patna,Sports,Dumbbells,3,1422.35,25,3200.28,1986.75,1213.53,Mobile App,Student,UPI,Delivered
ORD100046,29-Apr-25,CUST1046,West,Mumbai,Beauty,Moisturizer,1,721.48,20,0,0,0,Mobile App,Consumer,Cash on Delivery,Cancelled
ORD100047,08-Oct-25,CUST1047,North,Lucknow,Home & Kitchen,Bedsheet,1,858.78,15,729.96,415.87,314.09,Mobile App,Consumer,UPI,Delivered
ORD100048,21-Jan-24,CUST1048,South,Bengaluru,Home & Kitchen,Bedsheet,2,1011.16,20,1617.86,1085.62,532.24,Marketplace,Student,Cash on Delivery,Delivered
ORD100049,15-Jun-24,CUST1049,Central,Bhopal,Beauty,Sunscreen,4,613.62,0,2454.47,1897.41,557.06,Mobile App,Corporate,UPI,Delivered
ORD100050,30-Sep-24,CUST1050,North,Chandigarh,Electronics,Power Bank,2,915.1,15,1555.67,968.15,587.51,Marketplace,Corporate,UPI,Delivered
ORD100051,22-Jan-25,CUST1051,East,Patna,Clothing,Sneakers,5,2756.36,0,13781.78,8703.28,5078.5,Mobile App,Student,UPI,Delivered
ORD100052,23-Aug-25,CUST1052,East,Kolkata,Sports,Gym Bag,5,1034.03,15,4394.64,3466.21,928.43,Website,Corporate,UPI,Delivered
ORD100053,11-Nov-24,CUST1053,East,Kolkata,Beauty,Sunscreen,2,653.37,0,1306.73,948.04,358.7,Website,Consumer,UPI,Delivered
ORD100054,14-Jan-24,CUST1054,West,Mumbai,Home & Kitchen,Cookware Set,3,2381.83,5,6788.21,5195.57,1592.63,Mobile App,Consumer,Credit Card,Delivered
ORD100055,29-Aug-24,CUST1055,South,Coimbatore,Home & Kitchen,Coffee Maker,5,2293.02,5,0,0,0,Website,Consumer,Credit Card,Cancelled
ORD100056,11-Dec-24,CUST1056,East,Kolkata,Clothing,Jeans,3,1537.85,10,4152.2,3401.19,751.01,Mobile App,Consumer,Credit Card,Delivered
ORD100057,18-Jul-25,CUST1057,South,Bengaluru,Home & Kitchen,Coffee Maker,2,1969.04,10,3544.28,2084.18,1460.09,Marketplace,Consumer,UPI,Delivered
ORD100058,05-Dec-24,CUST1058,West,Ahmedabad,Home & Kitchen,Mixer Grinder,3,3088.29,0,9264.88,7501.98,1762.89,Website,Student,Debit Card,Delivered
ORD100059,01-Apr-24,CUST1059,North,Delhi,Clothing,Sneakers,1,2481.54,15,2109.31,1673.88,435.43,Mobile App,Consumer,Credit Card,Delivered
ORD100060,01-Jan-25,CUST1060,East,Bhubaneswar,Beauty,Sunscreen,2,646.06,20,1033.69,722.56,311.13,Website,Corporate,UPI,Delivered
ORD100061,30-Mar-25,CUST1061,North,Jaipur,Sports,Yoga Mat,1,995.92,15,846.53,599.37,247.16,Website,Student,UPI,Delivered
ORD100062,03-Mar-25,CUST1062,South,Coimbatore,Electronics,Wireless Headphones,1,1710.26,15,218.06,165.56,52.49,Mobile App,Corporate,Debit Card,Returned
ORD100063,23-May-25,CUST1063,South,Bengaluru,Clothing,Hoodie,3,1700.4,15,4336.02,2743.97,1592.05,Mobile App,Consumer,Debit Card,Delivered
ORD100064,04-Feb-24,CUST1064,North,Jaipur,Clothing,Hoodie,2,1853.69,20,0,0,0,Marketplace,Student,Credit Card,Cancelled
ORD100065,24-Jul-24,CUST1065,Central,Raipur,Beauty,Moisturizer,1,693.75,10,624.37,495.53,128.84,Mobile App,Consumer,Net Banking,Delivered
ORD100066,21-Mar-24,CUST1066,South,Hyderabad,Electronics,Bluetooth Speaker,1,1655.82,10,0,0,0,Marketplace,Consumer,UPI,Cancelled
ORD100067,15-Jul-25,CUST1067,Central,Indore,Home & Kitchen,Cookware Set,5,2135.6,20,8542.4,6786.87,1755.53,Mobile App,Consumer,Credit Card,Delivered
ORD100068,22-Jan-25,CUST1068,Central,Raipur,Sports,Yoga Mat,3,870.4,5,0,0,0,Website,Corporate,Credit Card,Cancelled
ORD100069,02-Jan-24,CUST1069,East,Kolkata,Clothing,T-Shirt,1,720.37,0,720.37,545.94,174.43,Website,Corporate,Net Banking,Delivered
ORD100070,24-Jan-25,CUST1070,North,Jaipur,Sports,Cricket Bat,5,1816.59,15,7720.49,4381.18,3339.31,Website,Consumer,Credit Card,Delivered
ORD100071,19-Jul-25,CUST1071,South,Coimbatore,Sports,Dumbbells,1,1672.53,5,1588.9,954.45,634.46,Mobile App,Student,Credit Card,Delivered
ORD100072,15-Apr-24,CUST1072,West,Pune,Electronics,Bluetooth Speaker,2,1307.03,10,352.9,282.25,70.64,Mobile App,Consumer,Net Banking,Returned
ORD100073,21-Apr-25,CUST1073,South,Chennai,Electronics,Power Bank,2,970.81,5,1844.54,1076.28,768.26,Marketplace,Consumer,Credit Card,Delivered
ORD100074,03-Dec-25,CUST1074,North,Delhi,Sports,Gym Bag,4,1238.07,15,4209.43,3032.55,1176.87,Website,Consumer,Net Banking,Delivered
ORD100075,05-Feb-25,CUST1075,East,Bhubaneswar,Sports,Dumbbells,3,1474.32,25,497.58,378.82,118.76,Website,Corporate,Debit Card,Returned
ORD100076,30-Dec-25,CUST1076,Central,Nagpur,Electronics,Smart Watch,1,2173.98,0,2173.98,1331.44,842.53,Website,Consumer,UPI,Delivered
ORD100077,09-Jul-25,CUST1077,West,Ahmedabad,Electronics,Bluetooth Speaker,2,1661.49,5,0,0,0,Mobile App,Consumer,UPI,Cancelled
ORD100078,10-Jun-24,CUST1078,North,Chandigarh,Electronics,Keyboard,1,1424.66,5,1353.42,768.35,585.08,Marketplace,Consumer,UPI,Delivered
ORD100079,20-Jul-24,CUST1079,West,Mumbai,Sports,Yoga Mat,2,989.01,15,1681.31,1151.14,530.17,Website,Consumer,UPI,Delivered
ORD100080,26-Sep-24,CUST1080,South,Hyderabad,Electronics,Wireless Headphones,2,2227.28,10,4009.1,2567.01,1442.09,Website,Consumer,Credit Card,Delivered
ORD100081,27-Sep-24,CUST1081,South,Hyderabad,Home & Kitchen,Mixer Grinder,1,2968.67,10,2671.8,1935.32,736.48,Mobile App,Consumer,Cash on Delivery,Delivered
ORD100082,31-Mar-25,CUST1082,Central,Indore,Beauty,Shampoo,1,445.41,0,445.41,351.89,93.52,Website,Consumer,Credit Card,Delivered
ORD100083,06-Apr-25,CUST1083,South,Bengaluru,Electronics,Wireless Headphones,1,1717.62,10,1545.85,902.6,643.26,Website,Corporate,Credit Card,Delivered
ORD100084,27-Dec-25,CUST1084,South,Hyderabad,Home & Kitchen,Water Bottle,2,653.38,5,0,0,0,Mobile App,Consumer,Net Banking,Cancelled
ORD100085,08-Sep-24,CUST1085,North,Jaipur,Clothing,Dress,2,1684.14,10,3031.45,2013.68,1017.77,Website,Consumer,UPI,Delivered
ORD100086,02-Dec-25,CUST1086,Central,Bhopal,Sports,Dumbbells,1,1632.55,5,1550.92,988.6,562.33,Website,Consumer,UPI,Delivered
ORD100087,22-Oct-24,CUST1087,West,Surat,Clothing,Jeans,5,1649.61,10,0,0,0,Mobile App,Consumer,UPI,Cancelled
ORD100088,25-Dec-25,CUST1088,West,Ahmedabad,Beauty,Shampoo,1,501.63,5,476.55,375.42,101.13,Website,Consumer,UPI,Delivered
ORD100089,20-Dec-25,CUST1089,West,Mumbai,Home & Kitchen,Mixer Grinder,2,2919.71,5,0,0,0,Website,Consumer,Debit Card,Cancelled
ORD100090,03-Dec-24,CUST1090,North,Jaipur,Electronics,Bluetooth Speaker,2,1345.73,5,2556.89,1408.25,1148.64,Website,Consumer,Debit Card,Delivered
ORD100091,22-Feb-24,CUST1091,East,Kolkata,Electronics,Keyboard,1,1150.51,15,146.69,109.95,36.74,Website,Consumer,Debit Card,Returned
ORD100092,04-Aug-24,CUST1092,South,Hyderabad,Clothing,Hoodie,1,1678.59,10,1510.73,1081.79,428.94,Mobile App,Corporate,Credit Card,Delivered
ORD100093,06-Jul-24,CUST1093,North,Delhi,Clothing,Hoodie,4,1713.48,20,5483.15,4488.05,995.09,Mobile App,Consumer,Debit Card,Delivered
ORD100094,14-Jan-25,CUST1094,East,Kolkata,Beauty,Sunscreen,2,638.02,5,181.84,104.43,77.41,Website,Consumer,Credit Card,Returned
ORD100095,07-May-25,CUST1095,Central,Bhopal,Beauty,Lipstick,1,449.92,0,449.92,346.02,103.9,Mobile App,Consumer,UPI,Delivered
ORD100096,10-Feb-24,CUST1096,North,Lucknow,Clothing,Sneakers,1,2613.58,5,0,0,0,Website,Corporate,Credit Card,Cancelled
ORD100097,05-Jun-24,CUST1097,South,Hyderabad,Home & Kitchen,Cookware Set,3,2455.6,5,6998.45,5572.66,1425.79,Mobile App,Consumer,Credit Card,Delivered
ORD100098,15-Jan-24,CUST1098,South,Coimbatore,Home & Kitchen,Water Bottle,1,670.82,0,670.82,470.49,200.34,Mobile App,Consumer,Net Banking,Delivered
ORD100099,05-Mar-24,CUST1099,South,Bengaluru,Beauty,Moisturizer,3,740.71,0,0,0,0,Website,Corporate,Net Banking,Cancelled
ORD100100,04-Jun-25,CUST1100,Central,Raipur,Clothing,T-Shirt,1,777.02,10,104.9,75.82,29.08,Website,Consumer,Net Banking,Returned
ORD100101,09-Dec-24,CUST1101,East,Bhubaneswar,Clothing,Sneakers,2,2355.14,15,4003.75,2532.93,1470.82,Marketplace,Corporate,UPI,Delivered
ORD100102,08-May-24,CUST1102,East,Bhubaneswar,Clothing,T-Shirt,1,617.37,15,524.77,347.04,177.73,Mobile App,Corporate,Debit Card,Delivered
ORD100103,09-Oct-25,CUST1103,West,Pune,Home & Kitchen,Water Bottle,3,590.97,5,1684.26,1129.04,555.22,Marketplace,Student,Cash on Delivery,Delivered
ORD100104,16-Apr-25,CUST1104,North,Chandigarh,Clothing,Sneakers,2,2207.98,10,596.15,376.49,219.67,Website,Consumer,Debit Card,Returned
ORD100105,03-Mar-24,CUST1105,East,Bhubaneswar,Clothing,Sneakers,2,2456.42,15,626.39,402.32,224.06,Mobile App,Consumer,Credit Card,Returned
ORD100106,18-May-24,CUST1106,South,Coimbatore,Electronics,Wireless Headphones,1,1844.85,5,1752.6,967.39,785.21,Website,Consumer,Debit Card,Delivered
ORD100107,13-May-25,CUST1107,East,Patna,Beauty,Face Serum,2,785.08,15,1334.64,841.11,493.54,Mobile App,Consumer,Credit Card,Delivered
ORD100108,15-Aug-25,CUST1108,Central,Indore,Electronics,Bluetooth Speaker,1,1658.5,25,1243.87,842.75,401.12,Mobile App,Consumer,Debit Card,Delivered
ORD100109,26-Jan-25,CUST1109,West,Mumbai,Electronics,Smart Watch,1,2319.17,20,1855.34,1107.1,748.23,Marketplace,Consumer,Debit Card,Delivered
ORD100110,05-Nov-25,CUST1110,South,Bengaluru,Clothing,Sneakers,3,2794.45,10,7545.01,5790.86,1754.16,Website,Consumer,Cash on Delivery,Delivered
ORD100111,22-Feb-25,CUST1111,Central,Nagpur,Electronics,Smart Watch,3,2278.89,10,6152.99,4277.33,1875.67,Website,Consumer,Debit Card,Delivered
ORD100112,15-Oct-24,CUST1112,North,Chandigarh,Home & Kitchen,Coffee Maker,1,1992.71,15,1693.8,1294.66,399.15,Mobile App,Consumer,UPI,Delivered
ORD100113,13-Jan-25,CUST1113,North,Jaipur,Clothing,Sneakers,5,2491.74,5,1775.36,1037.85,737.51,Mobile App,Corporate,Net Banking,Returned
ORD100114,04-May-25,CUST1114,South,Chennai,Clothing,T-Shirt,4,753.07,15,2560.44,1975.47,584.96,Mobile App,Student,UPI,Delivered
ORD100115,18-Aug-24,CUST1115,South,Chennai,Home & Kitchen,Bedsheet,2,1051.31,10,0,0,0,Marketplace,Consumer,UPI,Cancelled
ORD100116,10-Feb-24,CUST1116,East,Bhubaneswar,Electronics,Keyboard,2,1357.92,15,0,0,0,Marketplace,Consumer,Credit Card,Cancelled
ORD100117,28-Jan-24,CUST1117,West,Pune,Electronics,Power Bank,4,925.38,5,0,0,0,Website,Student,Debit Card,Cancelled
ORD100118,14-May-24,CUST1118,Central,Raipur,Sports,Cricket Bat,2,1711.3,0,3422.61,2480.17,942.43,Mobile App,Consumer,Debit Card,Delivered
ORD100119,19-Jul-24,CUST1119,East,Kolkata,Clothing,Dress,2,1428.98,10,0,0,0,Mobile App,Consumer,Net Banking,Cancelled
ORD100120,02-Feb-24,CUST1120,East,Patna,Clothing,Jeans,2,1415.59,10,2548.07,1478.81,1069.25,Website,Consumer,UPI,Delivered
ORD100121,17-Feb-24,CUST1121,North,Chandigarh,Electronics,Bluetooth Speaker,1,1667.42,0,1667.42,1334.31,333.11,Website,Consumer,Credit Card,Delivered
ORD100122,17-May-25,CUST1122,North,Chandigarh,Home & Kitchen,Coffee Maker,3,2415.25,10,978.18,664.52,313.66,Website,Consumer,UPI,Returned
ORD100123,10-Feb-25,CUST1123,East,Patna,Home & Kitchen,Water Bottle,2,541.6,0,1083.2,819.32,263.88,Marketplace,Student,Debit Card,Delivered
ORD100124,27-Jul-25,CUST1124,South,Hyderabad,Home & Kitchen,Water Bottle,2,626.5,10,169.16,109.45,59.71,Mobile App,Consumer,UPI,Returned
ORD100125,28-Dec-25,CUST1125,Central,Indore,Beauty,Shampoo,1,502.16,10,451.94,280.48,171.46,Mobile App,Student,Cash on Delivery,Delivered
ORD100126,08-Apr-24,CUST1126,North,Unknown,Electronics,Keyboard,1,1121.63,0,1121.63,650.59,471.04,Mobile App,Consumer,Net Banking,Delivered
ORD100127,14-Nov-25,CUST1127,North,Lucknow,Clothing,Dress,1,1519.63,10,1367.66,853.59,514.08,Website,Corporate,UPI,Delivered
ORD100128,26-Dec-25,CUST1128,East,Kolkata,Beauty,Shampoo,1,489.64,5,0,0,0,Mobile App,Consumer,Debit Card,Cancelled
ORD100129,30-Jun-25,CUST1129,South,Bengaluru,Sports,Cricket Bat,3,2059.46,15,5251.62,3821.34,1430.28,Mobile App,Consumer,Credit Card,Delivered
ORD100130,04-Sep-25,CUST1130,North,Chandigarh,Electronics,Smart Watch,1,2323.13,5,2206.97,1692.2,514.77,Mobile App,Consumer,UPI,Delivered
ORD100131,06-Apr-25,CUST1131,West,Mumbai,Home & Kitchen,Cookware Set,1,2754.23,15,2341.09,1893.47,447.62,Website,Student,UPI,Delivered
ORD100132,04-Oct-25,CUST1132,North,Chandigarh,Electronics,Power Bank,2,971.04,0,0,0,0,Marketplace,Corporate,Debit Card,Cancelled
ORD100133,05-Jan-24,CUST1133,West,Pune,Electronics,Smart Watch,2,2291.84,10,0,0,0,Website,Consumer,UPI,Cancelled
ORD100134,05-Aug-24,CUST1134,South,Coimbatore,Clothing,Sneakers,1,2337.65,10,2103.89,1684.27,419.62,Website,Consumer,UPI,Delivered
ORD100135,17-May-25,CUST1135,North,Delhi,Electronics,Bluetooth Speaker,1,1578.46,0,1578.46,1108.76,469.7,Mobile App,Corporate,Cash on Delivery,Delivered
ORD100136,01-Feb-25,CUST1136,South,Chennai,Beauty,Sunscreen,4,612.7,5,349.24,251.95,97.3,Mobile App,Student,Credit Card,Returned
ORD100137,27-Jan-25,CUST1137,West,Surat,Home & Kitchen,Mixer Grinder,1,3465.23,5,3291.97,2190.68,1101.29,Mobile App,Consumer,Cash on Delivery,Delivered
ORD100138,25-Jul-24,CUST1138,South,Coimbatore,Electronics,Power Bank,3,928,0,2784.01,2143.4,640.61,Mobile App,Consumer,Debit Card,Delivered
ORD100139,15-Jan-24,CUST1139,West,Mumbai,Electronics,Keyboard,1,1218.79,10,1096.91,756.49,340.42,Mobile App,Consumer,UPI,Delivered
ORD100140,07-Jul-25,CUST1140,North,Jaipur,Beauty,Sunscreen,2,573.31,10,1031.96,797.76,234.2,Website,Consumer,UPI,Delivered
ORD100141,05-Apr-25,CUST1141,West,Pune,Electronics,Wireless Headphones,1,1800.94,5,256.63,209.9,46.74,Marketplace,Consumer,UPI,Returned
ORD100142,21-Nov-25,CUST1142,South,Coimbatore,Home & Kitchen,Water Bottle,3,620.91,10,1676.46,1214.79,461.67,Website,Consumer,Net Banking,Delivered
ORD100143,28-Jul-25,CUST1143,West,Surat,Clothing,T-Shirt,1,656.31,25,492.23,341.01,151.22,Website,Consumer,UPI,Delivered
ORD100144,28-Aug-24,CUST1144,East,Guwahati,Home & Kitchen,Cookware Set,1,2344.27,20,1875.42,1216.38,659.04,Website,Consumer,Debit Card,Delivered
ORD100145,17-Jul-25,CUST1145,Central,Indore,Clothing,Dress,1,1475.44,0,221.32,133.36,87.96,Mobile App,Student,Debit Card,Returned
ORD100146,05-Apr-24,CUST1146,South,Coimbatore,Electronics,Power Bank,3,971.29,0,2913.87,2119.25,794.62,Website,Student,UPI,Delivered
ORD100147,29-Apr-25,CUST1147,North,Jaipur,Electronics,Keyboard,3,1374.91,10,3712.24,2104.52,1607.73,Website,Consumer,Debit Card,Delivered
ORD100148,10-Feb-25,CUST1148,North,Lucknow,Electronics,Smart Watch,1,2687.96,5,0,0,0,Mobile App,Consumer,UPI,Cancelled
ORD100149,18-Aug-24,CUST1149,Central,Nagpur,Clothing,Hoodie,1,1919.92,0,287.99,208.75,79.24,Website,Consumer,Credit Card,Returned
ORD100150,16-Oct-25,CUST1150,East,Guwahati,Home & Kitchen,Bedsheet,3,1016.7,5,434.64,351.64,83,Website,Student,UPI,Returned
ORD100151,19-Jun-24,CUST1151,West,Pune,Clothing,T-Shirt,3,647.08,0,1941.23,1210.38,730.84,Website,Consumer,Net Banking,Delivered
ORD100152,24-Jun-25,CUST1152,South,Bengaluru,Electronics,Keyboard,2,1361.89,10,0,0,0,Mobile App,Consumer,Net Banking,Cancelled
ORD100153,05-Feb-24,CUST1153,South,Chennai,Home & Kitchen,Cookware Set,4,2150.71,10,1161.38,830.71,330.68,Marketplace,Consumer,UPI,Returned
ORD100154,08-Jun-25,CUST1154,North,Delhi,Home & Kitchen,Coffee Maker,1,2343.04,0,2343.04,1801.26,541.78,Website,Consumer,Credit Card,Delivered
ORD100155,08-Jun-24,CUST1155,Central,Indore,Sports,Running Shoes,1,3180.92,10,2862.83,1712.86,1149.97,Mobile App,Consumer,Debit Card,Delivered
ORD100156,29-Nov-25,CUST1156,West,Ahmedabad,Home & Kitchen,Coffee Maker,1,2266.95,10,2040.25,1397.64,642.62,Marketplace,Consumer,UPI,Delivered
ORD100157,30-Aug-24,CUST1157,Central,Bhopal,Clothing,Hoodie,2,1576.72,10,425.71,299.54,126.17,Website,Consumer,Debit Card,Returned
ORD100158,26-Mar-24,CUST1158,South,Hyderabad,Home & Kitchen,Cookware Set,1,2797.09,25,2097.81,1376.31,721.5,Marketplace,Consumer,UPI,Delivered
ORD100159,31-Jul-25,CUST1159,West,Mumbai,Sports,Running Shoes,1,3161.64,25,2371.23,1466.3,904.92,Marketplace,Consumer,UPI,Delivered
ORD100160,12-Nov-25,CUST1160,West,Surat,Beauty,Sunscreen,1,627.99,10,0,0,0,Website,Consumer,Cash on Delivery,Cancelled
ORD100161,10-Jul-25,CUST1161,South,Chennai,Clothing,T-Shirt,2,606.23,15,1030.59,590.49,440.1,Website,Consumer,Credit Card,Delivered
ORD100162,27-Jul-25,CUST1162,Central,Bhopal,Electronics,Keyboard,1,1243.99,0,1243.99,735.91,508.07,Marketplace,Consumer,UPI,Delivered
ORD100163,07-Oct-25,CUST1163,Central,Nagpur,Clothing,Dress,1,1396.35,10,1256.72,799.95,456.77,Website,Consumer,Credit Card,Delivered
ORD100164,28-Jan-24,CUST1164,Central,Bhopal,Home & Kitchen,Water Bottle,4,567.54,15,0,0,0,Website,Consumer,Credit Card,Cancelled
ORD100165,11-Sep-25,CUST1165,West,Mumbai,Beauty,Face Serum,1,802.22,10,0,0,0,Mobile App,Corporate,Debit Card,Cancelled
ORD100166,09-Jul-25,CUST1166,South,Hyderabad,Home & Kitchen,Bedsheet,1,1086.21,5,1031.9,671.51,360.38,Website,Consumer,Cash on Delivery,Delivered
ORD100167,05-Dec-24,CUST1167,South,Hyderabad,Electronics,Wireless Headphones,2,1851.86,0,555.56,365.96,189.6,Marketplace,Consumer,Credit Card,Returned
ORD100168,26-Nov-24,CUST1168,Central,Bhopal,Beauty,Sunscreen,3,609.97,5,1738.43,1349.37,389.06,Website,Student,UPI,Delivered
ORD100169,01-Oct-25,CUST1169,North,Jaipur,Beauty,Moisturizer,2,625.22,10,168.81,94.07,74.74,Website,Consumer,Debit Card,Returned
ORD100170,20-May-25,CUST1170,West,Mumbai,Clothing,Jeans,1,1417.41,25,1063.06,587.94,475.12,Mobile App,Student,Cash on Delivery,Delivered
ORD100171,13-Dec-24,CUST1171,West,Mumbai,Home & Kitchen,Coffee Maker,3,2431.55,5,6929.93,3897.69,3032.24,Marketplace,Consumer,UPI,Delivered
ORD100172,17-Apr-25,CUST1172,West,Ahmedabad,Clothing,Sneakers,2,2628.61,20,4205.77,2845.98,1359.79,Marketplace,Consumer,Debit Card,Delivered
ORD100173,18-Aug-24,CUST1173,Central,Bhopal,Sports,Gym Bag,1,1195.84,0,1195.84,845.39,350.46,Mobile App,Consumer,Credit Card,Delivered
ORD100174,08-Jul-24,CUST1174,South,Chennai,Beauty,Face Serum,2,733.45,20,0,0,0,Marketplace,Corporate,Cash on Delivery,Cancelled
ORD100175,12-Aug-24,CUST1175,South,Hyderabad,Home & Kitchen,Bedsheet,2,951.57,15,242.65,181.36,61.29,Mobile App,Consumer,Credit Card,Returned
ORD100176,19-Jan-25,CUST1176,North,Chandigarh,Beauty,Sunscreen,2,534.49,0,1068.98,642.7,426.28,Mobile App,Consumer,Cash on Delivery,Delivered
ORD100177,11-Jan-25,CUST1177,East,Guwahati,Sports,Running Shoes,4,2835.36,5,0,0,0,Website,Corporate,Credit Card,Cancelled
ORD100178,09-Oct-24,CUST1178,South,Hyderabad,Home & Kitchen,Bedsheet,2,889.78,0,1779.56,1095.76,683.8,Marketplace,Corporate,UPI,Delivered
ORD100179,24-Sep-25,CUST1179,South,Chennai,Clothing,T-Shirt,3,744.25,25,1674.56,988.45,686.11,Mobile App,Student,UPI,Delivered
ORD100180,19-Sep-25,CUST1180,Central,Indore,Beauty,Sunscreen,2,522.21,10,939.98,579.02,360.96,Website,Student,Credit Card,Delivered
ORD100181,15-Sep-24,CUST1181,Central,Nagpur,Electronics,Bluetooth Speaker,1,1350.81,15,1148.19,821.74,326.45,Website,Corporate,Credit Card,Delivered
ORD100182,24-Dec-24,CUST1182,North,Lucknow,Clothing,Jeans,2,1553.89,5,2952.38,1915.89,1036.49,Marketplace,Consumer,UPI,Delivered
ORD100183,10-Dec-25,CUST1183,South,Coimbatore,Sports,Gym Bag,1,1311.32,20,1049.06,794.49,254.57,Marketplace,Consumer,Cash on Delivery,Delivered
ORD100184,31-Mar-25,CUST1184,Central,Indore,Beauty,Lipstick,1,554.11,5,526.4,365.76,160.64,Website,Consumer,Cash on Delivery,Delivered
ORD100185,14-Feb-25,CUST1185,North,Lucknow,Clothing,Jeans,3,1612.51,5,4595.66,2790.72,1804.94,Mobile App,Consumer,Cash on Delivery,Delivered
ORD100186,10-Oct-25,CUST1186,North,Delhi,Electronics,Smart Watch,2,2266.84,5,4306.99,2912.36,1394.63,Marketplace,Consumer,Net Banking,Delivered
ORD100187,13-Nov-24,CUST1187,North,Lucknow,Clothing,Dress,1,1482.5,10,1334.25,947.6,386.65,Website,Consumer,Credit Card,Delivered
ORD100188,07-Nov-25,CUST1188,East,Bhubaneswar,Clothing,Jeans,1,1626.57,0,1626.57,1275.02,351.55,Website,Consumer,Debit Card,Delivered
ORD100189,12-Aug-24,CUST1189,North,Delhi,Electronics,Wireless Headphones,1,2179.15,10,1961.23,1520.16,441.07,Mobile App,Student,Cash on Delivery,Delivered
ORD100190,21-Aug-24,CUST1190,Central,Nagpur,Beauty,Face Serum,3,817.36,0,2452.07,1631,821.08,Website,Student,Credit Card,Delivered
ORD100191,14-Nov-25,CUST1191,East,Kolkata,Clothing,Sneakers,1,2335.77,10,0,0,0,Website,Consumer,Credit Card,Cancelled
ORD100192,25-Oct-25,CUST1192,East,Kolkata,Clothing,T-Shirt,2,636.44,10,1145.59,722.19,423.4,Website,Consumer,Credit Card,Delivered
ORD100193,08-Jan-25,CUST1193,South,Coimbatore,Clothing,Jeans,2,1619.09,5,3076.28,2217.72,858.56,Mobile App,Student,Net Banking,Delivered
ORD100194,02-Nov-25,CUST1194,East,Guwahati,Sports,Running Shoes,1,2715.35,5,0,0,0,Website,Consumer,Credit Card,Cancelled
ORD100195,30-Aug-25,CUST1195,West,Ahmedabad,Clothing,Hoodie,1,1850.61,15,1573.02,1130.41,442.61,Website,Consumer,UPI,Delivered
ORD100196,16-Apr-25,CUST1196,West,Pune,Electronics,Wireless Headphones,1,2221.58,0,2221.58,1404.08,817.5,Website,Student,Credit Card,Delivered
ORD100197,20-Aug-24,CUST1197,West,Ahmedabad,Electronics,Keyboard,3,1351.52,5,3851.82,2788.24,1063.58,Website,Consumer,UPI,Delivered
ORD100198,22-Nov-25,CUST1198,East,Guwahati,Home & Kitchen,Water Bottle,3,550.82,15,1404.6,1114.89,289.71,Website,Student,Cash on Delivery,Delivered
ORD100199,22-Apr-24,CUST1199,Central,Raipur,Home & Kitchen,Cookware Set,2,2314.77,0,4629.53,2717.55,1911.98,Website,Consumer,Cash on Delivery,Delivered
ORD100200,11-May-25,CUST1200,West,Surat,Clothing,Hoodie,2,1574.27,10,2833.69,1927.65,906.04,Website,Student,UPI,Delivered
ORD100201,17-Mar-25,CUST1201,West,Surat,Clothing,Dress,1,1655.42,0,0,0,0,Website,Consumer,UPI,Cancelled
ORD100202,17-Jul-25,CUST1202,North,Lucknow,Electronics,Power Bank,1,988.99,0,0,0,0,Website,Consumer,UPI,Cancelled
ORD100203,24-Sep-24,CUST1203,North,Delhi,Home & Kitchen,Mixer Grinder,3,2988.06,15,7619.55,5005.87,2613.69,Mobile App,Consumer,UPI,Delivered
ORD100204,24-May-25,CUST1204,South,Chennai,Home & Kitchen,Bedsheet,3,910.56,5,0,0,0,Marketplace,Consumer,UPI,Cancelled
ORD100205,20-Jan-25,CUST1205,West,Surat,Electronics,Bluetooth Speaker,2,1277.8,5,2427.82,1473.25,954.58,Mobile App,Consumer,Debit Card,Delivered
ORD100206,21-Jan-25,CUST1206,South,Hyderabad,Electronics,Smart Watch,2,2784.32,15,4733.34,3119.17,1614.17,Mobile App,Consumer,UPI,Delivered
ORD100207,22-Apr-24,CUST1207,South,Chennai,Electronics,Wireless Headphones,1,2146.06,0,2146.06,1547.54,598.52,Marketplace,Consumer,UPI,Delivered
ORD100208,04-Sep-25,CUST1208,Central,Indore,Electronics,Bluetooth Speaker,1,1433.68,10,1290.31,718.64,571.68,Website,Student,UPI,Delivered
ORD100209,16-Sep-25,CUST1209,Central,Raipur,Home & Kitchen,Cookware Set,2,2762.51,20,4420.01,3611.55,808.46,Mobile App,Consumer,UPI,Delivered
ORD100210,21-Mar-24,CUST1210,Central,Bhopal,Electronics,Keyboard,4,1341.64,10,724.48,456.36,268.13,Mobile App,Consumer,Credit Card,Returned
ORD100211,29-Nov-25,CUST1211,South,Coimbatore,Clothing,T-Shirt,1,735.97,0,735.97,528.71,207.26,Website,Corporate,Cash on Delivery,Delivered
ORD100212,22-Apr-24,CUST1212,West,Mumbai,Electronics,Wireless Headphones,1,2066.14,10,1859.53,1165.1,694.43,Mobile App,Consumer,UPI,Delivered
ORD100213,02-Jan-24,CUST1213,South,Coimbatore,Sports,Dumbbells,1,1685.9,0,252.89,165.96,86.93,Mobile App,Consumer,Debit Card,Returned
ORD100214,03-Oct-25,CUST1214,South,Bengaluru,Sports,Dumbbells,1,1432.95,5,1361.3,950.59,410.71,Marketplace,Consumer,Cash on Delivery,Delivered
ORD100215,07-Aug-24,CUST1215,North,Jaipur,Electronics,Bluetooth Speaker,2,1501.77,15,2553.01,1825.91,727.1,Marketplace,Consumer,Cash on Delivery,Delivered
ORD100216,19-Jul-25,CUST1216,South,Hyderabad,Clothing,Sneakers,5,2697.25,0,13486.25,10222.9,3263.35,Website,Consumer,UPI,Delivered
ORD100217,12-Aug-24,CUST1217,South,Coimbatore,Electronics,Smart Watch,3,2137.34,0,6412.01,4897.2,1514.81,Website,Consumer,UPI,Delivered
ORD100218,19-Jan-25,CUST1218,Central,Indore,Home & Kitchen,Bedsheet,3,882.45,5,2514.97,1735.46,779.52,Website,Student,UPI,Delivered
ORD100219,06-Feb-25,CUST1219,North,Chandigarh,Electronics,Smart Watch,2,2289.89,25,3434.84,1959.39,1475.45,Website,Corporate,Credit Card,Delivered
ORD100220,29-Sep-25,CUST1220,West,Ahmedabad,Home & Kitchen,Coffee Maker,2,2044.14,5,0,0,0,Mobile App,Corporate,Credit Card,Cancelled
ORD100221,09-May-24,CUST1221,East,Bhubaneswar,Home & Kitchen,Mixer Grinder,5,2966.89,0,0,0,0,Website,Student,Credit Card,Cancelled
ORD100222,22-Feb-24,CUST1222,South,Bengaluru,Sports,Gym Bag,1,1221.26,10,1099.14,668.45,430.69,Marketplace,Consumer,Credit Card,Delivered
ORD100223,14-Nov-25,CUST1223,East,Kolkata,Electronics,Keyboard,4,1207.27,10,4346.18,2402.32,1943.85,Website,Consumer,Debit Card,Delivered
ORD100224,30-Dec-25,CUST1224,South,Chennai,Beauty,Moisturizer,3,623.99,10,0,0,0,Website,Corporate,Debit Card,Cancelled
ORD100225,02-Nov-25,CUST1225,East,Guwahati,Beauty,Moisturizer,1,765.11,20,612.09,379.53,232.55,Marketplace,Consumer,Credit Card,Delivered
ORD100226,10-Dec-25,CUST1226,South,Bengaluru,Electronics,Keyboard,2,1347.92,5,2561.05,1742.5,818.55,Mobile App,Corporate,UPI,Delivered
ORD100227,19-Feb-25,CUST1227,North,Chandigarh,Clothing,Dress,1,1465.38,5,1392.11,1051.92,340.19,Mobile App,Student,UPI,Delivered
ORD100228,03-Sep-24,CUST1228,North,Chandigarh,Electronics,Wireless Headphones,1,1893.97,0,0,0,0,Mobile App,Consumer,UPI,Cancelled
ORD100229,14-Mar-25,CUST1229,East,Bhubaneswar,Clothing,T-Shirt,1,733.96,15,0,0,0,Website,Consumer,UPI,Cancelled
ORD100230,21-Jul-24,CUST1230,Central,Bhopal,Clothing,Dress,3,1700.61,5,727.01,443.3,283.71,Mobile App,Consumer,UPI,Returned
ORD100231,02-Jul-24,CUST1231,South,Hyderabad,Home & Kitchen,Bedsheet,2,896.74,15,1524.46,929.4,595.06,Mobile App,Corporate,Net Banking,Delivered
ORD100232,02-May-24,CUST1232,West,Pune,Clothing,Hoodie,1,1984.07,25,0,0,0,Website,Consumer,Cash on Delivery,Cancelled
ORD100233,04-Feb-25,CUST1233,West,Pune,Sports,Yoga Mat,1,954.76,0,954.76,756.16,198.6,Website,Corporate,Cash on Delivery,Delivered
ORD100234,20-Oct-24,CUST1234,Central,Nagpur,Electronics,Smart Watch,2,2702.27,25,0,0,0,Marketplace,Consumer,Cash on Delivery,Cancelled
ORD100235,06-Oct-24,CUST1235,Central,Bhopal,Sports,Gym Bag,1,1065.72,5,1012.44,740.99,271.44,Website,Consumer,Cash on Delivery,Delivered
ORD100236,01-Sep-25,CUST1236,East,Patna,Electronics,Power Bank,2,887.82,10,1598.08,1226.84,371.24,Mobile App,Corporate,UPI,Delivered
ORD100237,16-Jul-24,CUST1237,West,Ahmedabad,Beauty,Shampoo,2,465.29,15,791,577.86,213.14,Mobile App,Consumer,UPI,Delivered
ORD100238,25-May-25,CUST1238,Central,Raipur,Clothing,Jeans,1,1300.31,15,1105.27,834.5,270.76,Website,Corporate,UPI,Delivered
ORD100239,23-May-24,CUST1239,South,Bengaluru,Electronics,Bluetooth Speaker,1,1311.01,15,167.15,131.02,36.13,Website,Student,Cash on Delivery,Returned
ORD100240,31-Aug-25,CUST1240,South,Hyderabad,Sports,Running Shoes,2,2665.11,10,0,0,0,Marketplace,Consumer,Debit Card,Cancelled
ORD100241,19-Jul-24,CUST1241,North,Lucknow,Clothing,Dress,1,1666.73,20,0,0,0,Mobile App,Consumer,UPI,Cancelled
ORD100242,03-May-24,CUST1242,Central,Indore,Home & Kitchen,Water Bottle,1,514.04,15,65.54,39.86,25.68,Website,Consumer,Net Banking,Returned
ORD100243,05-Jul-24,CUST1243,West,Mumbai,Home & Kitchen,Water Bottle,1,522.61,5,496.48,395.33,101.15,Mobile App,Student,UPI,Delivered
ORD100244,21-Nov-24,CUST1244,North,Delhi,Clothing,T-Shirt,1,772.35,20,617.88,384.24,233.64,Mobile App,Corporate,Credit Card,Delivered
ORD100245,08-Apr-25,CUST1245,East,Kolkata,Home & Kitchen,Coffee Maker,3,1918.82,25,4317.34,2905.2,1412.14,Website,Consumer,Credit Card,Delivered
ORD100246,14-Dec-24,CUST1246,East,Bhubaneswar,Beauty,Moisturizer,2,695.59,10,1252.05,1004.33,247.72,Mobile App,Consumer,UPI,Delivered
ORD100247,21-Oct-25,CUST1247,North,Jaipur,Electronics,Power Bank,2,1022.47,15,1738.2,1007.52,730.68,Mobile App,Corporate,Debit Card,Delivered
ORD100248,06-Feb-25,CUST1248,Central,Nagpur,Home & Kitchen,Water Bottle,1,664.18,15,564.56,424.11,140.45,Website,Consumer,Credit Card,Delivered
ORD100249,11-Dec-24,CUST1249,South,Bengaluru,Sports,Cricket Bat,1,2184.8,15,0,0,0,Mobile App,Consumer,Credit Card,Cancelled
ORD100250,25-May-25,CUST1250,North,Lucknow,Electronics,Bluetooth Speaker,1,1452.51,0,1452.51,808.33,644.18,Marketplace,Consumer,Credit Card,Delivered
ORD100251,26-May-24,CUST1251,East,Patna,Electronics,Smart Watch,3,2759.86,10,1117.74,898.18,219.56,Website,Consumer,Cash on Delivery,Returned
ORD100252,27-May-24,CUST1252,West,Mumbai,Beauty,Sunscreen,1,579.06,25,434.3,252.68,181.62,Website,Corporate,Credit Card,Delivered
ORD100253,11-Dec-25,CUST1253,North,Lucknow,Clothing,Jeans,2,1545.29,5,2936.04,2228.51,707.53,Mobile App,Consumer,UPI,Delivered
ORD100254,03-May-25,CUST1254,West,Pune,Clothing,Hoodie,1,1655.25,15,211.04,137.97,73.07,Website,Corporate,Debit Card,Returned
ORD100255,01-Oct-25,CUST1255,East,Bhubaneswar,Electronics,Wireless Headphones,4,2042.77,10,0,0,0,Marketplace,Consumer,Credit Card,Cancelled
ORD100256,04-Jul-25,CUST1256,North,Jaipur,Home & Kitchen,Bedsheet,4,994.32,5,566.76,426.53,140.23,Mobile App,Consumer,UPI,Returned
ORD100257,03-Dec-24,CUST1257,North,Chandigarh,Electronics,Smart Watch,1,2533.6,0,380.04,274,106.04,Marketplace,Consumer,UPI,Returned
ORD100258,02-Oct-25,CUST1258,East,Guwahati,Clothing,Jeans,2,1550.44,15,2635.75,2118.06,517.69,Mobile App,Consumer,Credit Card,Delivered
ORD100259,17-Apr-25,CUST1259,South,Hyderabad,Beauty,Sunscreen,1,537.2,5,510.34,294.32,216.02,Website,Consumer,Cash on Delivery,Delivered
ORD100260,30-May-24,CUST1260,Central,Nagpur,Clothing,Sneakers,2,2327.42,5,0,0,0,Mobile App,Consumer,UPI,Cancelled
ORD100261,18-Feb-25,CUST1261,West,Mumbai,Home & Kitchen,Mixer Grinder,1,3459.94,10,3113.95,2276.64,837.3,Mobile App,Student,Credit Card,Delivered
ORD100262,24-Oct-24,CUST1262,Central,Bhopal,Sports,Dumbbells,1,1429.88,10,1286.89,817.14,469.75,Marketplace,Student,UPI,Delivered
ORD100263,02-Sep-25,CUST1263,South,Bengaluru,Beauty,Sunscreen,1,564.82,5,536.58,374.22,162.36,Marketplace,Corporate,Cash on Delivery,Delivered
ORD100264,19-Sep-24,CUST1264,Central,Nagpur,Beauty,Lipstick,4,513.94,15,1747.41,1265.21,482.2,Mobile App,Consumer,Credit Card,Delivered
ORD100265,23-May-24,CUST1265,South,Hyderabad,Clothing,T-Shirt,3,771.11,15,0,0,0,Website,Corporate,Cash on Delivery,Cancelled
ORD100266,11-Dec-24,CUST1266,South,Coimbatore,Beauty,Lipstick,1,434.3,0,65.14,39.12,26.02,Mobile App,Consumer,Debit Card,Returned
ORD100267,15-Sep-25,CUST1267,North,Jaipur,Electronics,Wireless Headphones,2,1977.95,10,3560.32,2056.33,1503.98,Website,Consumer,UPI,Delivered
ORD100268,25-Jul-25,CUST1268,North,Chandigarh,Electronics,Smart Watch,1,2179.41,10,1961.47,1132.86,828.61,Website,Corporate,Debit Card,Delivered
ORD100269,02-Jan-24,CUST1269,West,Surat,Electronics,Wireless Headphones,1,1903.78,5,0,0,0,Website,Consumer,Credit Card,Cancelled
ORD100270,30-Oct-24,CUST1270,East,Kolkata,Clothing,T-Shirt,3,627.25,20,1505.4,890.64,614.77,Website,Consumer,UPI,Delivered
ORD100271,10-Sep-24,CUST1271,South,Hyderabad,Beauty,Sunscreen,1,614.18,10,0,0,0,Marketplace,Corporate,Debit Card,Cancelled
ORD100272,13-Oct-25,CUST1272,West,Pune,Clothing,Dress,2,1686.33,0,3372.66,2252.94,1119.72,Website,Consumer,Debit Card,Delivered
ORD100273,28-Mar-25,CUST1273,South,Coimbatore,Home & Kitchen,Water Bottle,1,549.15,5,0,0,0,Mobile App,Consumer,Debit Card,Cancelled
ORD100274,06-Feb-24,CUST1274,East,Patna,Beauty,Moisturizer,1,728.69,10,655.82,487.74,168.09,Mobile App,Corporate,Credit Card,Delivered
ORD100275,08-Jun-24,CUST1275,South,Chennai,Home & Kitchen,Water Bottle,1,581.41,0,87.21,52.81,34.4,Marketplace,Consumer,UPI,Returned
ORD100276,09-Jan-24,CUST1276,Central,Nagpur,Clothing,Dress,4,1481.58,0,0,0,0,Mobile App,Consumer,Cash on Delivery,Cancelled
ORD100277,20-Aug-24,CUST1277,Central,Bhopal,Home & Kitchen,Mixer Grinder,3,3270.36,0,1471.66,1091.2,380.47,Mobile App,Consumer,UPI,Returned
ORD100278,08-Apr-24,CUST1278,East,Patna,Clothing,Sneakers,1,2380.31,10,2142.28,1667.49,474.79,Website,Consumer,Credit Card,Delivered
ORD100279,20-Oct-25,CUST1279,South,Chennai,Electronics,Smart Watch,3,2279.34,5,0,0,0,Marketplace,Student,UPI,Cancelled
ORD100280,26-Jul-24,CUST1280,South,Hyderabad,Sports,Running Shoes,4,3161.99,20,10118.37,7323.92,2794.45,Website,Consumer,Debit Card,Delivered
ORD100281,10-May-24,CUST1281,West,Pune,Electronics,Bluetooth Speaker,1,1596.93,10,1437.24,887.23,550.01,Website,Consumer,Net Banking,Delivered
ORD100282,07-Feb-25,CUST1282,South,Hyderabad,Electronics,Power Bank,1,1065.02,15,135.79,92.82,42.97,Marketplace,Consumer,Credit Card,Returned
ORD100283,31-May-24,CUST1283,South,Chennai,Sports,Yoga Mat,1,856.91,15,728.37,543.18,185.2,Marketplace,Consumer,Credit Card,Delivered
ORD100284,23-Feb-24,CUST1284,North,Delhi,Clothing,Hoodie,1,1611.5,10,1450.35,873.41,576.93,Website,Consumer,Cash on Delivery,Delivered
ORD100285,29-Apr-24,CUST1285,East,Patna,Home & Kitchen,Bedsheet,2,1075.83,15,1828.92,1241.23,587.69,Mobile App,Consumer,Debit Card,Delivered
ORD100286,03-Nov-25,CUST1286,East,Kolkata,Clothing,Jeans,1,1407.41,10,1266.67,736.69,529.98,Website,Consumer,Net Banking,Delivered
ORD100287,19-Sep-25,CUST1287,Central,Raipur,Clothing,Dress,1,1682.11,5,0,0,0,Mobile App,Consumer,UPI,Cancelled
ORD100288,09-Aug-25,CUST1288,South,Chennai,Clothing,T-Shirt,1,748.43,10,673.58,474.78,198.81,Mobile App,Student,Credit Card,Delivered
ORD100289,16-Sep-25,CUST1289,South,Chennai,Clothing,Sneakers,1,2642.45,15,2246.08,1560.02,686.06,Website,Corporate,Credit Card,Delivered
ORD100290,23-Feb-25,CUST1290,West,Ahmedabad,Clothing,Hoodie,2,1718.49,10,0,0,0,Marketplace,Consumer,Credit Card,Cancelled
ORD100291,25-Feb-25,CUST1291,Central,Bhopal,Beauty,Face Serum,2,881.51,5,1674.87,1186.83,488.03,Website,Consumer,Cash on Delivery,Delivered
ORD100292,13-Apr-24,CUST1292,South,Bengaluru,Home & Kitchen,Coffee Maker,1,2261.11,0,0,0,0,Marketplace,Student,UPI,Cancelled
ORD100293,10-Sep-24,CUST1293,East,Bhubaneswar,Sports,Dumbbells,1,1607.72,10,1446.95,1039.03,407.92,Marketplace,Consumer,Cash on Delivery,Delivered
ORD100294,14-Aug-24,CUST1294,South,Bengaluru,Electronics,Bluetooth Speaker,1,1556.61,5,1478.78,1113.81,364.97,Website,Consumer,Credit Card,Delivered
ORD100295,21-Apr-24,CUST1295,Central,Bhopal,Home & Kitchen,Coffee Maker,4,1895.71,25,853.07,513.44,339.63,Mobile App,Consumer,Credit Card,Returned
ORD100296,24-May-25,CUST1296,North,Jaipur,Home & Kitchen,Coffee Maker,1,2101.01,10,1890.91,1310.6,580.31,Website,Student,Credit Card,Delivered
ORD100297,17-Apr-25,CUST1297,Central,Bhopal,Sports,Running Shoes,1,3262.7,0,3262.7,1801.1,1461.6,Website,Consumer,Credit Card,Delivered
ORD100298,08-Apr-24,CUST1298,West,Ahmedabad,Electronics,Wireless Headphones,1,1786.09,0,0,0,0,Marketplace,Consumer,Cash on Delivery,Cancelled
ORD100299,01-Jun-24,CUST1299,East,Guwahati,Home & Kitchen,Mixer Grinder,1,3173.27,5,452.19,288.08,164.11,Website,Corporate,Credit Card,Returned
ORD100300,03-Dec-24,CUST1300,North,Jaipur,Sports,Yoga Mat,1,862.52,0,862.52,583.05,279.47,Website,Student,Debit Card,Delivered
ORD100301,06-Dec-25,CUST1301,East,Guwahati,Electronics,Keyboard,2,1229.02,20,1966.44,1387.17,579.27,Marketplace,Consumer,Credit Card,Delivered
ORD100302,11-Jun-24,CUST1302,South,Hyderabad,Sports,Dumbbells,3,1601.93,20,3844.64,3036.35,808.29,Website,Consumer,UPI,Delivered
ORD100303,20-Dec-25,CUST1303,North,Jaipur,Electronics,Wireless Headphones,1,2236.83,25,1677.62,1272.26,405.36,Mobile App,Student,Credit Card,Delivered
ORD100304,11-Nov-25,CUST1304,West,Surat,Beauty,Lipstick,2,458.62,15,779.65,491.96,287.7,Mobile App,Consumer,Debit Card,Delivered
ORD100305,09-Jun-24,CUST1305,Central,Raipur,Sports,Dumbbells,2,1663.5,10,2994.3,2247.94,746.36,Mobile App,Corporate,Cash on Delivery,Delivered
ORD100306,02-Aug-25,CUST1306,East,Guwahati,Home & Kitchen,Mixer Grinder,1,3479.32,20,2783.46,1943.79,839.67,Marketplace,Consumer,Debit Card,Delivered
ORD100307,01-Feb-25,CUST1307,West,Surat,Clothing,Jeans,1,1510.71,20,1208.57,918.97,289.6,Website,Corporate,UPI,Delivered
ORD100308,03-Oct-24,CUST1308,North,Jaipur,Electronics,Power Bank,1,875.44,20,0,0,0,Mobile App,Consumer,Credit Card,Cancelled
ORD100309,18-May-25,CUST1309,South,Chennai,Sports,Yoga Mat,3,903.08,20,2167.4,1245.84,921.55,Marketplace,Consumer,UPI,Delivered
ORD100310,26-Jan-25,CUST1310,North,Chandigarh,Clothing,Sneakers,3,2767.48,15,7057.08,5059.87,1997.21,Marketplace,Consumer,Debit Card,Delivered
ORD100311,14-May-24,CUST1311,West,Pune,Electronics,Wireless Headphones,1,1883.77,0,0,0,0,Mobile App,Consumer,Credit Card,Cancelled
ORD100312,13-Jul-24,CUST1312,Central,Indore,Beauty,Sunscreen,1,612.61,10,551.35,445.2,106.15,Mobile App,Consumer,Debit Card,Delivered
ORD100313,04-Feb-25,CUST1313,West,Pune,Home & Kitchen,Cookware Set,3,2771.48,10,7483.01,4443.22,3039.78,Mobile App,Corporate,UPI,Delivered
ORD100314,01-Oct-25,CUST1314,North,Jaipur,Electronics,Keyboard,2,1384.03,10,373.69,271.73,101.96,Marketplace,Student,UPI,Returned
ORD100315,02-Feb-24,CUST1315,South,Bengaluru,Electronics,Smart Watch,2,2588.57,15,4400.57,2983.59,1416.98,Mobile App,Consumer,Cash on Delivery,Delivered
ORD100316,18-Nov-25,CUST1316,East,Kolkata,Electronics,Power Bank,1,1111.1,15,944.43,616.06,328.37,Website,Consumer,UPI,Delivered
ORD100317,04-Apr-25,CUST1317,South,Chennai,Home & Kitchen,Cookware Set,4,2239.25,10,8061.29,6163.12,1898.17,Website,Student,UPI,Delivered
ORD100318,14-Apr-25,CUST1318,Central,Raipur,Home & Kitchen,Coffee Maker,3,2327.95,0,1047.58,805.46,242.12,Mobile App,Corporate,Debit Card,Returned
ORD100319,09-Jan-25,CUST1319,West,Pune,Home & Kitchen,Coffee Maker,1,2110.7,5,2005.17,1489.72,515.44,Mobile App,Consumer,UPI,Delivered
ORD100320,22-Jan-24,CUST1320,West,Ahmedabad,Beauty,Sunscreen,2,567.44,5,161.72,92.6,69.12,Mobile App,Consumer,UPI,Returned
ORD100321,31-Oct-25,CUST1321,South,Coimbatore,Sports,Dumbbells,1,1583.94,5,1504.74,967.82,536.92,Mobile App,Consumer,Debit Card,Delivered
ORD100322,07-Feb-24,CUST1322,South,Hyderabad,Home & Kitchen,Water Bottle,1,514.61,10,69.47,39.09,30.39,Website,Consumer,Net Banking,Returned
ORD100323,17-Aug-24,CUST1323,North,Delhi,Electronics,Wireless Headphones,2,1867.83,0,560.35,360.19,200.16,Website,Consumer,Debit Card,Returned
ORD100324,30-Dec-24,CUST1324,South,Hyderabad,Beauty,Moisturizer,1,625.52,0,0,0,0,Mobile App,Consumer,UPI,Cancelled
ORD100325,16-Jul-25,CUST1325,South,Hyderabad,Clothing,T-Shirt,2,620.33,10,1116.59,770.5,346.08,Website,Consumer,Cash on Delivery,Delivered
ORD100326,13-Mar-25,CUST1326,West,Surat,Home & Kitchen,Coffee Maker,1,2069.44,15,1759.02,1301.31,457.71,Marketplace,Consumer,Credit Card,Delivered
ORD100327,09-Oct-24,CUST1327,West,Surat,Home & Kitchen,Water Bottle,2,638.9,0,1277.8,893.05,384.75,Website,Corporate,Debit Card,Delivered
ORD100328,27-Jan-24,CUST1328,North,Chandigarh,Clothing,Dress,1,1445.98,15,0,0,0,Mobile App,Student,UPI,Cancelled
ORD100329,13-Aug-24,CUST1329,South,Hyderabad,Sports,Dumbbells,3,1588.58,5,4527.45,3114.71,1412.74,Website,Corporate,UPI,Delivered
ORD100330,03-Oct-24,CUST1330,North,Chandigarh,Electronics,Smart Watch,1,2629.29,0,0,0,0,Website,Consumer,Cash on Delivery,Cancelled
ORD100331,31-Aug-25,CUST1331,North,Delhi,Home & Kitchen,Cookware Set,1,2286.74,10,2058.07,1380.08,677.98,Website,Consumer,Cash on Delivery,Delivered
ORD100332,10-Oct-24,CUST1332,Central,Bhopal,Electronics,Bluetooth Speaker,1,1648.2,25,185.42,107.61,77.81,Mobile App,Corporate,UPI,Returned
ORD100333,25-Apr-25,CUST1333,North,Jaipur,Sports,Running Shoes,1,3250.78,10,2925.7,2268.35,657.35,Mobile App,Consumer,UPI,Delivered
ORD100334,28-Mar-25,CUST1334,South,Coimbatore,Electronics,Bluetooth Speaker,1,1375.81,15,1169.44,923.96,245.48,Website,Corporate,Net Banking,Delivered
ORD100335,20-Oct-25,CUST1335,North,Lucknow,Electronics,Wireless Headphones,1,2233.29,15,1898.29,1436.81,461.49,Website,Consumer,UPI,Delivered
ORD100336,30-May-25,CUST1336,Central,Nagpur,Clothing,Jeans,5,1544.98,15,0,0,0,Mobile App,Corporate,UPI,Cancelled
ORD100337,30-Jun-25,CUST1337,East,Kolkata,Clothing,Sneakers,1,2317.19,0,347.58,244.58,103,Mobile App,Consumer,UPI,Returned
ORD100338,10-Jul-24,CUST1338,South,Chennai,Electronics,Power Bank,3,1032.85,15,395.06,267.45,127.61,Website,Consumer,UPI,Returned
ORD100339,18-Feb-24,CUST1339,East,Patna,Home & Kitchen,Coffee Maker,2,2264.72,20,3623.55,2219.3,1404.26,Marketplace,Consumer,UPI,Delivered
ORD100340,26-May-25,CUST1340,West,Mumbai,Clothing,Hoodie,1,1823.6,15,1550.06,1013.16,536.9,Website,Corporate,Net Banking,Delivered
ORD100341,17-Jan-24,CUST1341,Central,Nagpur,Electronics,Keyboard,2,1353.76,15,2301.4,1880.87,420.52,Marketplace,Consumer,UPI,Delivered
ORD100342,20-Jun-24,CUST1342,South,Coimbatore,Clothing,Jeans,3,1382.75,10,3733.41,2200.35,1533.06,Website,Consumer,UPI,Delivered
ORD100343,07-Aug-24,CUST1343,Central,Bhopal,Beauty,Moisturizer,1,778.91,5,0,0,0,Mobile App,Corporate,Credit Card,Cancelled
ORD100344,06-Jun-24,CUST1344,Central,Bhopal,Beauty,Face Serum,3,864.22,15,330.57,259.15,71.41,Website,Consumer,Credit Card,Returned
ORD100345,21-Apr-25,CUST1345,Central,Nagpur,Beauty,Moisturizer,1,734.89,10,0,0,0,Mobile App,Student,Credit Card,Cancelled
ORD100346,15-Feb-24,CUST1346,West,Surat,Beauty,Lipstick,2,427.69,20,0,0,0,Mobile App,Student,Cash on Delivery,Cancelled
ORD100347,07-Jan-25,CUST1347,West,Surat,Clothing,Sneakers,1,2522.5,25,1891.88,1463.37,428.5,Website,Consumer,UPI,Delivered
ORD100348,01-Jun-25,CUST1348,South,Coimbatore,Electronics,Keyboard,1,1351.94,15,0,0,0,Website,Consumer,Net Banking,Cancelled
ORD100349,08-Apr-24,CUST1349,West,Mumbai,Clothing,Jeans,2,1619.83,25,2429.74,1816.23,613.52,Website,Consumer,Debit Card,Delivered
ORD100350,06-Feb-24,CUST1350,East,Kolkata,Beauty,Moisturizer,1,772.72,5,734.08,472.58,261.51,Mobile App,Corporate,Debit Card,Delivered
ORD100351,06-Oct-24,CUST1351,West,Ahmedabad,Sports,Dumbbells,1,1754.55,0,1403.64,1049.81,353.84,Marketplace,Student,UPI,Delivered
ORD100352,14-Dec-24,CUST1352,South,Hyderabad,Home & Kitchen,Bedsheet,1,958.67,5,136.61,76.65,59.96,Website,Consumer,UPI,Returned
ORD100353,11-May-25,CUST1353,West,Surat,Electronics,Power Bank,2,1090.96,0,327.29,193.52,133.77,Mobile App,Consumer,UPI,Returned
ORD100354,28-Oct-24,CUST1354,Central,Indore,Electronics,Power Bank,2,849.35,10,1528.83,1103.92,424.91,Website,Consumer,Debit Card,Delivered
ORD100355,29-Jun-24,CUST1355,North,Chandigarh,Clothing,T-Shirt,1,660.48,10,89.17,59.85,29.32,Website,Consumer,UPI,Returned
ORD100356,29-Aug-25,CUST1356,Central,Raipur,Home & Kitchen,Cookware Set,1,2200.99,20,1760.79,1362.24,398.55,Website,Consumer,Credit Card,Delivered
ORD100357,08-Apr-24,CUST1357,East,Guwahati,Electronics,Wireless Headphones,3,2175.77,10,881.19,566.02,315.17,Website,Student,Debit Card,Returned
ORD100358,30-Nov-25,CUST1358,Central,Nagpur,Sports,Yoga Mat,3,989.4,20,2374.56,1797.89,576.67,Website,Corporate,Credit Card,Delivered
ORD100359,25-Apr-24,CUST1359,South,Hyderabad,Clothing,T-Shirt,1,642.47,0,96.37,56.62,39.75,Marketplace,Corporate,UPI,Returned
ORD100360,09-Jul-24,CUST1360,South,Coimbatore,Sports,Yoga Mat,1,853.31,15,725.31,581.08,144.24,Marketplace,Consumer,UPI,Delivered
ORD100361,09-Sep-24,CUST1361,Central,Raipur,Beauty,Sunscreen,1,668.27,15,568.03,376.59,191.44,Marketplace,Consumer,Cash on Delivery,Delivered
ORD100362,09-Jun-24,CUST1362,South,Coimbatore,Beauty,Shampoo,3,500.42,15,0,0,0,Marketplace,Consumer,UPI,Cancelled
ORD100363,12-Sep-24,CUST1363,Central,Nagpur,Home & Kitchen,Mixer Grinder,3,3246.89,5,9253.64,7061.19,2192.46,Mobile App,Student,UPI,Delivered
ORD100364,18-Nov-24,CUST1364,East,Patna,Home & Kitchen,Bedsheet,1,984.13,15,836.51,674.17,162.34,Website,Consumer,UPI,Delivered
ORD100365,07-May-24,CUST1365,East,Bhubaneswar,Home & Kitchen,Mixer Grinder,3,3424.27,10,0,0,0,Mobile App,Consumer,Debit Card,Cancelled
ORD100366,18-Jan-24,CUST1366,South,Bengaluru,Home & Kitchen,Bedsheet,1,1106.62,15,940.63,577.77,362.85,Mobile App,Corporate,UPI,Delivered
ORD100367,19-Jul-25,CUST1367,East,Kolkata,Home & Kitchen,Cookware Set,1,2371.52,10,2134.37,1561.17,573.2,Mobile App,Corporate,Credit Card,Delivered
ORD100368,23-Jul-25,CUST1368,South,Chennai,Sports,Cricket Bat,4,1792.34,0,7169.35,5001.71,2167.64,Mobile App,Consumer,Debit Card,Delivered
ORD100369,18-Nov-24,CUST1369,North,Delhi,Beauty,Shampoo,3,449.08,0,0,0,0,Mobile App,Consumer,Credit Card,Cancelled
ORD100370,16-Nov-25,CUST1370,South,Chennai,Beauty,Face Serum,3,683.54,5,1948.09,1327.57,620.52,Mobile App,Corporate,Debit Card,Delivered
ORD100371,17-Sep-25,CUST1371,North,Delhi,Sports,Running Shoes,1,2998.88,20,2399.11,1623.8,775.3,Website,Student,Debit Card,Delivered
ORD100372,14-Oct-24,CUST1372,Central,Nagpur,Electronics,Bluetooth Speaker,1,1650.19,10,1485.17,1170.81,314.37,Mobile App,Consumer,Credit Card,Delivered
ORD100373,24-Oct-25,CUST1373,Central,Indore,Electronics,Keyboard,3,1354.25,15,3453.33,2711.69,741.64,Website,Consumer,UPI,Delivered
ORD100374,30-Sep-25,CUST1374,South,Bengaluru,Home & Kitchen,Coffee Maker,2,2458.7,10,4425.67,3375.24,1050.43,Website,Consumer,UPI,Delivered
ORD100375,03-Jun-24,CUST1375,West,Surat,Home & Kitchen,Water Bottle,1,656.25,25,492.19,364.38,127.81,Marketplace,Consumer,Debit Card,Delivered
ORD100376,04-May-25,CUST1376,South,Chennai,Beauty,Shampoo,1,490.42,5,69.88,51.24,18.65,Mobile App,Student,UPI,Returned
ORD100377,20-Jan-25,CUST1377,West,Mumbai,Clothing,T-Shirt,3,685.98,0,2057.93,1163.08,894.85,Marketplace,Consumer,Credit Card,Delivered
ORD100378,13-Apr-24,CUST1378,West,Ahmedabad,Home & Kitchen,Water Bottle,4,610.77,15,2076.63,1562.41,514.23,Mobile App,Consumer,UPI,Delivered
ORD100379,27-Jan-25,CUST1379,Central,Raipur,Home & Kitchen,Bedsheet,2,879.07,15,224.16,161.91,62.25,Website,Corporate,UPI,Returned
ORD100380,02-Sep-24,CUST1380,South,Bengaluru,Electronics,Smart Watch,2,2534.17,10,4561.51,2881.28,1680.23,Marketplace,Consumer,UPI,Delivered
ORD100381,24-Jun-24,CUST1381,West,Pune,Home & Kitchen,Mixer Grinder,1,3217.51,5,0,0,0,Website,Consumer,UPI,Cancelled
ORD100382,08-Feb-24,CUST1382,South,Chennai,Beauty,Lipstick,2,510.75,5,970.42,751.84,218.58,Marketplace,Consumer,UPI,Delivered
ORD100383,21-Apr-25,CUST1383,Central,Nagpur,Electronics,Bluetooth Speaker,2,1502.91,10,2705.23,2168.76,536.47,Mobile App,Corporate,Credit Card,Delivered
ORD100384,12-Nov-25,CUST1384,North,Jaipur,Home & Kitchen,Mixer Grinder,1,3080.63,15,2618.53,1735.97,882.56,Marketplace,Student,Debit Card,Delivered
ORD100385,21-Jun-25,CUST1385,West,Mumbai,Home & Kitchen,Mixer Grinder,3,3345.5,10,1354.93,946.87,408.05,Marketplace,Consumer,UPI,Returned
ORD100386,11-Feb-25,CUST1386,West,Mumbai,Electronics,Power Bank,4,947.88,10,511.85,406.72,105.13,Website,Consumer,Credit Card,Returned
ORD100387,08-Jun-25,CUST1387,West,Mumbai,Electronics,Wireless Headphones,1,1804.19,10,243.57,154.8,88.77,Marketplace,Consumer,UPI,Returned
ORD100388,20-May-25,CUST1388,North,Chandigarh,Sports,Dumbbells,3,1650.6,0,4951.8,3788.59,1163.21,Mobile App,Consumer,UPI,Delivered
ORD100389,05-Feb-24,CUST1389,Central,Nagpur,Clothing,Jeans,2,1398.14,15,2376.83,1943.85,432.99,Website,Consumer,UPI,Delivered
ORD100390,15-Nov-25,CUST1390,North,Delhi,Electronics,Power Bank,2,1088.95,15,1851.21,1344.02,507.19,Marketplace,Consumer,UPI,Delivered
ORD100391,20-Jan-24,CUST1391,West,Mumbai,Electronics,Bluetooth Speaker,3,1354.83,0,609.67,497.25,112.42,Marketplace,Consumer,Debit Card,Returned
ORD100392,16-Nov-24,CUST1392,South,Coimbatore,Home & Kitchen,Bedsheet,1,1011.03,5,960.48,662.03,298.45,Website,Corporate,Credit Card,Delivered
ORD100393,26-May-25,CUST1393,South,Bengaluru,Home & Kitchen,Bedsheet,3,1003.31,0,3009.94,1779.85,1230.09,Marketplace,Consumer,Debit Card,Delivered
ORD100394,03-Feb-25,CUST1394,East,Bhubaneswar,Home & Kitchen,Water Bottle,1,541.13,25,60.88,36.37,24.51,Mobile App,Consumer,Credit Card,Returned
ORD100395,15-Oct-25,CUST1395,South,Bengaluru,Electronics,Keyboard,3,1258.43,10,3397.77,2539.73,858.03,Website,Consumer,Cash on Delivery,Delivered
ORD100396,15-Apr-25,CUST1396,North,Delhi,Sports,Running Shoes,1,3096.15,10,2786.54,1533.28,1253.26,Mobile App,Consumer,UPI,Delivered
ORD100397,22-May-24,CUST1397,North,Chandigarh,Clothing,Hoodie,1,1683.87,10,1515.48,1104.35,411.14,Mobile App,Consumer,Cash on Delivery,Delivered
ORD100398,01-Apr-24,CUST1398,South,Coimbatore,Clothing,Dress,1,1408.29,25,1056.22,624.06,432.16,Mobile App,Student,Credit Card,Delivered
ORD100399,19-Dec-24,CUST1399,West,Surat,Clothing,Dress,1,1624.77,15,1381.05,1126.63,254.42,Mobile App,Consumer,Debit Card,Delivered
ORD100400,27-Dec-25,CUST1400,Central,Raipur,Clothing,Dress,1,1455.91,0,1455.91,864.88,591.03,Marketplace,Consumer,UPI,Delivered
ORD100401,20-Feb-24,CUST1401,North,Chandigarh,Sports,Running Shoes,1,3100.96,10,418.63,292.69,125.94,Marketplace,Consumer,Credit Card,Returned
ORD100402,26-Oct-25,CUST1402,South,Bengaluru,Sports,Running Shoes,3,3228.89,15,8233.67,6016.76,2216.91,Website,Consumer,Debit Card,Delivered
ORD100403,28-Nov-25,CUST1403,North,Lucknow,Clothing,Hoodie,3,1589.07,10,643.57,496.36,147.21,Website,Consumer,Credit Card,Returned
ORD100404,28-Jul-25,CUST1404,North,Chandigarh,Sports,Cricket Bat,4,1935.34,5,7354.29,4956.8,2397.49,Website,Student,Credit Card,Delivered
ORD100405,08-Jul-24,CUST1405,West,Mumbai,Beauty,Shampoo,3,484.09,25,1089.21,873.69,215.53,Mobile App,Consumer,Cash on Delivery,Delivered
ORD100406,04-May-24,CUST1406,West,Mumbai,Sports,Gym Bag,3,1223.92,20,2937.41,1996.46,940.95,Marketplace,Consumer,UPI,Delivered
ORD100407,29-May-24,CUST1407,North,Chandigarh,Electronics,Keyboard,1,1221.44,20,977.15,603.93,373.22,Website,Consumer,Credit Card,Delivered
ORD100408,09-Nov-24,CUST1408,South,Coimbatore,Home & Kitchen,Mixer Grinder,3,3176.98,0,0,0,0,Website,Corporate,Cash on Delivery,Cancelled
ORD100409,23-Jul-25,CUST1409,North,Jaipur,Clothing,Hoodie,3,1534.97,5,0,0,0,Marketplace,Consumer,Cash on Delivery,Cancelled
ORD100410,07-Dec-24,CUST1410,Central,Nagpur,Beauty,Lipstick,1,440.64,10,396.58,272.45,124.13,Mobile App,Consumer,UPI,Delivered
ORD100411,31-Oct-24,CUST1411,Central,Indore,Electronics,Keyboard,2,1304.02,15,2216.83,1658.1,558.73,Website,Consumer,Cash on Delivery,Delivered
ORD100412,22-Nov-25,CUST1412,North,Delhi,Home & Kitchen,Cookware Set,1,2269.82,15,0,0,0,Website,Consumer,UPI,Cancelled
ORD100413,12-Nov-25,CUST1413,South,Hyderabad,Clothing,T-Shirt,4,621.44,15,2112.88,1164.56,948.32,Marketplace,Consumer,Cash on Delivery,Delivered
ORD100414,23-Feb-24,CUST1414,Central,Indore,Clothing,Hoodie,2,1686.73,20,2698.76,1677.08,1021.68,Mobile App,Consumer,UPI,Delivered
ORD100415,19-Mar-25,CUST1415,Central,Raipur,Home & Kitchen,Coffee Maker,4,1966.25,15,6685.24,5384.25,1300.98,Mobile App,Consumer,Credit Card,Delivered
ORD100416,04-Sep-25,CUST1416,South,Coimbatore,Sports,Dumbbells,1,1384.89,5,1315.65,994.72,320.93,Mobile App,Consumer,UPI,Delivered
ORD100417,20-Sep-24,CUST1417,North,Lucknow,Home & Kitchen,Bedsheet,1,925.72,5,131.91,79.3,52.61,Mobile App,Consumer,Debit Card,Returned
ORD100418,22-Feb-24,CUST1418,North,Delhi,Sports,Cricket Bat,5,1787.86,5,8492.33,4823.61,3668.72,Mobile App,Corporate,Credit Card,Delivered
ORD100419,25-Jul-25,CUST1419,East,Patna,Clothing,Hoodie,1,1917.44,5,1821.57,1174.39,647.18,Website,Student,Cash on Delivery,Delivered
ORD100420,11-Sep-25,CUST1420,South,Hyderabad,Home & Kitchen,Cookware Set,1,2166.43,5,2058.11,1596.68,461.42,Mobile App,Student,Credit Card,Delivered
ORD100421,05-Jan-24,CUST1421,North,Delhi,Clothing,Sneakers,2,2628.47,15,4468.4,2585.48,1882.92,Marketplace,Consumer,Cash on Delivery,Delivered
ORD100422,12-Apr-24,CUST1422,East,Kolkata,Electronics,Keyboard,3,1238.41,0,3715.22,2588.42,1126.81,Marketplace,Corporate,Credit Card,Delivered
ORD100423,14-Jul-24,CUST1423,North,Lucknow,Home & Kitchen,Coffee Maker,1,2270.11,15,1929.59,1204.55,725.04,Mobile App,Corporate,Debit Card,Delivered
ORD100424,15-Dec-24,CUST1424,West,Pune,Home & Kitchen,Cookware Set,1,2159.7,15,1835.75,1369.63,466.12,Mobile App,Consumer,Debit Card,Delivered
ORD100425,16-Feb-24,CUST1425,South,Bengaluru,Home & Kitchen,Mixer Grinder,2,3624.25,0,7248.5,3987.48,3261.02,Website,Consumer,UPI,Delivered
ORD100426,17-Oct-25,CUST1426,North,Chandigarh,Beauty,Face Serum,1,844.7,0,0,0,0,Website,Consumer,Credit Card,Cancelled
ORD100427,25-Sep-24,CUST1427,East,Bhubaneswar,Home & Kitchen,Coffee Maker,1,1952.36,5,1854.74,1360.26,494.48,Marketplace,Student,Cash on Delivery,Delivered
ORD100428,04-Jan-25,CUST1428,South,Bengaluru,Electronics,Power Bank,3,908.16,5,388.24,270.84,117.39,Website,Consumer,Cash on Delivery,Returned
ORD100429,27-Sep-25,CUST1429,Central,Nagpur,Electronics,Smart Watch,2,2558.67,10,4605.61,3501.62,1103.99,Website,Consumer,UPI,Delivered
ORD100430,15-Apr-24,CUST1430,East,Bhubaneswar,Home & Kitchen,Water Bottle,3,658.19,15,1678.4,994.57,683.82,Mobile App,Corporate,UPI,Delivered
ORD100431,31-Oct-25,CUST1431,South,Coimbatore,Clothing,T-Shirt,1,678.29,10,610.46,423.27,187.19,Mobile App,Corporate,Debit Card,Delivered
ORD100432,20-Oct-25,CUST1432,West,Pune,Electronics,Bluetooth Speaker,2,1470.7,5,2794.33,1684.58,1109.75,Mobile App,Consumer,Debit Card,Delivered
ORD100433,18-Oct-25,CUST1433,South,Bengaluru,Clothing,T-Shirt,5,639.03,10,0,0,0,Mobile App,Consumer,UPI,Cancelled
ORD100434,29-Apr-24,CUST1434,Central,Indore,Home & Kitchen,Cookware Set,2,2382.58,10,4288.64,2510.84,1777.8,Mobile App,Consumer,UPI,Delivered
ORD100435,26-Aug-25,CUST1435,South,Coimbatore,Clothing,Jeans,1,1389.91,0,1389.91,820.25,569.66,Website,Student,Debit Card,Delivered
ORD100436,27-Feb-24,CUST1436,East,Bhubaneswar,Beauty,Face Serum,5,754.78,5,3585.2,2289.56,1295.64,Marketplace,Consumer,Credit Card,Delivered
ORD100437,11-Dec-24,CUST1437,North,Delhi,Home & Kitchen,Bedsheet,2,854.71,20,1367.53,900.54,466.99,Marketplace,Consumer,Debit Card,Delivered
ORD100438,18-Apr-25,CUST1438,South,Hyderabad,Clothing,Hoodie,3,1549.09,5,4414.92,3022.5,1392.42,Website,Consumer,Cash on Delivery,Delivered
ORD100439,26-Apr-24,CUST1439,Central,Indore,Beauty,Sunscreen,1,619.24,15,526.35,372.02,154.33,Mobile App,Consumer,Debit Card,Delivered
ORD100440,06-May-24,CUST1440,West,Surat,Home & Kitchen,Coffee Maker,2,2273.95,5,4320.51,2923.17,1397.34,Website,Student,Cash on Delivery,Delivered
ORD100441,27-Jan-25,CUST1441,South,Coimbatore,Home & Kitchen,Mixer Grinder,4,3098.3,0,1858.98,1045.34,813.63,Mobile App,Consumer,Credit Card,Returned
ORD100442,02-Oct-25,CUST1442,South,Coimbatore,Home & Kitchen,Cookware Set,2,2721.6,10,734.83,472.3,262.53,Mobile App,Consumer,UPI,Returned
ORD100443,27-Feb-24,CUST1443,West,Mumbai,Electronics,Keyboard,1,1197.48,20,957.99,542.77,415.22,Website,Consumer,Credit Card,Delivered
ORD100444,25-Sep-25,CUST1444,Central,Bhopal,Beauty,Shampoo,1,477.47,15,405.85,236.16,169.69,Website,Consumer,Net Banking,Delivered
ORD100445,27-May-25,CUST1445,North,Jaipur,Clothing,Jeans,1,1570.16,5,1491.65,857.79,633.86,Mobile App,Corporate,UPI,Delivered
ORD100446,05-Apr-24,CUST1446,East,Bhubaneswar,Sports,Gym Bag,1,1259.87,20,1007.89,597.36,410.53,Marketplace,Consumer,Credit Card,Delivered
ORD100447,29-Sep-25,CUST1447,South,Coimbatore,Beauty,Lipstick,2,540.17,10,972.31,748.19,224.13,Website,Consumer,Debit Card,Delivered
ORD100448,27-Apr-24,CUST1448,Central,Raipur,Home & Kitchen,Water Bottle,1,513.85,0,513.85,369.69,144.16,Mobile App,Student,UPI,Delivered
ORD100449,13-Jul-25,CUST1449,North,Jaipur,Clothing,Sneakers,1,2248.14,0,2248.14,1544.09,704.05,Website,Consumer,Debit Card,Delivered
ORD100450,23-Aug-25,CUST1450,South,Hyderabad,Electronics,Smart Watch,1,2556.36,10,2300.73,1720.28,580.45,Website,Consumer,UPI,Delivered
ORD100451,02-May-25,CUST1451,West,Mumbai,Clothing,Hoodie,1,1693.42,10,1524.08,1233.79,290.29,Mobile App,Consumer,UPI,Delivered
ORD100452,24-Aug-24,CUST1452,North,Chandigarh,Clothing,Jeans,2,1291.78,0,2583.56,1712.31,871.25,Mobile App,Student,Credit Card,Delivered
ORD100453,28-Sep-24,CUST1453,East,Bhubaneswar,Clothing,T-Shirt,2,704.83,20,1127.73,732.13,395.61,Mobile App,Consumer,UPI,Delivered
ORD100454,07-Jul-24,CUST1454,East,Kolkata,Home & Kitchen,Bedsheet,3,955.17,15,2435.69,1982.65,453.04,Mobile App,Consumer,Credit Card,Delivered
ORD100455,04-Dec-25,CUST1455,South,Bengaluru,Electronics,Smart Watch,1,2369.82,15,2014.34,1527.39,486.95,Marketplace,Consumer,Cash on Delivery,Delivered
ORD100456,22-Mar-25,CUST1456,South,Chennai,Sports,Dumbbells,2,1473.28,10,2651.91,2014.98,636.94,Mobile App,Corporate,Credit Card,Delivered
ORD100457,03-Aug-25,CUST1457,East,Patna,Electronics,Wireless Headphones,1,1702.39,15,1447.03,1030.26,416.77,Marketplace,Corporate,Net Banking,Delivered
ORD100458,03-Sep-24,CUST1458,North,Chandigarh,Sports,Dumbbells,1,1437.88,5,1365.99,938.29,427.7,Website,Consumer,Net Banking,Delivered
ORD100459,16-Mar-24,CUST1459,East,Kolkata,Sports,Gym Bag,2,1172.67,15,0,0,0,Marketplace,Student,UPI,Cancelled
ORD100460,02-Jun-24,CUST1460,West,Mumbai,Home & Kitchen,Cookware Set,3,2310.2,25,0,0,0,Website,Consumer,Credit Card,Cancelled
ORD100461,17-Oct-25,CUST1461,West,Mumbai,Beauty,Face Serum,1,867.78,10,0,0,0,Website,Consumer,Net Banking,Cancelled
ORD100462,10-Mar-25,CUST1462,North,Chandigarh,Clothing,Hoodie,1,1598.61,5,227.8,173.41,54.39,Website,Consumer,UPI,Returned
ORD100463,26-Mar-24,CUST1463,North,Jaipur,Home & Kitchen,Mixer Grinder,2,3583.84,5,0,0,0,Mobile App,Consumer,Credit Card,Cancelled
ORD100464,27-Nov-25,CUST1464,South,Hyderabad,Clothing,Dress,2,1533.93,25,2300.89,1620.39,680.5,Website,Consumer,Credit Card,Delivered
ORD100465,11-Oct-24,CUST1465,South,Chennai,Clothing,Sneakers,1,2310.27,5,329.21,214.98,114.24,Website,Student,Cash on Delivery,Returned
ORD100466,07-Aug-24,CUST1466,South,Coimbatore,Home & Kitchen,Mixer Grinder,2,3075.19,15,5227.83,3857.14,1370.69,Mobile App,Consumer,UPI,Delivered
ORD100467,09-Mar-24,CUST1467,West,Mumbai,Home & Kitchen,Water Bottle,4,562.53,10,2025.12,1213.42,811.7,Mobile App,Student,UPI,Delivered
ORD100468,16-Feb-24,CUST1468,North,Delhi,Home & Kitchen,Water Bottle,1,591.08,10,531.97,431.7,100.27,Mobile App,Consumer,UPI,Delivered
ORD100469,03-Apr-24,CUST1469,North,Lucknow,Clothing,Dress,1,1511.93,15,192.77,140.27,52.5,Mobile App,Student,UPI,Returned
ORD100470,28-Mar-25,CUST1470,South,Chennai,Clothing,Hoodie,1,1843.52,0,1843.52,1047.57,795.95,Marketplace,Consumer,UPI,Delivered
ORD100471,22-Jul-24,CUST1471,West,Surat,Electronics,Smart Watch,2,2411.03,10,4339.86,3007.66,1332.19,Marketplace,Consumer,Credit Card,Delivered
ORD100472,05-Aug-24,CUST1472,South,Hyderabad,Electronics,Wireless Headphones,1,2061.66,0,2061.66,1551.59,510.07,Website,Consumer,Debit Card,Delivered
ORD100473,18-Apr-25,CUST1473,West,Surat,Clothing,Jeans,5,1518.78,15,6454.81,4034.38,2420.44,Marketplace,Consumer,UPI,Delivered
ORD100474,07-Mar-25,CUST1474,South,Coimbatore,Electronics,Keyboard,2,1189.89,0,2379.77,1341.64,1038.14,Website,Student,Credit Card,Delivered
ORD100475,06-Dec-24,CUST1475,Central,Nagpur,Electronics,Smart Watch,1,2672.55,0,2672.55,1822.88,849.67,Mobile App,Consumer,Debit Card,Delivered
ORD100476,04-Jul-25,CUST1476,Central,Nagpur,Beauty,Lipstick,1,531.8,15,0,0,0,Marketplace,Consumer,Credit Card,Cancelled
ORD100477,03-Sep-25,CUST1477,South,Chennai,Electronics,Keyboard,2,1451.02,10,2611.83,1613.89,997.94,Mobile App,Consumer,Credit Card,Delivered
ORD100478,15-Oct-24,CUST1478,South,Chennai,Home & Kitchen,Cookware Set,1,2242.26,5,2130.15,1583.96,546.18,Marketplace,Corporate,Credit Card,Delivered
ORD100479,10-Sep-24,CUST1479,South,Bengaluru,Clothing,Sneakers,4,2696.21,10,9706.36,6407.2,3299.16,Marketplace,Consumer,Debit Card,Delivered
ORD100480,22-Dec-24,CUST1480,South,Coimbatore,Sports,Running Shoes,1,3255.22,10,2929.7,1658.5,1271.19,Marketplace,Consumer,UPI,Delivered
ORD100481,23-Jan-24,CUST1481,West,Surat,Home & Kitchen,Mixer Grinder,1,3376.14,10,3038.53,1920.56,1117.97,Website,Student,Net Banking,Delivered
ORD100482,05-Jun-25,CUST1482,Central,Bhopal,Clothing,Jeans,2,1479.1,20,2366.56,1502.18,864.38,Marketplace,Student,Cash on Delivery,Delivered
ORD100483,09-Apr-24,CUST1483,West,Ahmedabad,Home & Kitchen,Mixer Grinder,1,3656.81,15,3108.29,2468.79,639.5,Website,Corporate,Credit Card,Delivered
ORD100484,28-Jun-24,CUST1484,Central,Indore,Clothing,Jeans,2,1667.83,0,3335.66,2718.8,616.86,Mobile App,Consumer,Credit Card,Delivered
ORD100485,10-Aug-24,CUST1485,South,Hyderabad,Home & Kitchen,Bedsheet,1,1022.24,10,0,0,0,Mobile App,Consumer,Cash on Delivery,Cancelled
ORD100486,20-Oct-25,CUST1486,North,Delhi,Electronics,Bluetooth Speaker,2,1419.67,0,425.9,283.75,142.15,Marketplace,Corporate,Credit Card,Returned
ORD100487,17-Mar-25,CUST1487,West,Surat,Sports,Yoga Mat,2,962.5,5,1828.75,1488.07,340.68,Website,Corporate,Credit Card,Delivered
ORD100488,30-Aug-25,CUST1488,South,Hyderabad,Clothing,Sneakers,2,2184.37,20,524.25,345.99,178.26,Marketplace,Student,Debit Card,Returned
ORD100489,20-Nov-24,CUST1489,West,Ahmedabad,Clothing,T-Shirt,2,648.99,10,1168.19,752.64,415.55,Marketplace,Consumer,UPI,Delivered
ORD100490,30-May-25,CUST1490,South,Bengaluru,Beauty,Sunscreen,1,668.54,20,534.83,310.03,224.81,Marketplace,Consumer,Credit Card,Delivered
ORD100491,16-Jan-24,CUST1491,North,Chandigarh,Clothing,Dress,1,1710.72,0,1710.72,1288.84,421.89,Website,Corporate,UPI,Delivered
ORD100492,01-Dec-24,CUST1492,Central,Raipur,Beauty,Shampoo,1,550.74,5,78.48,52.64,25.84,Marketplace,Student,UPI,Returned
ORD100493,14-Sep-24,CUST1493,North,Delhi,Clothing,Dress,1,1615.94,5,0,0,0,Mobile App,Consumer,Credit Card,Cancelled
ORD100494,11-May-25,CUST1494,Central,Indore,Beauty,Shampoo,5,479.08,5,2275.61,1564.85,710.76,Website,Consumer,UPI,Delivered
ORD100495,08-Jun-24,CUST1495,Central,Indore,Electronics,Smart Watch,1,2785.18,15,2367.4,1413.63,953.77,Marketplace,Consumer,UPI,Delivered
ORD100496,19-Apr-25,CUST1496,West,Surat,Beauty,Shampoo,2,465.84,10,838.51,501.11,337.4,Website,Corporate,Credit Card,Delivered
ORD100497,25-Oct-25,CUST1497,West,Ahmedabad,Beauty,Face Serum,1,842.55,10,758.29,609.47,148.83,Website,Consumer,UPI,Delivered
ORD100498,20-Nov-25,CUST1498,East,Bhubaneswar,Electronics,Keyboard,2,1299.93,10,2339.87,1848.9,490.98,Website,Student,UPI,Delivered
ORD100499,05-Nov-25,CUST1499,Central,Raipur,Electronics,Keyboard,3,1184.29,15,0,0,0,Website,Consumer,UPI,Cancelled
ORD100500,14-Jan-25,CUST1500,South,Bengaluru,Clothing,Jeans,1,1281.23,20,1024.98,564.08,460.9,Mobile App,Consumer,Credit Card,Delivered
ORD100501,28-Jun-25,CUST1501,East,Kolkata,Sports,Gym Bag,3,1143.39,10,3087.14,2059.09,1028.05,Marketplace,Consumer,UPI,Delivered
ORD100502,21-Nov-25,CUST1502,West,Pune,Clothing,Jeans,1,1495.81,15,1271.44,881.38,390.06,Marketplace,Student,Debit Card,Delivered
ORD100503,02-Mar-25,CUST1503,South,Chennai,Clothing,Sneakers,2,2247.75,10,606.89,407.44,199.46,Website,Consumer,Credit Card,Returned
ORD100504,04-Sep-25,CUST1504,South,Bengaluru,Electronics,Wireless Headphones,2,1922.9,15,490.34,392.21,98.13,Website,Consumer,UPI,Returned
ORD100505,24-Sep-24,CUST1505,South,Hyderabad,Clothing,Hoodie,1,1827.97,20,1462.37,820.44,641.93,Website,Consumer,UPI,Delivered
ORD100506,30-Jul-25,CUST1506,East,Kolkata,Home & Kitchen,Bedsheet,3,1041.99,0,3125.96,2272.04,853.92,Mobile App,Consumer,Cash on Delivery,Delivered
ORD100507,20-Feb-25,CUST1507,Central,Raipur,Sports,Dumbbells,1,1381.92,10,186.56,118.42,68.14,Marketplace,Consumer,UPI,Returned
ORD100508,16-Jun-24,CUST1508,South,Coimbatore,Home & Kitchen,Cookware Set,3,2572.29,25,5787.66,4057.49,1730.17,Website,Consumer,Debit Card,Delivered
ORD100509,12-Feb-24,CUST1509,Central,Bhopal,Beauty,Face Serum,1,691.37,10,0,0,0,Website,Consumer,UPI,Cancelled
ORD100510,09-Jul-25,CUST1510,West,Pune,Home & Kitchen,Water Bottle,2,513.71,20,821.93,549.89,272.04,Marketplace,Consumer,UPI,Delivered
ORD100511,11-Oct-24,CUST1511,Central,Indore,Electronics,Keyboard,4,1157.61,5,4398.9,2595.62,1803.28,Mobile App,Consumer,UPI,Delivered
ORD100512,31-Jan-25,CUST1512,East,Bhubaneswar,Clothing,T-Shirt,1,717.51,10,645.76,445.67,200.1,Website,Corporate,Credit Card,Delivered
ORD100513,12-Jan-24,CUST1513,West,Pune,Home & Kitchen,Mixer Grinder,1,2851.2,20,2280.96,1829.1,451.86,Marketplace,Consumer,Credit Card,Delivered
ORD100514,29-Aug-25,CUST1514,North,Jaipur,Sports,Dumbbells,3,1368.17,10,3694.06,2566.22,1127.84,Website,Consumer,Debit Card,Delivered
ORD100515,28-Oct-24,CUST1515,West,Ahmedabad,Sports,Gym Bag,1,1057.34,10,951.6,554.97,396.63,Marketplace,Corporate,Cash on Delivery,Delivered
ORD100516,09-Sep-24,CUST1516,North,Delhi,Electronics,Wireless Headphones,2,2211.74,0,4423.49,3417.25,1006.24,Mobile App,Consumer,Credit Card,Delivered
ORD100517,13-May-25,CUST1517,Central,Raipur,Electronics,Keyboard,4,1422.36,0,5689.44,3469.82,2219.61,Mobile App,Consumer,Net Banking,Delivered
ORD100518,04-Feb-24,CUST1518,Central,Raipur,Electronics,Wireless Headphones,2,1745.82,10,3142.47,2042.48,1100,Mobile App,Consumer,UPI,Delivered
ORD100519,27-Dec-25,CUST1519,South,Bengaluru,Sports,Running Shoes,1,2795.32,15,2376.02,1581.87,794.15,Website,Corporate,UPI,Delivered
ORD100520,30-Mar-24,CUST1520,South,Hyderabad,Sports,Dumbbells,1,1768.12,20,1414.5,907.71,506.79,Mobile App,Consumer,Cash on Delivery,Delivered
ORD100521,27-Aug-25,CUST1521,West,Surat,Beauty,Face Serum,1,700.22,15,595.19,392.35,202.84,Website,Consumer,Credit Card,Delivered
ORD100522,24-Aug-25,CUST1522,South,Hyderabad,Clothing,Sneakers,1,2187.98,15,1859.78,1422.32,437.46,Website,Corporate,Credit Card,Delivered
ORD100523,21-Feb-25,CUST1523,Central,Bhopal,Home & Kitchen,Mixer Grinder,1,2880.76,15,2448.64,1494.42,954.22,Mobile App,Consumer,Credit Card,Delivered
ORD100524,24-Apr-24,CUST1524,North,Chandigarh,Clothing,Jeans,3,1669.36,15,4256.87,2881.95,1374.91,Website,Consumer,UPI,Delivered
ORD100525,08-Sep-25,CUST1525,North,Delhi,Clothing,Sneakers,1,2625.55,15,2231.72,1239.5,992.22,Mobile App,Consumer,UPI,Delivered
ORD100526,14-Jul-24,CUST1526,Central,Raipur,Home & Kitchen,Cookware Set,4,2268.87,10,8167.93,5611.94,2555.99,Mobile App,Corporate,UPI,Delivered
ORD100527,15-May-25,CUST1527,West,Surat,Electronics,Wireless Headphones,3,1723.95,10,4654.66,2700.43,1954.23,Website,Consumer,UPI,Delivered
ORD100528,17-Sep-25,CUST1528,Central,Bhopal,Electronics,Smart Watch,4,2775.43,0,11101.71,6951.93,4149.78,Website,Corporate,UPI,Delivered
ORD100529,07-May-25,CUST1529,South,Bengaluru,Sports,Cricket Bat,1,1928.8,15,245.92,156.83,89.09,Marketplace,Corporate,UPI,Returned
ORD100530,15-Mar-24,CUST1530,West,Surat,Beauty,Shampoo,2,504.77,0,1009.54,577.69,431.84,Website,Consumer,Credit Card,Delivered
ORD100531,16-Feb-25,CUST1531,East,Bhubaneswar,Clothing,Hoodie,1,1664.76,5,1581.53,1023.81,557.72,Mobile App,Consumer,UPI,Delivered
ORD100532,10-Jan-25,CUST1532,West,Pune,Home & Kitchen,Water Bottle,1,631.8,10,0,0,0,Website,Corporate,Credit Card,Cancelled
ORD100533,23-Feb-25,CUST1533,West,Ahmedabad,Clothing,Dress,2,1444.12,25,2166.17,1443.53,722.64,Website,Student,UPI,Delivered
ORD100534,29-Dec-25,CUST1534,East,Bhubaneswar,Beauty,Sunscreen,3,636.42,15,243.43,152.32,91.11,Mobile App,Consumer,UPI,Returned
ORD100535,03-Oct-24,CUST1535,South,Chennai,Beauty,Moisturizer,1,637.67,5,605.79,381.41,224.38,Marketplace,Corporate,Net Banking,Delivered
ORD100536,06-Nov-25,CUST1536,South,Hyderabad,Beauty,Shampoo,1,437.34,15,371.74,268.05,103.69,Mobile App,Consumer,UPI,Delivered
ORD100537,28-Jan-25,CUST1537,West,Surat,Beauty,Shampoo,1,488.66,20,390.93,290.84,100.09,Mobile App,Consumer,Cash on Delivery,Delivered
ORD100538,01-Apr-25,CUST1538,South,Hyderabad,Electronics,Smart Watch,3,2672.85,10,7216.7,5092.56,2124.14,Mobile App,Consumer,Debit Card,Delivered
ORD100539,10-Jul-24,CUST1539,West,Surat,Clothing,Sneakers,4,2383.83,10,1287.27,1047.28,239.98,Mobile App,Consumer,Net Banking,Returned
ORD100540,19-Nov-25,CUST1540,South,Coimbatore,Clothing,Jeans,1,1285.84,10,1157.25,931.72,225.53,Mobile App,Consumer,Debit Card,Delivered
ORD100541,08-Apr-24,CUST1541,West,Pune,Clothing,T-Shirt,1,698.58,5,663.65,382.65,281,Website,Consumer,Cash on Delivery,Delivered
ORD100542,01-Jul-25,CUST1542,West,Pune,Beauty,Shampoo,4,515.83,20,1650.66,1024.35,626.31,Mobile App,Consumer,UPI,Delivered
ORD100543,05-Apr-24,CUST1543,South,Chennai,Clothing,Jeans,1,1573.93,15,200.68,157.42,43.25,Website,Consumer,Cash on Delivery,Returned
ORD100544,25-Oct-25,CUST1544,North,Jaipur,Electronics,Smart Watch,2,2395.34,15,4072.08,2272.26,1799.82,Mobile App,Consumer,Credit Card,Delivered
ORD100545,24-Oct-25,CUST1545,North,Jaipur,Clothing,T-Shirt,1,612.46,10,551.21,391.3,159.91,Mobile App,Corporate,UPI,Delivered
ORD100546,08-Jul-24,CUST1546,West,Surat,Sports,Gym Bag,1,1208.31,25,0,0,0,Marketplace,Consumer,UPI,Cancelled
ORD100547,06-Feb-24,CUST1547,Central,Indore,Electronics,Bluetooth Speaker,2,1407.53,5,401.15,294.14,107,Website,Student,UPI,Returned
ORD100548,03-Jan-25,CUST1548,North,Lucknow,Home & Kitchen,Coffee Maker,2,2431.35,5,4619.56,2655.42,1964.13,Mobile App,Consumer,Credit Card,Delivered
ORD100549,25-Nov-25,CUST1549,West,Ahmedabad,Clothing,Hoodie,1,1773.33,5,1684.67,1266.72,417.95,Mobile App,Corporate,Debit Card,Delivered
ORD100550,08-Jun-25,CUST1550,South,Hyderabad,Electronics,Keyboard,1,1269.79,15,1079.32,703.34,375.98,Mobile App,Consumer,UPI,Delivered
ORD100551,05-Oct-24,CUST1551,East,Bhubaneswar,Home & Kitchen,Coffee Maker,1,2052.74,15,0,0,0,Website,Consumer,UPI,Cancelled
ORD100552,04-Aug-24,CUST1552,Central,Nagpur,Beauty,Face Serum,2,752.24,10,1354.03,849.39,504.64,Website,Consumer,UPI,Delivered
ORD100553,29-Sep-24,CUST1553,South,Bengaluru,Home & Kitchen,Bedsheet,3,987.46,15,2518.01,1706.64,811.37,Mobile App,Consumer,UPI,Delivered
ORD100554,02-Mar-24,CUST1554,East,Kolkata,Sports,Yoga Mat,3,838.59,5,358.5,269.44,89.06,Marketplace,Corporate,UPI,Returned
ORD100555,18-Aug-25,CUST1555,North,Chandigarh,Clothing,Dress,1,1744.38,0,1744.38,1080.71,663.68,Mobile App,Consumer,UPI,Delivered
ORD100556,29-Dec-25,CUST1556,North,Lucknow,Electronics,Keyboard,3,1258.13,5,0,0,0,Mobile App,Consumer,Credit Card,Cancelled
ORD100557,07-Dec-24,CUST1557,South,Bengaluru,Sports,Dumbbells,1,1485.22,10,0,0,0,Website,Consumer,Credit Card,Cancelled
ORD100558,31-Jan-25,CUST1558,North,Chandigarh,Clothing,Dress,1,1426.24,15,1212.3,826.49,385.82,Mobile App,Consumer,UPI,Delivered
ORD100559,29-Nov-25,CUST1559,West,Pune,Home & Kitchen,Cookware Set,3,2577.81,15,6573.4,5263.5,1309.9,Marketplace,Consumer,Cash on Delivery,Delivered
ORD100560,19-Jan-24,CUST1560,South,Hyderabad,Beauty,Shampoo,1,427.62,0,427.62,267.69,159.93,Website,Corporate,UPI,Delivered
ORD100561,25-Jun-24,CUST1561,East,Kolkata,Clothing,Sneakers,1,2427.78,0,2427.78,1363.71,1064.06,Mobile App,Corporate,Credit Card,Delivered
ORD100562,03-Sep-25,CUST1562,North,Delhi,Beauty,Lipstick,1,498.27,20,398.61,286.01,112.6,Website,Student,UPI,Delivered
ORD100563,30-Jan-25,CUST1563,South,Chennai,Electronics,Bluetooth Speaker,2,1411.67,0,2823.34,1595.66,1227.69,Marketplace,Student,Credit Card,Delivered
ORD100564,20-Mar-25,CUST1564,West,Ahmedabad,Clothing,Sneakers,2,2630.07,5,0,0,0,Mobile App,Consumer,UPI,Cancelled
ORD100565,20-Aug-24,CUST1565,Central,Indore,Electronics,Keyboard,1,1341.12,0,201.17,131.37,69.8,Website,Consumer,Debit Card,Returned
ORD100566,16-Mar-24,CUST1566,North,Delhi,Beauty,Sunscreen,3,666.25,10,0,0,0,Website,Corporate,Credit Card,Cancelled
ORD100567,21-Sep-24,CUST1567,Central,Raipur,Electronics,Smart Watch,3,2467.43,5,7032.18,4176.5,2855.68,Mobile App,Consumer,Credit Card,Delivered
ORD100568,30-Mar-25,CUST1568,East,Kolkata,Beauty,Face Serum,3,795.17,5,339.94,195.24,144.69,Mobile App,Student,UPI,Returned
ORD100569,18-Dec-25,CUST1569,East,Patna,Sports,Running Shoes,1,2748.21,10,371.01,279.08,91.93,Mobile App,Consumer,Credit Card,Returned
ORD100570,18-Jan-25,CUST1570,East,Kolkata,Home & Kitchen,Cookware Set,1,2384.25,5,0,0,0,Mobile App,Consumer,Cash on Delivery,Cancelled
ORD100571,17-Jul-25,CUST1571,North,Jaipur,Home & Kitchen,Coffee Maker,1,1885.1,0,1885.1,1444.2,440.9,Mobile App,Consumer,UPI,Delivered
ORD100572,20-May-25,CUST1572,North,Delhi,Clothing,Hoodie,2,1863.95,15,3168.72,2391.69,777.03,Marketplace,Consumer,Debit Card,Delivered
ORD100573,01-Jan-25,CUST1573,West,Pune,Clothing,Hoodie,2,1680.51,15,428.53,258.65,169.89,Marketplace,Consumer,UPI,Returned
ORD100574,23-May-24,CUST1574,South,Coimbatore,Clothing,Hoodie,5,1791.62,5,8510.21,6767.64,1742.56,Website,Consumer,UPI,Delivered
ORD100575,09-Mar-24,CUST1575,Central,Raipur,Home & Kitchen,Coffee Maker,1,2020.55,5,1919.52,1139.32,780.2,Mobile App,Consumer,Debit Card,Delivered
ORD100576,08-Apr-24,CUST1576,South,Coimbatore,Sports,Running Shoes,1,3052.02,0,3052.02,2335.5,716.53,Website,Consumer,Credit Card,Delivered
ORD100577,30-Jan-25,CUST1577,North,Lucknow,Sports,Yoga Mat,1,872.79,10,785.51,521.22,264.29,Website,Consumer,Debit Card,Delivered
ORD100578,25-Jan-24,CUST1578,West,Ahmedabad,Sports,Gym Bag,1,1175.14,15,998.87,598.74,400.13,Mobile App,Consumer,Net Banking,Delivered
ORD100579,13-Apr-25,CUST1579,South,Coimbatore,Sports,Yoga Mat,2,992.95,5,1886.6,1515.49,371.11,Website,Corporate,Net Banking,Delivered
ORD100580,28-Apr-25,CUST1580,East,Bhubaneswar,Clothing,Sneakers,5,2600.62,10,0,0,0,Website,Corporate,Cash on Delivery,Cancelled
ORD100581,18-Jul-25,CUST1581,West,Mumbai,Home & Kitchen,Bedsheet,2,919.79,0,275.94,189.86,86.07,Marketplace,Student,Credit Card,Returned
ORD100582,30-May-24,CUST1582,Central,Bhopal,Sports,Running Shoes,2,2957.19,10,5322.94,3601.91,1721.03,Website,Consumer,UPI,Delivered
ORD100583,23-May-24,CUST1583,West,Surat,Clothing,Dress,2,1560.63,0,3121.25,2475.86,645.39,Marketplace,Consumer,UPI,Delivered
ORD100584,22-Jul-25,CUST1584,West,Mumbai,Sports,Gym Bag,1,1276.53,20,153.18,108.91,44.28,Website,Student,Credit Card,Returned
ORD100585,08-Feb-24,CUST1585,West,Ahmedabad,Clothing,Jeans,3,1611.43,15,4109.16,2555.2,1553.96,Website,Consumer,Credit Card,Delivered
ORD100586,18-Apr-24,CUST1586,Central,Bhopal,Home & Kitchen,Mixer Grinder,2,3056.62,5,5807.58,3860.9,1946.68,Website,Consumer,Net Banking,Delivered
ORD100587,23-Nov-25,CUST1587,South,Hyderabad,Beauty,Lipstick,1,534.78,20,427.83,331.87,95.95,Marketplace,Consumer,Credit Card,Delivered
ORD100588,11-Feb-24,CUST1588,North,Chandigarh,Sports,Yoga Mat,2,807.72,5,1534.67,1200.24,334.43,Marketplace,Student,UPI,Delivered
ORD100589,04-Jul-24,CUST1589,South,Coimbatore,Electronics,Smart Watch,2,2638.81,0,5277.63,4241.09,1036.54,Mobile App,Consumer,Credit Card,Delivered
ORD100590,01-Feb-25,CUST1590,South,Hyderabad,Beauty,Face Serum,1,732.82,20,586.26,368.07,218.19,Website,Consumer,UPI,Delivered
ORD100591,10-Aug-24,CUST1591,West,Pune,Home & Kitchen,Bedsheet,1,929.51,5,0,0,0,Mobile App,Corporate,UPI,Cancelled
ORD100592,25-Sep-25,CUST1592,West,Ahmedabad,Clothing,Jeans,1,1619.17,20,1295.34,736.35,558.98,Mobile App,Consumer,Debit Card,Delivered
ORD100593,12-May-24,CUST1593,East,Patna,Beauty,Sunscreen,1,577.09,10,519.38,387.45,131.93,Marketplace,Student,UPI,Delivered
ORD100594,11-Jun-24,CUST1594,North,Delhi,Home & Kitchen,Water Bottle,1,669.35,25,502.02,352.45,149.57,Marketplace,Consumer,Debit Card,Delivered
ORD100595,02-Aug-24,CUST1595,West,Surat,Home & Kitchen,Water Bottle,2,533.72,15,907.33,560.22,347.11,Marketplace,Corporate,UPI,Delivered
ORD100596,22-Aug-24,CUST1596,South,Bengaluru,Clothing,Dress,1,1559.19,0,1559.19,1133.14,426.05,Mobile App,Corporate,Credit Card,Delivered
ORD100597,19-Oct-25,CUST1597,West,Pune,Home & Kitchen,Bedsheet,2,1046.71,20,0,0,0,Website,Consumer,Debit Card,Cancelled
ORD100598,10-Aug-25,CUST1598,East,Guwahati,Home & Kitchen,Bedsheet,4,850.6,0,3402.39,2177.96,1224.43,Website,Consumer,Debit Card,Delivered
ORD100599,09-Jan-24,CUST1599,South,Hyderabad,Clothing,Sneakers,2,2226.61,15,567.79,373.74,194.04,Mobile App,Consumer,Cash on Delivery,Returned
ORD100600,14-Mar-24,CUST1600,North,Jaipur,Electronics,Smart Watch,2,2137.89,10,3848.19,2923.96,924.23,Website,Corporate,UPI,Delivered
ORD100601,06-May-25,CUST1601,North,Chandigarh,Sports,Gym Bag,3,1340.57,15,3418.46,2165.16,1253.31,Website,Consumer,Debit Card,Delivered
ORD100602,09-Sep-24,CUST1602,Central,Raipur,Home & Kitchen,Coffee Maker,2,2320.76,15,3945.28,2222.14,1723.15,Mobile App,Corporate,UPI,Delivered
ORD100603,17-Aug-24,CUST1603,Central,Nagpur,Beauty,Face Serum,1,759.74,15,645.78,386.69,259.09,Mobile App,Corporate,Cash on Delivery,Delivered
ORD100604,02-Jun-25,CUST1604,West,Pune,Clothing,Hoodie,1,1605.06,15,1364.3,974.36,389.94,Mobile App,Consumer,Cash on Delivery,Delivered
ORD100605,22-Jun-24,CUST1605,North,Lucknow,Clothing,Sneakers,2,2185.13,15,3714.73,2058.4,1656.33,Website,Corporate,Debit Card,Delivered
ORD100606,14-Oct-25,CUST1606,South,Coimbatore,Clothing,T-Shirt,2,694.54,10,1250.17,955.01,295.16,Mobile App,Consumer,UPI,Delivered
ORD100607,16-Jun-24,CUST1607,West,Mumbai,Clothing,Jeans,5,1669.12,20,6676.49,5296.48,1380.01,Mobile App,Student,UPI,Delivered
ORD100608,18-Jun-24,CUST1608,West,Surat,Home & Kitchen,Bedsheet,2,1031.11,15,1752.89,1198.55,554.34,Marketplace,Consumer,Credit Card,Delivered
ORD100609,27-Jan-25,CUST1609,North,Chandigarh,Home & Kitchen,Water Bottle,3,568.2,15,1448.92,1073.74,375.18,Website,Consumer,UPI,Delivered
ORD100610,25-Sep-25,CUST1610,North,Lucknow,Home & Kitchen,Mixer Grinder,1,3250.27,25,2437.7,1645.26,792.44,Mobile App,Student,Credit Card,Delivered
ORD100611,12-Jul-24,CUST1611,West,Surat,Electronics,Bluetooth Speaker,2,1678.44,0,0,0,0,Website,Student,UPI,Cancelled
ORD100612,31-May-25,CUST1612,South,Hyderabad,Home & Kitchen,Coffee Maker,4,2177.16,5,8273.2,4918.53,3354.67,Website,Corporate,UPI,Delivered
ORD100613,29-Jan-24,CUST1613,South,Bengaluru,Electronics,Smart Watch,1,2774.73,15,2358.52,1627.15,731.37,Website,Consumer,Cash on Delivery,Delivered
ORD100614,13-Jun-24,CUST1614,North,Lucknow,Electronics,Wireless Headphones,1,1707.98,0,1707.98,1368.21,339.77,Website,Corporate,Cash on Delivery,Delivered
ORD100615,25-Feb-25,CUST1615,East,Bhubaneswar,Sports,Yoga Mat,1,939.15,10,845.23,667.98,177.25,Marketplace,Consumer,Cash on Delivery,Delivered
ORD100616,04-Dec-24,CUST1616,Central,Bhopal,Home & Kitchen,Mixer Grinder,3,3362.78,20,8070.68,6442.81,1627.86,Marketplace,Consumer,UPI,Delivered
ORD100617,09-Oct-25,CUST1617,Central,Nagpur,Home & Kitchen,Cookware Set,1,2586.56,0,2586.56,2097.53,489.04,Website,Corporate,Credit Card,Delivered
ORD100618,10-May-25,CUST1618,East,Bhubaneswar,Clothing,Dress,2,1605.48,20,385.32,229.13,156.19,Website,Student,UPI,Returned
ORD100619,30-Dec-24,CUST1619,East,Patna,Sports,Dumbbells,1,1378.22,25,1033.67,609.41,424.26,Website,Consumer,Debit Card,Delivered
ORD100620,07-Dec-24,CUST1620,North,Jaipur,Home & Kitchen,Coffee Maker,1,1957.95,5,279.01,185.68,93.33,Website,Corporate,Cash on Delivery,Returned
ORD100621,14-May-25,CUST1621,East,Kolkata,Beauty,Sunscreen,4,658.31,15,2238.24,1647.6,590.64,Website,Consumer,Credit Card,Delivered
ORD100622,18-Oct-25,CUST1622,South,Coimbatore,Clothing,Dress,1,1459.71,0,0,0,0,Website,Consumer,Credit Card,Cancelled
ORD100623,25-May-25,CUST1623,West,Pune,Sports,Yoga Mat,1,1005.17,15,854.39,675.77,178.62,Website,Consumer,Debit Card,Delivered
ORD100624,22-Nov-24,CUST1624,South,Hyderabad,Beauty,Face Serum,1,825.76,10,111.48,82.91,28.57,Mobile App,Consumer,UPI,Returned
ORD100625,04-Aug-24,CUST1625,South,Bengaluru,Sports,Running Shoes,2,2908.96,20,4654.33,3356.57,1297.76,Website,Student,UPI,Delivered
ORD100626,27-Oct-24,CUST1626,North,Jaipur,Electronics,Keyboard,1,1426.84,5,203.32,115.73,87.6,Mobile App,Corporate,UPI,Returned
ORD100627,11-May-24,CUST1627,South,Bengaluru,Clothing,Jeans,2,1595.9,15,2713.04,1620.61,1092.43,Website,Corporate,Credit Card,Delivered
ORD100628,10-Mar-24,CUST1628,North,Jaipur,Clothing,T-Shirt,4,675.11,15,2295.37,1527.8,767.57,Marketplace,Student,Net Banking,Delivered
ORD100629,08-Sep-24,CUST1629,North,Chandigarh,Clothing,Hoodie,1,1562.47,5,1484.34,1207.69,276.65,Website,Consumer,Cash on Delivery,Delivered
ORD100630,18-Feb-25,CUST1630,Central,Raipur,Sports,Yoga Mat,1,974.91,15,828.68,530.59,298.08,Website,Student,UPI,Delivered
ORD100631,20-Mar-25,CUST1631,East,Kolkata,Electronics,Bluetooth Speaker,2,1583.78,25,2375.68,1710.71,664.97,Mobile App,Consumer,UPI,Delivered
ORD100632,30-Jun-24,CUST1632,East,Bhubaneswar,Electronics,Power Bank,2,1062.43,10,1912.38,1562.43,349.96,Marketplace,Consumer,Credit Card,Delivered
ORD100633,15-Jun-24,CUST1633,Central,Raipur,Clothing,Dress,1,1680.73,15,1428.62,887.58,541.04,Marketplace,Consumer,Net Banking,Delivered
ORD100634,31-Mar-24,CUST1634,Central,Nagpur,Electronics,Power Bank,2,923.53,10,1662.35,989.1,673.25,Mobile App,Consumer,UPI,Delivered
ORD100635,14-Dec-25,CUST1635,East,Bhubaneswar,Electronics,Wireless Headphones,5,2162.69,10,9732.13,6788.26,2943.87,Website,Corporate,Net Banking,Delivered
ORD100636,14-Jun-25,CUST1636,West,Pune,Beauty,Lipstick,1,424.45,0,0,0,0,Website,Consumer,UPI,Cancelled
ORD100637,08-Feb-24,CUST1637,South,Chennai,Home & Kitchen,Mixer Grinder,2,3015.5,10,5427.9,4336.4,1091.5,Marketplace,Consumer,Cash on Delivery,Delivered
ORD100638,05-May-24,CUST1638,South,Bengaluru,Electronics,Keyboard,1,1120.48,10,0,0,0,Mobile App,Consumer,Cash on Delivery,Cancelled
ORD100639,26-Mar-25,CUST1639,South,Chennai,Clothing,Dress,2,1406.9,15,2391.73,1578.52,813.21,Mobile App,Corporate,Cash on Delivery,Delivered
ORD100640,21-Jun-24,CUST1640,West,Pune,Clothing,T-Shirt,1,694.63,0,104.19,66.09,38.1,Website,Consumer,Cash on Delivery,Returned
ORD100641,14-Oct-25,CUST1641,West,Mumbai,Electronics,Wireless Headphones,2,1719.26,5,0,0,0,Mobile App,Consumer,UPI,Cancelled
ORD100642,07-Aug-24,CUST1642,South,Coimbatore,Home & Kitchen,Water Bottle,2,538.48,15,915.42,505.79,409.63,Mobile App,Consumer,Debit Card,Delivered
ORD100643,29-Sep-25,CUST1643,North,Jaipur,Beauty,Lipstick,1,455.51,0,455.51,337.98,117.53,Website,Consumer,Debit Card,Delivered
ORD100644,27-Feb-24,CUST1644,West,Mumbai,Beauty,Face Serum,3,820.53,10,332.31,226.29,106.03,Website,Corporate,Cash on Delivery,Returned
ORD100645,21-Oct-25,CUST1645,North,Delhi,Beauty,Face Serum,2,780.29,5,222.38,164.38,58,Website,Consumer,Credit Card,Returned
ORD100646,20-Apr-25,CUST1646,East,Bhubaneswar,Electronics,Smart Watch,1,2433.45,10,328.52,220.4,108.11,Mobile App,Corporate,Credit Card,Returned
ORD100647,31-Mar-25,CUST1647,West,Mumbai,Sports,Running Shoes,4,3171.37,25,9514.12,6450.88,3063.24,Marketplace,Consumer,Debit Card,Delivered
ORD100648,26-Dec-24,CUST1648,West,Mumbai,Beauty,Sunscreen,1,583.02,20,466.41,369.3,97.11,Mobile App,Consumer,UPI,Delivered
ORD100649,01-Jan-24,CUST1649,West,Pune,Sports,Cricket Bat,2,1887.24,5,3585.76,2176.35,1409.41,Mobile App,Student,Cash on Delivery,Delivered
ORD100650,21-Jan-25,CUST1650,Central,Nagpur,Electronics,Keyboard,1,1441.71,5,205.44,125.06,80.39,Marketplace,Student,UPI,Returned
ORD100651,13-Dec-24,CUST1651,East,Kolkata,Sports,Dumbbells,2,1362.73,20,2180.37,1528.57,651.8,Website,Consumer,UPI,Delivered
ORD100652,08-Jul-24,CUST1652,West,Mumbai,Beauty,Moisturizer,1,651.79,20,521.43,379.74,141.69,Website,Student,Credit Card,Delivered
ORD100653,19-May-25,CUST1653,West,Surat,Beauty,Lipstick,1,506.25,0,75.94,49.04,26.9,Website,Corporate,Cash on Delivery,Returned
ORD100654,09-Jul-24,CUST1654,North,Lucknow,Electronics,Bluetooth Speaker,1,1590.98,15,1352.33,933.47,418.86,Marketplace,Consumer,Debit Card,Delivered
ORD100655,22-May-25,CUST1655,North,Delhi,Beauty,Sunscreen,2,641.19,5,1218.26,744.99,473.27,Mobile App,Consumer,Net Banking,Delivered
ORD100656,03-Jan-25,CUST1656,South,Coimbatore,Sports,Dumbbells,2,1379.04,10,372.34,218.45,153.89,Marketplace,Consumer,UPI,Returned
ORD100657,12-Feb-25,CUST1657,East,Guwahati,Home & Kitchen,Mixer Grinder,2,3435.8,0,6871.59,4221.43,2650.16,Mobile App,Corporate,UPI,Delivered
ORD100658,26-Apr-24,CUST1658,West,Surat,Home & Kitchen,Mixer Grinder,3,3445.7,25,7752.83,6182.27,1570.56,Website,Consumer,UPI,Delivered
ORD100659,13-May-24,CUST1659,Central,Raipur,Sports,Gym Bag,4,1088.45,15,555.11,425.49,129.62,Website,Consumer,UPI,Returned
ORD100660,27-Feb-24,CUST1660,South,Chennai,Clothing,Sneakers,2,2200.24,5,0,0,0,Marketplace,Consumer,UPI,Cancelled
ORD100661,09-Jul-25,CUST1661,North,Jaipur,Home & Kitchen,Coffee Maker,2,2314.26,15,3934.24,2213.29,1720.95,Website,Consumer,UPI,Delivered
ORD100662,15-Nov-25,CUST1662,Central,Raipur,Clothing,Dress,1,1466.87,5,1393.52,801.5,592.02,Marketplace,Consumer,Credit Card,Delivered
ORD100663,02-Nov-25,CUST1663,North,Lucknow,Sports,Running Shoes,3,2550.51,0,7651.52,4814.54,2836.98,Website,Student,Cash on Delivery,Delivered
ORD100664,21-Jun-24,CUST1664,East,Guwahati,Electronics,Wireless Headphones,3,1819.82,10,4913.51,3778.82,1134.69,Website,Corporate,Debit Card,Delivered
ORD100665,28-May-24,CUST1665,East,Guwahati,Home & Kitchen,Cookware Set,1,2145.11,10,1930.6,1229.35,701.25,Website,Student,Credit Card,Delivered
ORD100666,20-Mar-24,CUST1666,East,Patna,Beauty,Moisturizer,2,641.18,0,1282.36,769.58,512.78,Marketplace,Corporate,UPI,Delivered
ORD100667,31-Jul-24,CUST1667,North,Chandigarh,Beauty,Face Serum,4,751.42,10,0,0,0,Website,Consumer,UPI,Cancelled
ORD100668,21-Jul-24,CUST1668,North,Chandigarh,Home & Kitchen,Bedsheet,1,922.35,10,830.12,484.37,345.75,Website,Student,UPI,Delivered
ORD100669,16-Aug-24,CUST1669,North,Lucknow,Sports,Cricket Bat,1,2195.67,10,1976.1,1337.74,638.36,Website,Consumer,UPI,Delivered
ORD100670,06-Nov-25,CUST1670,East,Kolkata,Sports,Dumbbells,1,1459.54,5,207.98,152.33,55.66,Website,Student,UPI,Returned
ORD100671,14-Aug-24,CUST1671,East,Patna,Electronics,Smart Watch,1,2439.61,0,365.94,237.71,128.23,Mobile App,Corporate,UPI,Returned
ORD100672,20-Oct-25,CUST1672,South,Chennai,Clothing,Sneakers,1,2770.16,5,2631.65,1570.76,1060.88,Marketplace,Corporate,Net Banking,Delivered
ORD100673,15-Jun-25,CUST1673,West,Mumbai,Electronics,Wireless Headphones,1,2173.68,5,2065,1388.43,676.57,Marketplace,Consumer,Credit Card,Delivered
ORD100674,16-Mar-25,CUST1674,Central,Bhopal,Clothing,Hoodie,1,1679.37,10,1511.43,1142.45,368.98,Website,Corporate,UPI,Delivered
ORD100675,05-Feb-25,CUST1675,North,Lucknow,Home & Kitchen,Coffee Maker,3,2063,20,742.68,423.83,318.85,Marketplace,Consumer,Credit Card,Returned
ORD100676,16-Feb-24,CUST1676,East,Patna,Sports,Running Shoes,1,3029.59,5,2878.11,1638.08,1240.02,Mobile App,Consumer,UPI,Delivered
ORD100677,20-Aug-24,CUST1677,West,Mumbai,Beauty,Moisturizer,1,767.38,15,0,0,0,Website,Student,UPI,Cancelled
ORD100678,31-Oct-24,CUST1678,South,Bengaluru,Electronics,Power Bank,1,851.85,0,851.85,563.98,287.87,Mobile App,Student,UPI,Delivered
ORD100679,09-Jun-25,CUST1679,South,Chennai,Electronics,Keyboard,1,1242.03,5,1179.93,717.92,462,Website,Consumer,UPI,Delivered
ORD100680,22-May-24,CUST1680,West,Ahmedabad,Home & Kitchen,Water Bottle,5,646.58,10,2909.63,1621.44,1288.19,Marketplace,Consumer,Credit Card,Delivered
ORD100681,18-Feb-25,CUST1681,Central,Indore,Home & Kitchen,Cookware Set,3,2401.11,15,6122.82,3730.52,2392.3,Mobile App,Consumer,Credit Card,Delivered
ORD100682,27-May-25,CUST1682,West,Ahmedabad,Clothing,Dress,2,1670.02,20,2672.03,1783.71,888.32,Website,Consumer,UPI,Delivered
ORD100683,07-Jan-25,CUST1683,East,Patna,Sports,Yoga Mat,1,932.1,15,792.29,452.75,339.54,Mobile App,Corporate,Cash on Delivery,Delivered
ORD100684,19-Jul-25,CUST1684,West,Ahmedabad,Sports,Yoga Mat,2,814.02,0,1628.04,1210.11,417.93,Mobile App,Consumer,UPI,Delivered
ORD100685,15-Sep-24,CUST1685,South,Chennai,Clothing,Dress,1,1553.25,15,1320.27,922.95,397.31,Mobile App,Consumer,Debit Card,Delivered
ORD100686,17-Oct-25,CUST1686,West,Mumbai,Sports,Cricket Bat,1,2004.74,15,1704.03,1137.1,566.93,Website,Consumer,UPI,Delivered
ORD100687,15-Apr-25,CUST1687,East,Bhubaneswar,Clothing,T-Shirt,1,729.18,10,656.26,452.85,203.41,Mobile App,Corporate,UPI,Delivered
ORD100688,12-Jan-24,CUST1688,North,Jaipur,Beauty,Sunscreen,5,642.16,25,0,0,0,Mobile App,Consumer,UPI,Cancelled
ORD100689,25-Nov-24,CUST1689,West,Surat,Clothing,Sneakers,1,2636.9,0,2636.9,2158.55,478.35,Mobile App,Consumer,UPI,Delivered
ORD100690,23-Dec-24,CUST1690,East,Bhubaneswar,Electronics,Bluetooth Speaker,2,1285.61,15,327.83,248.92,78.91,Marketplace,Consumer,Net Banking,Returned
ORD100691,11-Feb-25,CUST1691,South,Chennai,Sports,Dumbbells,1,1648.68,5,1566.25,1089.95,476.3,Website,Consumer,UPI,Delivered
ORD100692,29-Oct-25,CUST1692,Central,Indore,Clothing,Sneakers,1,2459.7,15,0,0,0,Mobile App,Consumer,Credit Card,Cancelled
ORD100693,07-Jan-25,CUST1693,North,Jaipur,Beauty,Lipstick,2,501.47,15,0,0,0,Mobile App,Consumer,Debit Card,Cancelled
ORD100694,08-Jan-24,CUST1694,South,Bengaluru,Clothing,T-Shirt,1,664.54,5,94.7,60.03,34.66,Website,Consumer,UPI,Returned
ORD100695,01-May-24,CUST1695,North,Jaipur,Electronics,Wireless Headphones,4,2084.53,25,938.04,582.27,355.77,Marketplace,Corporate,UPI,Returned
ORD100696,13-Dec-24,CUST1696,West,Surat,Electronics,Power Bank,1,1030.92,0,1030.92,678.2,352.72,Website,Consumer,Debit Card,Delivered
ORD100697,06-Nov-25,CUST1697,West,Ahmedabad,Home & Kitchen,Coffee Maker,1,2213.21,0,2213.21,1218.63,994.58,Marketplace,Consumer,UPI,Delivered
ORD100698,30-Mar-24,CUST1698,South,Chennai,Beauty,Lipstick,2,540.23,20,864.37,516.7,347.67,Mobile App,Consumer,Cash on Delivery,Delivered
ORD100699,09-Oct-25,CUST1699,West,Surat,Clothing,Jeans,3,1315.39,0,3946.18,2305.21,1640.96,Mobile App,Corporate,Credit Card,Delivered
ORD100700,28-Nov-25,CUST1700,South,Chennai,Beauty,Moisturizer,1,650.96,5,92.76,75.07,17.69,Marketplace,Consumer,Credit Card,Returned
ORD100701,11-Nov-24,CUST1701,West,Surat,Beauty,Moisturizer,2,687.6,15,1168.91,663.37,505.54,Marketplace,Student,Net Banking,Delivered
ORD100702,26-Jun-24,CUST1702,East,Patna,Beauty,Sunscreen,3,664.19,15,1693.67,1160.61,533.06,Marketplace,Consumer,Cash on Delivery,Delivered
ORD100703,23-Jun-25,CUST1703,South,Hyderabad,Home & Kitchen,Bedsheet,1,868.56,25,651.42,520.04,131.38,Mobile App,Corporate,Debit Card,Delivered
ORD100704,10-Feb-24,CUST1704,Central,Raipur,Sports,Cricket Bat,4,1881.08,15,0,0,0,Website,Corporate,Credit Card,Cancelled
ORD100705,04-Dec-25,CUST1705,South,Coimbatore,Home & Kitchen,Water Bottle,1,658.89,15,560.06,382.93,177.13,Marketplace,Consumer,UPI,Delivered
ORD100706,16-May-25,CUST1706,North,Delhi,Clothing,Jeans,1,1637.58,20,1310.06,983.34,326.72,Mobile App,Student,Cash on Delivery,Delivered
ORD100707,24-May-24,CUST1707,East,Patna,Electronics,Bluetooth Speaker,2,1624.34,10,0,0,0,Website,Consumer,UPI,Cancelled
ORD100708,19-Jul-24,CUST1708,Central,Raipur,Clothing,Jeans,1,1398.96,5,1329.02,800.47,528.55,Marketplace,Consumer,Cash on Delivery,Delivered
ORD100709,24-Dec-25,CUST1709,South,Chennai,Electronics,Bluetooth Speaker,2,1616.89,15,2748.71,2140.6,608.11,Mobile App,Consumer,Debit Card,Delivered
ORD100710,05-Apr-25,CUST1710,North,Delhi,Home & Kitchen,Bedsheet,2,985.46,0,295.64,167.12,128.52,Mobile App,Corporate,Cash on Delivery,Returned
ORD100711,11-Jul-25,CUST1711,South,Coimbatore,Electronics,Keyboard,1,1321.53,0,1321.53,1015.07,306.46,Mobile App,Consumer,UPI,Delivered
ORD100712,30-Jun-25,CUST1712,East,Kolkata,Clothing,Sneakers,4,2285.29,15,1165.5,673.55,491.95,Marketplace,Consumer,UPI,Returned
ORD100713,09-Sep-24,CUST1713,North,Lucknow,Beauty,Shampoo,2,519.36,25,779.04,560.05,218.99,Website,Consumer,Debit Card,Delivered
ORD100714,24-Jan-25,CUST1714,West,Pune,Clothing,Sneakers,2,2345.26,10,4221.46,2865.54,1355.92,Website,Consumer,Net Banking,Delivered
ORD100715,16-Aug-25,CUST1715,Central,Raipur,Electronics,Keyboard,1,1224.76,0,1224.76,1003.82,220.94,Mobile App,Consumer,Cash on Delivery,Delivered
ORD100716,12-Sep-24,CUST1716,East,Patna,Electronics,Power Bank,1,1020.92,10,918.83,601.59,317.24,Marketplace,Consumer,Cash on Delivery,Delivered
ORD100717,09-Dec-25,CUST1717,South,Bengaluru,Beauty,Face Serum,2,730.89,5,1388.69,1122.71,265.98,Mobile App,Consumer,Credit Card,Delivered
ORD100718,25-Mar-25,CUST1718,South,Bengaluru,Electronics,Bluetooth Speaker,3,1364.99,5,3890.21,2563.73,1326.48,Mobile App,Consumer,UPI,Delivered
ORD100719,10-Jan-24,CUST1719,North,Jaipur,Clothing,Dress,1,1518.53,10,205,150.48,54.52,Website,Student,Cash on Delivery,Returned
ORD100720,29-Aug-24,CUST1720,Central,Bhopal,Home & Kitchen,Coffee Maker,2,2331.11,0,4662.22,3374.46,1287.76,Mobile App,Student,UPI,Delivered
ORD100721,07-Sep-24,CUST1721,South,Bengaluru,Beauty,Lipstick,2,454.42,5,863.4,495.02,368.38,Website,Consumer,UPI,Delivered
ORD100722,05-Jan-24,CUST1722,South,Chennai,Home & Kitchen,Bedsheet,1,1061.51,20,127.38,95.63,31.76,Mobile App,Student,Debit Card,Returned
ORD100723,28-Apr-24,CUST1723,West,Mumbai,Beauty,Lipstick,3,517.87,15,1320.57,800.71,519.85,Mobile App,Consumer,Debit Card,Delivered
ORD100724,08-Jan-25,CUST1724,East,Patna,Electronics,Smart Watch,1,2582.35,0,2582.35,1691.12,891.22,Marketplace,Consumer,UPI,Delivered
ORD100725,05-Mar-24,CUST1725,West,Mumbai,Clothing,T-Shirt,1,683.75,10,615.38,468.42,146.96,Website,Consumer,UPI,Delivered
ORD100726,25-May-24,CUST1726,North,Jaipur,Clothing,Hoodie,1,1891.45,0,1891.45,1522.55,368.9,Website,Corporate,Cash on Delivery,Delivered
ORD100727,11-Aug-24,CUST1727,West,Pune,Electronics,Bluetooth Speaker,1,1279.62,25,143.96,100.94,43.02,Website,Consumer,Net Banking,Returned
ORD100728,26-Aug-24,CUST1728,Central,Raipur,Clothing,Dress,1,1491.09,5,1416.54,977.74,438.79,Website,Consumer,UPI,Delivered
ORD100729,25-Jun-24,CUST1729,West,Mumbai,Clothing,Sneakers,3,2582.38,20,929.66,638.05,291.61,Website,Corporate,Debit Card,Returned
ORD100730,08-Oct-24,CUST1730,Central,Bhopal,Home & Kitchen,Cookware Set,2,2790.31,15,4743.52,3654.75,1088.77,Marketplace,Student,Credit Card,Delivered
ORD100731,03-Mar-24,CUST1731,North,Chandigarh,Home & Kitchen,Coffee Maker,1,1870.64,10,1683.58,1377.41,306.17,Website,Consumer,UPI,Delivered
ORD100732,04-Aug-24,CUST1732,East,Bhubaneswar,Clothing,T-Shirt,2,690.4,5,1311.75,945.87,365.89,Marketplace,Corporate,Cash on Delivery,Delivered
ORD100733,19-Nov-25,CUST1733,West,Surat,Beauty,Face Serum,2,878.45,20,1405.52,916.72,488.8,Website,Consumer,Credit Card,Delivered
ORD100734,05-Apr-25,CUST1734,East,Guwahati,Clothing,Dress,1,1731.97,0,0,0,0,Marketplace,Consumer,Debit Card,Cancelled
ORD100735,01-Sep-25,CUST1735,South,Hyderabad,Clothing,Dress,1,1369.14,0,0,0,0,Website,Consumer,Credit Card,Cancelled
ORD100736,14-Apr-24,CUST1736,South,Chennai,Home & Kitchen,Cookware Set,1,2481.46,5,353.61,276.22,77.38,Marketplace,Consumer,Credit Card,Returned
ORD100737,08-Apr-24,CUST1737,North,Delhi,Electronics,Wireless Headphones,1,1701.46,10,1531.32,1252.52,278.8,Mobile App,Consumer,Credit Card,Delivered
ORD100738,25-May-25,CUST1738,South,Chennai,Electronics,Wireless Headphones,3,2125.31,5,6057.13,4472.93,1584.2,Website,Consumer,Credit Card,Delivered
ORD100739,19-Jan-25,CUST1739,North,Delhi,Clothing,T-Shirt,1,652.44,25,73.4,59.31,14.09,Mobile App,Consumer,Cash on Delivery,Returned
ORD100740,08-Feb-25,CUST1740,West,Ahmedabad,Sports,Running Shoes,4,3169.07,5,12042.47,7761.36,4281.11,Marketplace,Consumer,UPI,Delivered
ORD100741,01-Jun-25,CUST1741,South,Hyderabad,Beauty,Sunscreen,3,661.95,15,0,0,0,Mobile App,Consumer,Debit Card,Cancelled
ORD100742,20-Apr-25,CUST1742,North,Chandigarh,Electronics,Keyboard,1,1446.49,0,1446.49,995.41,451.08,Website,Consumer,UPI,Delivered
ORD100743,09-Dec-25,CUST1743,East,Kolkata,Beauty,Moisturizer,3,762.9,5,2174.25,1478.81,695.45,Mobile App,Student,UPI,Delivered
ORD100744,06-Oct-25,CUST1744,East,Bhubaneswar,Beauty,Shampoo,1,451.65,5,429.07,309.25,119.82,Marketplace,Consumer,Cash on Delivery,Delivered
ORD100745,12-Mar-25,CUST1745,Central,Nagpur,Home & Kitchen,Cookware Set,1,2255.45,25,0,0,0,Marketplace,Corporate,Credit Card,Cancelled
ORD100746,23-Jan-24,CUST1746,East,Patna,Beauty,Sunscreen,2,610.36,0,1220.71,882.54,338.18,Mobile App,Consumer,Debit Card,Delivered
ORD100747,18-Jul-25,CUST1747,South,Coimbatore,Clothing,Jeans,1,1494.34,15,0,0,0,Website,Consumer,Debit Card,Cancelled
ORD100748,07-Nov-25,CUST1748,West,Mumbai,Electronics,Keyboard,1,1107.49,5,157.82,122.43,35.39,Mobile App,Consumer,Debit Card,Returned
ORD100749,14-Dec-25,CUST1749,East,Patna,Home & Kitchen,Bedsheet,2,954.81,15,1623.18,1212.89,410.29,Marketplace,Student,UPI,Delivered
ORD100750,02-Apr-25,CUST1750,North,Lucknow,Home & Kitchen,Mixer Grinder,3,3611.77,5,1544.03,982.53,561.5,Mobile App,Consumer,Debit Card,Returned
ORD100751,23-Mar-24,CUST1751,East,Guwahati,Home & Kitchen,Bedsheet,1,1091.46,5,1036.89,696.5,340.39,Website,Student,Debit Card,Delivered
ORD100752,24-May-24,CUST1752,Central,Raipur,Home & Kitchen,Bedsheet,1,904.15,15,768.53,447.67,320.86,Mobile App,Corporate,UPI,Delivered
ORD100753,25-Mar-24,CUST1753,South,Chennai,Sports,Dumbbells,2,1524.05,5,434.36,269.07,165.29,Website,Student,UPI,Returned
ORD100754,18-Mar-24,CUST1754,South,Chennai,Sports,Gym Bag,2,1200.56,10,2161,1492.51,668.5,Marketplace,Student,UPI,Delivered
ORD100755,01-Apr-25,CUST1755,North,Chandigarh,Sports,Running Shoes,1,3239.68,0,3239.68,1869.96,1369.72,Marketplace,Student,UPI,Delivered
ORD100756,01-Jan-24,CUST1756,North,Chandigarh,Beauty,Face Serum,4,793.92,15,2699.32,1900.49,798.83,Website,Consumer,Debit Card,Delivered
ORD100757,20-Feb-24,CUST1757,South,Hyderabad,Sports,Dumbbells,2,1777.15,10,3198.87,2096.46,1102.41,Marketplace,Consumer,Credit Card,Delivered
ORD100758,15-Nov-25,CUST1758,East,Bhubaneswar,Electronics,Wireless Headphones,2,2130.42,0,4260.84,2383.46,1877.38,Marketplace,Consumer,Credit Card,Delivered
ORD100759,17-Dec-25,CUST1759,North,Lucknow,Clothing,Hoodie,4,1992.1,15,6773.12,4519.71,2253.41,Website,Corporate,UPI,Delivered
ORD100760,21-Mar-25,CUST1760,Central,Bhopal,Home & Kitchen,Coffee Maker,4,2303.46,0,1382.08,865.05,517.02,Mobile App,Consumer,UPI,Returned
ORD100761,24-Mar-25,CUST1761,West,Mumbai,Beauty,Face Serum,1,868.48,10,781.63,444.03,337.6,Website,Consumer,Credit Card,Delivered
ORD100762,02-May-25,CUST1762,East,Bhubaneswar,Home & Kitchen,Cookware Set,1,2684.85,10,362.46,228.06,134.39,Website,Corporate,Cash on Delivery,Returned
ORD100763,03-Feb-24,CUST1763,Central,Raipur,Beauty,Sunscreen,3,550.2,20,198.07,124.67,73.4,Mobile App,Consumer,Debit Card,Returned
ORD100764,13-Dec-24,CUST1764,North,Lucknow,Electronics,Wireless Headphones,4,1823.04,0,7292.15,4709.78,2582.37,Website,Consumer,Cash on Delivery,Delivered
ORD100765,04-Apr-24,CUST1765,East,Guwahati,Clothing,Hoodie,2,1949.01,15,497,322.53,174.47,Marketplace,Consumer,Credit Card,Returned
ORD100766,12-Mar-24,CUST1766,West,Mumbai,Beauty,Shampoo,1,435.56,5,413.78,275.59,138.19,Marketplace,Student,UPI,Delivered
ORD100767,04-Jul-25,CUST1767,Central,Indore,Electronics,Smart Watch,2,2399.82,10,4319.68,2483.07,1836.6,Website,Consumer,UPI,Delivered
ORD100768,02-Jun-24,CUST1768,West,Ahmedabad,Clothing,Jeans,1,1606.29,10,1445.67,797.18,648.49,Website,Student,Net Banking,Delivered
ORD100769,06-Sep-24,CUST1769,South,Bengaluru,Clothing,Hoodie,5,1924.16,5,9139.78,6843.16,2296.63,Website,Student,Credit Card,Delivered
ORD100770,04-Nov-25,CUST1770,Central,Nagpur,Clothing,T-Shirt,1,620.34,10,0,0,0,Marketplace,Consumer,Cash on Delivery,Cancelled
ORD100771,13-Mar-25,CUST1771,North,Lucknow,Beauty,Moisturizer,4,686.2,15,0,0,0,Mobile App,Consumer,Debit Card,Cancelled
ORD100772,27-Apr-24,CUST1772,Central,Indore,Clothing,Dress,1,1566.31,10,1409.68,892.18,517.49,Mobile App,Consumer,Cash on Delivery,Delivered
ORD100773,01-Nov-24,CUST1773,Central,Bhopal,Home & Kitchen,Coffee Maker,4,2061.35,0,8245.41,6726.04,1519.38,Mobile App,Student,UPI,Delivered
ORD100774,24-Sep-24,CUST1774,North,Lucknow,Electronics,Bluetooth Speaker,1,1645.36,5,1563.09,992.82,570.27,Website,Consumer,Debit Card,Delivered
ORD100775,23-Feb-24,CUST1775,West,Ahmedabad,Beauty,Face Serum,3,820.05,5,2337.13,1667.22,669.91,Website,Consumer,Debit Card,Delivered
ORD100776,23-Aug-24,CUST1776,North,Delhi,Clothing,Jeans,4,1670.86,5,0,0,0,Website,Consumer,Credit Card,Cancelled
ORD100777,23-Jan-25,CUST1777,South,Hyderabad,Home & Kitchen,Mixer Grinder,2,2863.62,0,0,0,0,Mobile App,Consumer,Cash on Delivery,Cancelled
ORD100778,04-Feb-25,CUST1778,East,Patna,Beauty,Sunscreen,2,572.93,10,0,0,0,Mobile App,Consumer,Net Banking,Cancelled
ORD100779,15-Sep-25,CUST1779,East,Patna,Electronics,Bluetooth Speaker,1,1612.16,15,1370.33,821.33,549.01,Website,Consumer,UPI,Delivered
ORD100780,29-Oct-24,CUST1780,Central,Raipur,Sports,Yoga Mat,1,866.75,0,866.75,505.65,361.1,Website,Consumer,Credit Card,Delivered
ORD100781,25-Jul-24,CUST1781,West,Mumbai,Home & Kitchen,Bedsheet,3,919.79,15,2345.46,1906.56,438.9,Mobile App,Consumer,Debit Card,Delivered
ORD100782,16-Aug-24,CUST1782,East,Kolkata,Clothing,T-Shirt,1,782.47,25,0,0,0,Website,Student,Debit Card,Cancelled
ORD100783,31-Jul-25,CUST1783,West,Ahmedabad,Electronics,Smart Watch,3,2713.27,0,8139.82,5927.56,2212.26,Website,Corporate,Credit Card,Delivered
ORD100784,15-Mar-24,CUST1784,Central,Bhopal,Sports,Gym Bag,2,1196.06,5,2272.51,1778.21,494.31,Website,Student,Cash on Delivery,Delivered
ORD100785,10-Mar-25,CUST1785,North,Chandigarh,Beauty,Lipstick,1,499.83,10,67.48,38.85,28.62,Website,Consumer,Debit Card,Returned
ORD100786,12-Apr-24,CUST1786,Central,Indore,Electronics,Power Bank,1,851,5,808.45,603.86,204.59,Mobile App,Consumer,Credit Card,Delivered
ORD100787,25-Feb-25,CUST1787,North,Chandigarh,Clothing,Sneakers,1,2786.06,15,355.22,222.76,132.46,Website,Consumer,UPI,Returned
ORD100788,04-Dec-25,CUST1788,West,Surat,Beauty,Shampoo,1,532.78,5,75.92,52.82,23.11,Marketplace,Student,UPI,Returned
ORD100789,01-Nov-24,CUST1789,South,Coimbatore,Beauty,Face Serum,4,687.07,5,2610.88,1975.13,635.75,Website,Consumer,Net Banking,Delivered
ORD100790,07-Apr-24,CUST1790,North,Chandigarh,Beauty,Moisturizer,2,627.43,0,188.23,105.23,83,Mobile App,Corporate,Cash on Delivery,Returned
ORD100791,30-Nov-24,CUST1791,South,Bengaluru,Clothing,Jeans,1,1606.45,5,1526.12,1125.68,400.45,Marketplace,Student,Debit Card,Delivered
ORD100792,10-Mar-25,CUST1792,West,Ahmedabad,Beauty,Lipstick,1,435.85,5,414.06,276.35,137.71,Website,Consumer,Cash on Delivery,Delivered
ORD100793,22-Mar-25,CUST1793,South,Chennai,Clothing,T-Shirt,2,771.89,5,219.99,147.11,72.88,Website,Consumer,UPI,Returned
ORD100794,03-Nov-24,CUST1794,North,Delhi,Electronics,Keyboard,1,1454.84,0,218.23,173.48,44.74,Website,Consumer,UPI,Returned
ORD100795,05-Sep-24,CUST1795,East,Guwahati,Home & Kitchen,Mixer Grinder,1,3593.72,10,3234.35,2529.68,704.67,Website,Corporate,Cash on Delivery,Delivered
ORD100796,14-Jun-24,CUST1796,Central,Nagpur,Sports,Cricket Bat,1,2097.96,5,0,0,0,Mobile App,Consumer,Credit Card,Cancelled
ORD100797,25-Apr-25,CUST1797,South,Bengaluru,Clothing,Sneakers,3,2452.93,15,938.25,672.67,265.58,Website,Consumer,Credit Card,Returned
ORD100798,30-Nov-24,CUST1798,South,Coimbatore,Clothing,Hoodie,1,1569.19,5,1490.73,995.33,495.4,Website,Corporate,Cash on Delivery,Delivered
ORD100799,25-Jun-25,CUST1799,East,Kolkata,Home & Kitchen,Mixer Grinder,1,3454.78,5,0,0,0,Marketplace,Consumer,Credit Card,Cancelled
ORD100800,15-Apr-24,CUST1800,North,Lucknow,Home & Kitchen,Coffee Maker,4,2104.78,0,8419.12,6565.1,1854.03,Mobile App,Consumer,Credit Card,Delivered
ORD100801,16-Jul-25,CUST1801,Central,Raipur,Beauty,Moisturizer,1,701.77,15,0,0,0,Website,Consumer,UPI,Cancelled
ORD100802,21-Mar-24,CUST1802,Central,Nagpur,Beauty,Shampoo,3,463.68,10,0,0,0,Mobile App,Student,Net Banking,Cancelled
ORD100803,12-May-24,CUST1803,East,Kolkata,Electronics,Power Bank,1,914.47,0,914.47,551.72,362.74,Website,Consumer,Net Banking,Delivered
ORD100804,17-May-24,CUST1804,South,Hyderabad,Sports,Gym Bag,1,1124.13,5,160.19,101.23,58.96,Website,Consumer,UPI,Returned
ORD100805,02-Jul-24,CUST1805,West,Mumbai,Beauty,Moisturizer,1,747.74,25,560.81,317.66,243.15,Website,Consumer,Cash on Delivery,Delivered
ORD100806,04-Feb-25,CUST1806,East,Patna,Sports,Yoga Mat,1,867.67,15,0,0,0,Mobile App,Student,Debit Card,Cancelled
ORD100807,25-Nov-24,CUST1807,Central,Nagpur,Home & Kitchen,Bedsheet,1,933.23,5,0,0,0,Website,Consumer,UPI,Cancelled
ORD100808,22-May-25,CUST1808,West,Ahmedabad,Sports,Yoga Mat,1,869.24,10,782.32,517.34,264.98,Marketplace,Consumer,UPI,Delivered
ORD100809,09-Mar-24,CUST1809,West,Mumbai,Electronics,Smart Watch,1,2145.94,10,1931.34,1138.03,793.31,Website,Student,UPI,Delivered
ORD100810,29-Jun-25,CUST1810,East,Guwahati,Clothing,Jeans,1,1634.6,0,1634.6,1092.25,542.36,Mobile App,Consumer,UPI,Delivered
ORD100811,22-Feb-24,CUST1811,South,Bengaluru,Sports,Cricket Bat,2,1996.95,15,3394.82,2224.78,1170.04,Website,Corporate,Credit Card,Delivered
ORD100812,25-Mar-25,CUST1812,Central,Unknown,Electronics,Bluetooth Speaker,3,1316.58,15,3357.27,2194.26,1163.01,Mobile App,Consumer,Credit Card,Delivered
ORD100813,23-Jul-24,CUST1813,East,Patna,Electronics,Bluetooth Speaker,3,1390.88,10,3755.37,2287.07,1468.3,Website,Consumer,Net Banking,Delivered
ORD100814,05-May-24,CUST1814,West,Pune,Beauty,Shampoo,2,556.66,15,946.33,544.61,401.72,Website,Consumer,UPI,Delivered
ORD100815,12-Feb-24,CUST1815,South,Coimbatore,Beauty,Shampoo,4,504.05,10,1814.59,1125.76,688.83,Marketplace,Student,Debit Card,Delivered
ORD100816,20-Apr-24,CUST1816,West,Surat,Electronics,Power Bank,1,927.75,0,139.16,101.61,37.55,Website,Consumer,UPI,Returned
ORD100817,24-Oct-25,CUST1817,East,Kolkata,Sports,Yoga Mat,1,867.64,5,824.26,469.57,354.69,Marketplace,Consumer,UPI,Delivered
ORD100818,01-Jul-24,CUST1818,North,Lucknow,Beauty,Moisturizer,1,642.93,10,578.64,377.98,200.66,Mobile App,Student,Cash on Delivery,Delivered
ORD100819,04-Apr-24,CUST1819,North,Lucknow,Home & Kitchen,Mixer Grinder,3,2832.48,0,8497.44,5853.73,2643.71,Website,Student,Credit Card,Delivered
ORD100820,08-Jan-25,CUST1820,West,Mumbai,Beauty,Lipstick,3,537.6,10,1451.51,1175.8,275.71,Marketplace,Consumer,Cash on Delivery,Delivered
ORD100821,03-Jun-25,CUST1821,West,Mumbai,Clothing,Dress,2,1485.42,0,2970.84,2310.82,660.02,Website,Consumer,Net Banking,Delivered
ORD100822,25-Dec-24,CUST1822,East,Guwahati,Electronics,Wireless Headphones,1,2151.67,5,306.61,244.52,62.09,Website,Consumer,Cash on Delivery,Returned
ORD100823,26-Nov-25,CUST1823,South,Chennai,Clothing,Sneakers,2,2447.05,20,3915.27,3020.24,895.03,Marketplace,Corporate,UPI,Delivered
ORD100824,07-Oct-24,CUST1824,West,Ahmedabad,Home & Kitchen,Coffee Maker,1,1977.74,25,1483.31,1051.75,431.55,Marketplace,Consumer,Net Banking,Delivered
ORD100825,13-Jul-24,CUST1825,North,Chandigarh,Home & Kitchen,Cookware Set,1,2665.19,10,2398.68,1876.75,521.92,Website,Corporate,UPI,Delivered
ORD100826,13-Jul-24,CUST1826,East,Bhubaneswar,Beauty,Sunscreen,2,570.14,10,1026.25,721.06,305.19,Mobile App,Consumer,Net Banking,Delivered
ORD100827,28-Oct-25,CUST1827,North,Chandigarh,Beauty,Moisturizer,1,727.72,15,0,0,0,Website,Consumer,Credit Card,Cancelled
ORD100828,02-Apr-24,CUST1828,North,Chandigarh,Home & Kitchen,Bedsheet,1,1074.98,15,913.73,594.41,319.32,Mobile App,Corporate,UPI,Delivered
ORD100829,02-Nov-25,CUST1829,South,Hyderabad,Beauty,Shampoo,2,553.89,5,0,0,0,Website,Consumer,Debit Card,Cancelled
ORD100830,01-Mar-24,CUST1830,South,Chennai,Electronics,Keyboard,2,1134.25,10,0,0,0,Website,Consumer,Credit Card,Cancelled
ORD100831,25-Sep-25,CUST1831,North,Lucknow,Electronics,Keyboard,1,1107.09,10,996.38,583.97,412.42,Website,Corporate,Debit Card,Delivered
ORD100832,20-Feb-24,CUST1832,South,Chennai,Sports,Yoga Mat,1,897.27,5,0,0,0,Mobile App,Consumer,Credit Card,Cancelled
ORD100833,06-Feb-25,CUST1833,East,Patna,Electronics,Smart Watch,4,2302.44,0,9209.77,7028.74,2181.02,Mobile App,Corporate,UPI,Delivered
ORD100834,05-Jan-24,CUST1834,East,Kolkata,Electronics,Bluetooth Speaker,1,1464.01,15,1244.41,902.01,342.4,Website,Student,UPI,Delivered
ORD100835,10-Apr-25,CUST1835,South,Hyderabad,Beauty,Moisturizer,1,607.86,5,577.47,445.66,131.81,Mobile App,Consumer,UPI,Delivered
ORD100836,26-Aug-25,CUST1836,Central,Nagpur,Clothing,T-Shirt,1,688.81,5,654.37,532.47,121.91,Mobile App,Consumer,Credit Card,Delivered
ORD100837,12-Nov-25,CUST1837,North,Delhi,Sports,Cricket Bat,2,1766.54,5,3356.42,2073.85,1282.57,Website,Corporate,UPI,Delivered
ORD100838,17-Jun-25,CUST1838,East,Guwahati,Clothing,Hoodie,1,1936.48,0,1936.48,1166.65,769.83,Mobile App,Consumer,Debit Card,Delivered
ORD100839,08-Feb-25,CUST1839,North,Jaipur,Electronics,Bluetooth Speaker,1,1581.54,15,1344.31,863.13,481.18,Website,Consumer,UPI,Delivered
ORD100840,27-May-25,CUST1840,North,Delhi,Clothing,Hoodie,1,1565.13,10,1408.62,1108.65,299.97,Mobile App,Student,Credit Card,Delivered
ORD100841,06-Oct-25,CUST1841,East,Kolkata,Home & Kitchen,Bedsheet,1,1074.74,15,913.53,505.88,407.64,Mobile App,Consumer,Credit Card,Delivered
ORD100842,20-Aug-24,CUST1842,East,Bhubaneswar,Clothing,Sneakers,1,2343.41,10,0,0,0,Website,Corporate,Cash on Delivery,Cancelled
ORD100843,07-Jun-25,CUST1843,Central,Bhopal,Home & Kitchen,Mixer Grinder,2,3118.45,10,5613.21,3415.82,2197.39,Mobile App,Consumer,Cash on Delivery,Delivered
ORD100844,11-Dec-24,CUST1844,East,Bhubaneswar,Sports,Dumbbells,4,1436.78,10,0,0,0,Mobile App,Consumer,Net Banking,Cancelled
ORD100845,15-Feb-24,CUST1845,Central,Nagpur,Sports,Gym Bag,4,1289.56,5,4900.34,3095.22,1805.12,Mobile App,Corporate,UPI,Delivered
ORD100846,29-Jun-25,CUST1846,North,Jaipur,Clothing,T-Shirt,2,670.53,10,1206.95,932.65,274.31,Mobile App,Consumer,UPI,Delivered
ORD100847,18-Mar-24,CUST1847,North,Chandigarh,Clothing,Dress,2,1380.23,10,2484.42,1829.09,655.33,Mobile App,Student,Credit Card,Delivered
ORD100848,30-Dec-25,CUST1848,North,Jaipur,Home & Kitchen,Cookware Set,3,2776.11,25,936.94,727.26,209.67,Mobile App,Consumer,Cash on Delivery,Returned
ORD100849,13-Mar-24,CUST1849,North,Lucknow,Sports,Dumbbells,3,1469.62,20,529.06,345.8,183.26,Mobile App,Student,Credit Card,Returned
ORD100850,05-Sep-24,CUST1850,East,Bhubaneswar,Sports,Yoga Mat,3,991.39,0,2974.16,2114.24,859.92,Website,Corporate,UPI,Delivered
ORD100851,16-Feb-24,CUST1851,West,Pune,Electronics,Bluetooth Speaker,1,1396.07,0,0,0,0,Marketplace,Consumer,Debit Card,Cancelled
ORD100852,30-Apr-24,CUST1852,North,Lucknow,Beauty,Shampoo,1,536.17,15,68.36,46.36,22,Website,Corporate,Debit Card,Returned
ORD100853,01-Aug-24,CUST1853,Central,Bhopal,Clothing,T-Shirt,5,719.51,0,3597.54,2258.49,1339.05,Website,Consumer,Debit Card,Delivered
ORD100854,26-Aug-24,CUST1854,Central,Bhopal,Electronics,Bluetooth Speaker,4,1622.74,0,6490.95,4812.97,1677.98,Mobile App,Student,Credit Card,Delivered
ORD100855,25-Feb-24,CUST1855,South,Hyderabad,Electronics,Bluetooth Speaker,2,1669.21,0,3338.43,2308.48,1029.95,Marketplace,Consumer,Credit Card,Delivered
ORD100856,15-Dec-24,CUST1856,North,Chandigarh,Clothing,Jeans,5,1626.87,5,1159.14,662.13,497.01,Website,Student,Credit Card,Returned
ORD100857,16-Apr-24,CUST1857,North,Jaipur,Home & Kitchen,Coffee Maker,3,2108.82,10,5693.81,3132.4,2561.41,Website,Consumer,Credit Card,Delivered
ORD100858,17-Feb-24,CUST1858,North,Delhi,Electronics,Wireless Headphones,2,2138.76,10,3849.77,2138.49,1711.28,Website,Corporate,UPI,Delivered
ORD100859,26-Jul-25,CUST1859,North,Delhi,Beauty,Face Serum,1,832.67,25,93.68,53.44,40.23,Website,Consumer,UPI,Returned
ORD100860,02-Dec-24,CUST1860,East,Bhubaneswar,Clothing,Hoodie,2,1559.07,5,2962.24,1925.92,1036.32,Marketplace,Consumer,UPI,Delivered
ORD100861,26-Jan-24,CUST1861,South,Bengaluru,Home & Kitchen,Water Bottle,2,659.52,5,0,0,0,Marketplace,Consumer,Cash on Delivery,Cancelled
ORD100862,13-Sep-24,CUST1862,South,Chennai,Clothing,T-Shirt,5,682.09,10,3069.41,1817.99,1251.42,Website,Consumer,Credit Card,Delivered
ORD100863,08-Jan-24,CUST1863,Central,Raipur,Electronics,Bluetooth Speaker,2,1328.57,5,2524.28,1739.66,784.62,Website,Consumer,Net Banking,Delivered
ORD100864,16-Sep-25,CUST1864,West,Pune,Clothing,Dress,3,1542.8,20,555.41,450.96,104.44,Marketplace,Consumer,Debit Card,Returned
ORD100865,09-Sep-24,CUST1865,Central,Nagpur,Electronics,Smart Watch,3,2531.11,5,7213.66,4280.5,2933.16,Website,Student,Cash on Delivery,Delivered
ORD100866,22-Nov-25,CUST1866,North,Chandigarh,Home & Kitchen,Mixer Grinder,1,3314.49,25,2485.87,1535.42,950.45,Website,Consumer,UPI,Delivered
ORD100867,19-Dec-25,CUST1867,South,Chennai,Electronics,Bluetooth Speaker,1,1506.79,10,1356.11,915.06,441.05,Website,Consumer,UPI,Delivered
ORD100868,29-Oct-24,CUST1868,East,Patna,Home & Kitchen,Coffee Maker,2,2021.05,15,0,0,0,Website,Student,UPI,Cancelled
ORD100869,30-Sep-25,CUST1869,North,Chandigarh,Electronics,Power Bank,1,1019.81,10,137.67,98.03,39.64,Website,Consumer,Debit Card,Returned
ORD100870,25-Feb-24,CUST1870,North,Jaipur,Home & Kitchen,Coffee Maker,2,2407.91,20,577.9,399.17,178.73,Website,Consumer,Credit Card,Returned
ORD100871,26-Dec-25,CUST1871,West,Ahmedabad,Beauty,Shampoo,1,476.52,10,428.86,321.25,107.62,Mobile App,Corporate,UPI,Delivered
ORD100872,09-Jun-25,CUST1872,West,Ahmedabad,Electronics,Keyboard,1,1325.31,10,1192.78,928.47,264.31,Mobile App,Consumer,Debit Card,Delivered
ORD100873,18-Apr-25,CUST1873,South,Coimbatore,Clothing,Sneakers,1,2288.78,15,1945.46,1594.73,350.73,Mobile App,Consumer,Credit Card,Delivered
ORD100874,28-Jan-24,CUST1874,East,Kolkata,Electronics,Power Bank,1,862.17,15,732.85,495.18,237.67,Marketplace,Consumer,Debit Card,Delivered
ORD100875,18-Mar-24,CUST1875,South,Chennai,Home & Kitchen,Cookware Set,1,2519.36,20,2015.49,1649.96,365.53,Marketplace,Consumer,Cash on Delivery,Delivered
ORD100876,03-Aug-24,CUST1876,North,Lucknow,Clothing,T-Shirt,5,603.12,5,0,0,0,Website,Consumer,Cash on Delivery,Cancelled
ORD100877,20-Jan-25,CUST1877,South,Bengaluru,Home & Kitchen,Bedsheet,1,1044.32,5,992.11,721.74,270.37,Mobile App,Consumer,UPI,Delivered
ORD100878,30-Dec-24,CUST1878,North,Lucknow,Home & Kitchen,Cookware Set,4,2576.46,0,10305.83,7448.17,2857.66,Mobile App,Corporate,UPI,Delivered
ORD100879,27-Oct-25,CUST1879,North,Chandigarh,Sports,Running Shoes,5,2848.2,5,13528.97,10767.72,2761.25,Marketplace,Corporate,Credit Card,Delivered
ORD100880,09-Jun-25,CUST1880,Central,Nagpur,Home & Kitchen,Water Bottle,4,575.67,15,1957.27,1577.45,379.82,Website,Consumer,UPI,Delivered
ORD100881,29-Nov-25,CUST1881,East,Kolkata,Home & Kitchen,Bedsheet,1,1096.7,0,1096.7,656.04,440.66,Mobile App,Consumer,UPI,Delivered
ORD100882,07-Nov-24,CUST1882,West,Pune,Clothing,Jeans,3,1279.47,10,3454.56,2360.24,1094.32,Mobile App,Consumer,Net Banking,Delivered
ORD100883,07-Jan-24,CUST1883,South,Coimbatore,Sports,Yoga Mat,1,900.88,15,765.75,615.81,149.94,Mobile App,Consumer,Net Banking,Delivered
ORD100884,03-Jan-24,CUST1884,South,Coimbatore,Beauty,Moisturizer,1,768.42,15,0,0,0,Website,Student,UPI,Cancelled
ORD100885,14-Sep-25,CUST1885,South,Bengaluru,Clothing,Jeans,3,1644.07,10,4438.98,2720.31,1718.67,Website,Consumer,Cash on Delivery,Delivered
ORD100886,28-Dec-24,CUST1886,North,Lucknow,Beauty,Shampoo,1,502.92,5,477.77,276.02,201.76,Mobile App,Student,UPI,Delivered
ORD100887,22-May-25,CUST1887,North,Jaipur,Clothing,Jeans,5,1428.45,25,5356.67,3809.92,1546.75,Website,Consumer,Credit Card,Delivered
ORD100888,30-Sep-24,CUST1888,West,Surat,Beauty,Face Serum,2,700.49,0,1400.97,1035.42,365.55,Website,Student,Debit Card,Delivered
ORD100889,20-May-25,CUST1889,West,Surat,Beauty,Lipstick,1,447.56,15,380.43,229.32,151.11,Marketplace,Corporate,Credit Card,Delivered
ORD100890,15-Jan-24,CUST1890,East,Guwahati,Electronics,Power Bank,1,1032.48,0,154.87,113.35,41.52,Website,Consumer,Cash on Delivery,Returned
ORD100891,10-Jul-24,CUST1891,East,Guwahati,Beauty,Shampoo,2,426.39,0,127.92,101.43,26.49,Website,Consumer,Net Banking,Returned
ORD100892,22-Sep-25,CUST1892,Central,Bhopal,Clothing,Sneakers,2,2720.26,20,0,0,0,Marketplace,Consumer,UPI,Cancelled
ORD100893,29-Apr-25,CUST1893,North,Jaipur,Clothing,Sneakers,2,2520.85,15,642.82,374.72,268.09,Website,Consumer,Net Banking,Returned
ORD100894,28-Jan-24,CUST1894,South,Chennai,Clothing,Sneakers,1,2154.61,5,2046.88,1587.49,459.39,Website,Consumer,Credit Card,Delivered
ORD100895,14-Dec-25,CUST1895,South,Bengaluru,Beauty,Sunscreen,1,547.93,10,493.13,393.25,99.89,Mobile App,Consumer,Credit Card,Delivered
ORD100896,08-Feb-24,CUST1896,West,Surat,Electronics,Smart Watch,1,2525.08,10,2272.57,1381.75,890.82,Website,Corporate,UPI,Delivered
ORD100897,29-Sep-24,CUST1897,Central,Raipur,Electronics,Keyboard,1,1116.64,0,1116.64,831.64,285,Website,Consumer,Cash on Delivery,Delivered
ORD100898,18-Aug-24,CUST1898,South,Coimbatore,Beauty,Face Serum,1,847.42,15,720.3,511.09,209.21,Website,Consumer,Debit Card,Delivered
ORD100899,26-Mar-24,CUST1899,Central,Raipur,Electronics,Bluetooth Speaker,1,1646.47,15,1399.5,860.11,539.39,Website,Student,Cash on Delivery,Delivered
ORD100900,18-Apr-25,CUST1900,Central,Indore,Electronics,Smart Watch,1,2772.71,20,2218.17,1713.29,504.88,Marketplace,Consumer,UPI,Delivered
ORD100901,05-May-24,CUST1901,South,Bengaluru,Electronics,Power Bank,2,1047.04,10,1884.67,1275.96,608.71,Marketplace,consumer,UPI,Delivered
ORD100902,20-Jun-25,CUST1902,South,Hyderabad,Clothing,T-Shirt,2,755.86,15,192.74,142.46,50.29,Website,Consumer,UPI,Returned
ORD100903,24-May-24,CUST1903,South,Hyderabad,Clothing,Hoodie,1,1825.79,10,1643.21,1037.5,605.71,Website,Consumer,Credit Card,Delivered
ORD100904,08-Jun-25,CUST1904,Central,Bhopal,Electronics,Bluetooth Speaker,2,1459.74,5,2773.5,2136.32,637.18,Website,Consumer,UPI,Delivered
ORD100905,30-Jul-24,CUST1905,North,Jaipur,Sports,Dumbbells,2,1667.03,10,0,0,0,Website,Consumer,UPI,Cancelled
ORD100906,25-Jan-24,CUST1906,West,Pune,Beauty,Shampoo,2,454.35,20,726.97,471.43,255.53,Marketplace,Consumer,UPI,Delivered
ORD100907,02-Aug-25,CUST1907,South,Hyderabad,Clothing,Dress,2,1406.55,0,0,0,0,Marketplace,Consumer,UPI,Cancelled
ORD100908,28-Jan-25,CUST1908,West,Mumbai,Clothing,Hoodie,1,1899.2,5,1804.24,1092.89,711.35,Website,Consumer,Credit Card,Delivered
ORD100909,07-Mar-24,CUST1909,South,Hyderabad,Clothing,T-Shirt,1,774.99,10,0,0,0,Website,Consumer,Credit Card,Cancelled
ORD100910,20-Aug-24,CUST1910,East,Bhubaneswar,Home & Kitchen,Coffee Maker,1,2212.02,0,2212.02,1284.39,927.63,Website,Consumer,Debit Card,Delivered
ORD100911,18-Apr-24,CUST1911,Central,Indore,Electronics,Wireless Headphones,1,1959.59,20,1567.67,1100.58,467.1,Marketplace,Corporate,Cash on Delivery,Delivered
ORD100912,25-May-24,CUST1912,West,Surat,Electronics,Power Bank,2,993.29,0,1986.59,1529.32,457.27,Mobile App,Consumer,Debit Card,Delivered
ORD100913,20-Apr-24,CUST1913,Central,Nagpur,Sports,Gym Bag,3,1174.04,15,449.07,317.42,131.65,Website,Student,Cash on Delivery,Returned
ORD100914,15-Aug-24,CUST1914,North,Chandigarh,Clothing,Dress,1,1550.06,5,0,0,0,Marketplace,Consumer,UPI,Cancelled
ORD100915,20-Apr-24,CUST1915,West,Mumbai,Clothing,Sneakers,2,2763.14,0,5526.29,4205.32,1320.97,Marketplace,Corporate,Credit Card,Delivered
ORD100916,14-Apr-25,CUST1916,North,Jaipur,Sports,Yoga Mat,3,880.6,15,2245.54,1537.69,707.84,Website,Consumer,UPI,Delivered
ORD100917,03-Feb-24,CUST1917,South,Coimbatore,Home & Kitchen,Mixer Grinder,1,2876.39,10,2588.75,1537.75,1051,Website,Consumer,UPI,Delivered
ORD100918,14-Sep-25,CUST1918,East,Guwahati,Clothing,Sneakers,4,2640.67,0,10562.67,6713.14,3849.53,Website,Consumer,Debit Card,Delivered
ORD100919,03-Jan-25,CUST1919,South,Bengaluru,Beauty,Shampoo,1,476.91,5,453.06,321.59,131.47,Website,Consumer,Cash on Delivery,Delivered
ORD100920,17-Aug-25,CUST1920,East,Bhubaneswar,Electronics,Bluetooth Speaker,4,1561.79,5,5934.8,4319.76,1615.04,Mobile App,Consumer,UPI,Delivered
ORD100921,07-Jul-25,CUST1921,Central,Raipur,Beauty,Sunscreen,1,602.88,5,572.74,399.77,172.97,Mobile App,Consumer,UPI,Delivered
ORD100922,28-Feb-25,CUST1922,North,Lucknow,Home & Kitchen,Mixer Grinder,1,3439.4,10,3095.46,1929.84,1165.62,Mobile App,Corporate,Credit Card,Delivered
ORD100923,04-Sep-25,CUST1923,West,Surat,Beauty,Face Serum,2,692.52,10,1246.54,885.44,361.11,Website,Consumer,UPI,Delivered
ORD100924,01-Jun-25,CUST1924,South,Hyderabad,Sports,Cricket Bat,4,1717.43,5,6526.24,4175.24,2351,Mobile App,Consumer,Debit Card,Delivered
ORD100925,22-Nov-25,CUST1925,North,Chandigarh,Sports,Cricket Bat,1,1903.46,5,1808.29,1104.37,703.91,Mobile App,Student,Cash on Delivery,Delivered
ORD100926,08-Oct-24,CUST1926,North,Jaipur,Sports,Dumbbells,3,1658.41,10,4477.71,3605.87,871.84,Website,Consumer,Credit Card,Delivered
ORD100927,15-Nov-24,CUST1927,Central,Nagpur,Home & Kitchen,Mixer Grinder,2,3003.39,0,6006.78,3814.4,2192.38,Mobile App,Consumer,Cash on Delivery,Delivered
ORD100928,18-Mar-25,CUST1928,Central,Bhopal,Clothing,T-Shirt,1,675.95,10,91.25,58.46,32.79,Marketplace,Consumer,UPI,Returned
ORD100929,10-Nov-24,CUST1929,Central,Bhopal,Clothing,Dress,1,1782.6,10,1604.34,1270.84,333.49,Website,Consumer,UPI,Delivered
ORD100930,11-Jan-25,CUST1930,Central,Indore,Beauty,Sunscreen,2,543.9,5,1033.41,608.19,425.22,Website,Consumer,Debit Card,Delivered
ORD100931,15-Oct-24,CUST1931,South,Coimbatore,Sports,Running Shoes,1,3235.76,0,3235.76,2290.4,945.36,Website,Student,Net Banking,Delivered
ORD100932,12-Mar-25,CUST1932,South,Hyderabad,Electronics,Bluetooth Speaker,3,1608.24,0,4824.72,3674.51,1150.2,Website,Consumer,Net Banking,Delivered
ORD100933,23-Oct-25,CUST1933,West,Surat,Sports,Yoga Mat,4,980.51,10,3529.83,2202.22,1327.6,Mobile App,Consumer,UPI,Delivered
ORD100934,03-Oct-24,CUST1934,East,Patna,Beauty,Lipstick,2,547.45,10,985.4,766.55,218.86,Mobile App,Consumer,Credit Card,Delivered
ORD100935,10-Dec-25,CUST1935,South,Hyderabad,Sports,Yoga Mat,5,887.29,10,3992.81,3025.77,967.04,Mobile App,Consumer,UPI,Delivered
ORD100936,04-Aug-25,CUST1936,South,Bengaluru,Sports,Cricket Bat,1,2067.21,25,1550.41,1056.21,494.2,Mobile App,Consumer,Debit Card,Delivered
ORD100937,17-May-25,CUST1937,East,Guwahati,Clothing,Hoodie,1,1829.76,10,247.02,143.78,103.24,Marketplace,Consumer,Debit Card,Returned
ORD100938,15-Sep-25,CUST1938,East,Guwahati,Electronics,Smart Watch,3,2332.61,15,5948.15,4829.47,1118.67,Website,Consumer,Cash on Delivery,Delivered
ORD100939,30-May-25,CUST1939,North,Delhi,Electronics,Wireless Headphones,3,1850.16,0,5550.48,3988.25,1562.23,Mobile App,Consumer,Credit Card,Delivered
ORD100940,15-Dec-24,CUST1940,East,Bhubaneswar,Clothing,Hoodie,1,1695.06,5,1610.31,1110.49,499.81,Website,Corporate,Cash on Delivery,Delivered
ORD100941,21-Mar-25,CUST1941,East,Patna,Home & Kitchen,Coffee Maker,1,1998.85,5,1898.91,1498.38,400.53,Website,Consumer,Net Banking,Delivered
ORD100942,15-Dec-24,CUST1942,East,Kolkata,Beauty,Face Serum,3,842.54,10,2274.86,1509.97,764.88,Marketplace,Consumer,Credit Card,Delivered
ORD100943,29-Aug-25,CUST1943,South,Hyderabad,Sports,Gym Bag,1,1331.41,5,0,0,0,Mobile App,Consumer,Credit Card,Cancelled
ORD100944,25-Oct-25,CUST1944,West,Mumbai,Home & Kitchen,Bedsheet,1,1083.21,10,974.89,762.14,212.75,Website,Consumer,Credit Card,Delivered
ORD100945,16-May-24,CUST1945,North,Lucknow,Electronics,Wireless Headphones,2,1816.78,15,3088.52,2026.39,1062.14,Website,Student,Credit Card,Delivered
ORD100946,30-Aug-24,CUST1946,South,Coimbatore,Electronics,Smart Watch,5,2159.18,0,1619.38,1228.38,391.01,Mobile App,Consumer,Debit Card,Returned
ORD100947,26-Jun-25,CUST1947,West,Mumbai,Electronics,Smart Watch,3,2634.98,10,1067.17,660.75,406.42,Marketplace,Consumer,UPI,Returned
ORD100948,09-Feb-24,CUST1948,East,Patna,Clothing,Dress,3,1527.62,0,4582.85,3389.65,1193.2,Mobile App,Consumer,Credit Card,Delivered
ORD100949,16-Aug-24,CUST1949,South,Hyderabad,Home & Kitchen,Bedsheet,1,1071.57,10,964.42,663.34,301.07,Website,Consumer,Credit Card,Delivered
ORD100950,01-Jul-25,CUST1950,West,Mumbai,Electronics,Bluetooth Speaker,2,1589.53,15,2702.2,1606.53,1095.68,Website,Consumer,UPI,Delivered
ORD100951,10-Aug-24,CUST1951,East,Bhubaneswar,Clothing,T-Shirt,1,712.18,15,90.8,53.28,37.53,Website,Consumer,Credit Card,Returned
ORD100952,06-Jan-24,CUST1952,West,Ahmedabad,Electronics,Smart Watch,5,2296.44,5,10908.07,7347.41,3560.66,Mobile App,Consumer,Credit Card,Delivered
ORD100953,17-Nov-24,CUST1953,West,Pune,Home & Kitchen,Coffee Maker,2,1930.92,5,3668.75,2721.95,946.8,Website,Consumer,Debit Card,Delivered
ORD100954,12-Apr-25,CUST1954,West,Surat,Clothing,Dress,2,1468.23,10,2642.81,1884.03,758.78,Website,Consumer,UPI,Delivered
ORD100955,15-Mar-24,CUST1955,East,Bhubaneswar,Home & Kitchen,Water Bottle,3,591.59,5,252.91,197.46,55.44,Mobile App,Student,Net Banking,Returned
ORD100956,04-Jan-24,CUST1956,North,Chandigarh,Clothing,Hoodie,1,2004.9,25,1503.68,985.22,518.46,Mobile App,Consumer,Credit Card,Delivered
ORD100957,07-Oct-25,CUST1957,South,Hyderabad,Sports,Running Shoes,5,2600.72,5,12353.42,9608.28,2745.13,Mobile App,Corporate,Credit Card,Delivered
ORD100958,27-Apr-24,CUST1958,South,Chennai,Electronics,Wireless Headphones,1,1807.13,20,0,0,0,Marketplace,Consumer,UPI,Cancelled
ORD100959,28-Aug-25,CUST1959,East,Guwahati,Home & Kitchen,Cookware Set,1,2547.39,20,2037.92,1322.13,715.78,Mobile App,Student,Debit Card,Delivered
ORD100960,18-May-25,CUST1960,East,Bhubaneswar,Beauty,Face Serum,1,744.81,5,707.57,403.11,304.46,Website,Corporate,Credit Card,Delivered
ORD100961,27-Jul-25,CUST1961,South,Chennai,Home & Kitchen,Water Bottle,3,648,5,1846.79,1474.1,372.69,Marketplace,Consumer,UPI,Delivered
ORD100962,16-Mar-25,CUST1962,North,Chandigarh,Sports,Yoga Mat,3,797.99,15,2034.88,1380.33,654.55,Website,Student,UPI,Delivered
ORD100963,12-Jul-24,CUST1963,East,Patna,Clothing,Jeans,1,1663.97,5,237.12,150.65,86.46,Website,Corporate,UPI,Returned
ORD100964,15-Dec-25,CUST1964,South,Bengaluru,Clothing,Hoodie,1,1972.32,10,0,0,0,Mobile App,Consumer,Credit Card,Cancelled
ORD100965,26-Jan-25,CUST1965,West,Surat,Electronics,Power Bank,4,1088.54,0,653.13,453.18,199.94,Website,Student,UPI,Returned
ORD100966,26-Jan-24,CUST1966,North,Delhi,Home & Kitchen,Bedsheet,1,895.83,5,0,0,0,Website,Consumer,UPI,Cancelled
ORD100967,10-Mar-25,CUST1967,East,Kolkata,Clothing,Sneakers,2,2346.47,0,703.94,490.26,213.68,Mobile App,Consumer,Net Banking,Returned
ORD100968,21-Jun-24,CUST1968,Central,Bhopal,Electronics,Power Bank,2,1066.04,5,2025.47,1349.92,675.55,Marketplace,Student,UPI,Delivered
ORD100969,26-Oct-24,CUST1969,North,Jaipur,Home & Kitchen,Coffee Maker,3,2348.77,15,5989.36,4848.78,1140.58,Mobile App,Corporate,Credit Card,Delivered
ORD100970,06-Oct-25,CUST1970,East,Patna,Home & Kitchen,Coffee Maker,2,2287.83,25,0,0,0,Website,Consumer,UPI,Cancelled
ORD100971,21-Nov-24,CUST1971,North,Chandigarh,Electronics,Keyboard,1,1261.29,5,0,0,0,Website,Consumer,Cash on Delivery,Cancelled
ORD100972,13-Feb-25,CUST1972,West,Surat,Beauty,Lipstick,5,466.13,10,2097.59,1553.99,543.59,Website,Consumer,Debit Card,Delivered
ORD100973,27-Apr-24,CUST1973,East,Patna,Home & Kitchen,Cookware Set,1,2773.89,10,2496.5,1623.66,872.84,Website,Consumer,UPI,Delivered
ORD100974,24-Dec-25,CUST1974,South,Coimbatore,Electronics,Keyboard,1,1152.99,5,0,0,0,Mobile App,Consumer,Debit Card,Cancelled
ORD100975,12-Aug-24,CUST1975,East,Kolkata,Clothing,Jeans,1,1291.86,10,0,0,0,Mobile App,Consumer,Debit Card,Cancelled
ORD100976,15-Jun-25,CUST1976,Central,Nagpur,Beauty,Lipstick,5,425.38,15,1807.87,1155.46,652.41,Mobile App,Corporate,UPI,Delivered
ORD100977,22-Apr-24,CUST1977,South,Hyderabad,Home & Kitchen,Cookware Set,2,2647.08,0,5294.17,4322.15,972.02,Marketplace,Consumer,Credit Card,Delivered
ORD100978,19-May-24,CUST1978,North,Jaipur,Clothing,Hoodie,1,1556.69,15,1323.19,855.34,467.85,Mobile App,Consumer,Cash on Delivery,Delivered
ORD100979,12-Jul-25,CUST1979,Central,Raipur,Clothing,T-Shirt,2,695.81,15,1182.87,852.42,330.45,Mobile App,Consumer,UPI,Delivered
ORD100980,01-Jan-24,CUST1980,East,Kolkata,Home & Kitchen,Water Bottle,1,568.55,5,540.12,415.69,124.44,Website,Student,Credit Card,Delivered
ORD100981,30-Mar-24,CUST1981,Central,Nagpur,Sports,Running Shoes,4,2668.11,10,9605.18,5660.1,3945.08,Marketplace,Consumer,Cash on Delivery,Delivered
ORD100982,15-Oct-25,CUST1982,East,Kolkata,Home & Kitchen,Bedsheet,1,1048.91,5,996.47,628.92,367.54,Marketplace,Consumer,Net Banking,Delivered
ORD100983,15-Nov-24,CUST1983,West,Pune,Electronics,Smart Watch,2,2161.26,15,3674.15,2218.17,1455.98,Marketplace,Consumer,Debit Card,Delivered
ORD100984,03-Jul-25,CUST1984,South,Bengaluru,Clothing,Dress,2,1496.61,10,2693.9,2050.3,643.59,Marketplace,Corporate,UPI,Delivered
ORD100985,18-May-24,CUST1985,West,Mumbai,Sports,Cricket Bat,1,2002.58,0,0,0,0,Marketplace,Consumer,Credit Card,Cancelled
ORD100986,25-May-25,CUST1986,Central,Bhopal,Electronics,Wireless Headphones,3,1916.35,15,4886.68,3025.37,1861.31,Mobile App,Student,UPI,Delivered
ORD100987,15-Sep-24,CUST1987,East,Kolkata,Sports,Yoga Mat,1,827.05,10,744.35,410.22,334.13,Mobile App,Consumer,Credit Card,Delivered
ORD100988,03-Nov-25,CUST1988,North,Jaipur,Sports,Dumbbells,2,1758.93,15,2990.19,1986.39,1003.79,Website,Consumer,Debit Card,Delivered
ORD100989,20-Nov-25,CUST1989,South,Chennai,Electronics,Wireless Headphones,3,2201.62,0,6604.87,4858.06,1746.81,Mobile App,Corporate,UPI,Delivered
ORD100990,10-Jan-24,CUST1990,South,Hyderabad,Sports,Cricket Bat,2,1923.73,15,3270.34,2348.35,921.99,Mobile App,Consumer,Credit Card,Delivered
ORD100991,17-Sep-24,CUST1991,South,Bengaluru,Clothing,Jeans,1,1433.51,10,193.52,129.73,63.8,Marketplace,Consumer,Credit Card,Returned
ORD100992,11-Oct-25,CUST1992,South,Bengaluru,Beauty,Moisturizer,5,652.16,15,0,0,0,Mobile App,Consumer,UPI,Cancelled
ORD100993,20-Jun-24,CUST1993,East,Kolkata,Clothing,Hoodie,1,1944.82,10,262.55,178.03,84.52,Marketplace,Student,Credit Card,Returned
ORD100994,13-Jan-24,CUST1994,East,Bhubaneswar,Clothing,Hoodie,2,1805,5,3429.51,1900.21,1529.29,Mobile App,Consumer,Credit Card,Delivered
ORD100995,16-Jun-24,CUST1995,South,Hyderabad,Home & Kitchen,Mixer Grinder,3,2883.89,5,8219.09,4684.43,3534.66,Website,Corporate,Credit Card,Delivered
ORD100996,03-Oct-25,CUST1996,West,Surat,Beauty,Moisturizer,4,755.2,15,385.15,228.75,156.4,Website,Student,UPI,Returned
ORD100997,18-Aug-25,CUST1997,North,Lucknow,Electronics,Smart Watch,2,2485.05,10,0,0,0,Marketplace,Corporate,Cash on Delivery,Cancelled
ORD100998,16-Nov-24,CUST1998,North,Lucknow,Home & Kitchen,Cookware Set,1,2404.56,25,270.51,164.76,105.75,Website,Consumer,UPI,Returned
ORD100999,14-Nov-24,CUST1999,North,Chandigarh,Electronics,Smart Watch,3,2352.12,5,6703.54,4453.24,2250.29,Website,Consumer,Debit Card,Delivered
ORD101000,04-Sep-25,CUST2000,East,Patna,Clothing,Jeans,1,1314.39,15,1117.23,801.93,315.3,Website,Consumer,UPI,Delivered
ORD101001,24-Nov-24,CUST2001,South,Chennai,Clothing,Sneakers,1,2769.67,10,2492.7,1929.99,562.71,Website,Consumer,UPI,Delivered
ORD101002,03-Jul-25,CUST2002,South,Hyderabad,Clothing,Dress,4,1679.17,10,0,0,0,Marketplace,Consumer,Credit Card,Cancelled
ORD101003,22-Feb-25,CUST2003,South,Bengaluru,Clothing,Sneakers,2,2213.06,15,3762.21,2249.14,1513.07,Website,Consumer,Credit Card,Delivered
ORD101004,28-Aug-25,CUST2004,West,Mumbai,Electronics,Smart Watch,1,2469.12,0,2469.12,1992.5,476.61,Website,Corporate,Credit Card,Delivered
ORD101005,04-Apr-24,CUST2005,North,Delhi,Electronics,Bluetooth Speaker,2,1499.01,10,2698.21,1549.6,1148.62,Mobile App,Consumer,Debit Card,Delivered
ORD101006,03-Aug-25,CUST2006,West,Surat,Electronics,Bluetooth Speaker,1,1342.1,10,181.18,117.61,63.57,Marketplace,Consumer,Credit Card,Returned
ORD101007,13-Nov-24,CUST2007,West,Mumbai,Clothing,T-Shirt,1,674.78,5,0,0,0,Mobile App,Student,Credit Card,Cancelled
ORD101008,23-Aug-24,CUST2008,West,Surat,Sports,Dumbbells,1,1637.94,10,1474.14,1050.52,423.62,Website,Student,Cash on Delivery,Delivered
ORD101009,29-Nov-24,CUST2009,Central,Bhopal,Electronics,Keyboard,3,1203.76,10,0,0,0,Marketplace,Consumer,UPI,Cancelled
ORD101010,10-Jan-25,CUST2010,North,Chandigarh,Sports,Running Shoes,2,2817.66,5,803.03,507.08,295.95,Mobile App,Student,Cash on Delivery,Returned
ORD101011,03-Apr-25,CUST2011,North,Chandigarh,Beauty,Moisturizer,2,617.18,5,1172.64,669.82,502.82,Website,Student,Cash on Delivery,Delivered
ORD101012,16-May-24,CUST2012,Central,Raipur,Home & Kitchen,Cookware Set,1,2402.98,15,2042.53,1325.1,717.43,Mobile App,Student,UPI,Delivered
ORD101013,10-Aug-25,CUST2013,East,Guwahati,Home & Kitchen,Water Bottle,2,603.58,0,1207.15,795.01,412.14,Marketplace,Consumer,Credit Card,Delivered
ORD101014,30-Jun-25,CUST2014,East,Kolkata,Beauty,Shampoo,1,439.85,5,417.86,260.31,157.54,Mobile App,Consumer,UPI,Delivered
ORD101015,27-May-25,CUST2015,West,Surat,Electronics,Smart Watch,2,2538.96,15,4316.24,2625.05,1691.18,Marketplace,Consumer,Net Banking,Delivered
ORD101016,22-Oct-24,CUST2016,West,Ahmedabad,Home & Kitchen,Bedsheet,3,956.45,5,2725.87,1760.88,964.99,Mobile App,Corporate,Credit Card,Delivered
ORD101017,15-Nov-24,CUST2017,Central,Bhopal,Beauty,Face Serum,1,825.45,10,742.91,536.86,206.05,Mobile App,Student,UPI,Delivered
ORD101018,25-Jul-25,CUST2018,Central,Raipur,Home & Kitchen,Bedsheet,2,934.07,5,0,0,0,Website,Corporate,Credit Card,Cancelled
ORD101019,14-Dec-24,CUST2019,West,Mumbai,Beauty,Face Serum,4,801.79,15,2726.09,2017.37,708.73,Marketplace,Consumer,Debit Card,Delivered
ORD101020,16-Aug-24,CUST2020,South,Chennai,Electronics,Power Bank,1,1014.44,5,963.72,732.9,230.82,Mobile App,Consumer,Credit Card,Delivered
ORD101021,26-Sep-24,CUST2021,Central,Bhopal,Beauty,Sunscreen,2,620.83,5,176.94,111.94,65,Mobile App,Consumer,UPI,Returned
ORD101022,17-Oct-24,CUST2022,North,Delhi,Home & Kitchen,Mixer Grinder,2,3478.38,10,6261.08,3620.58,2640.5,Mobile App,Corporate,Debit Card,Delivered
ORD101023,25-Dec-25,CUST2023,South,Hyderabad,Clothing,Hoodie,1,1595.38,0,1595.38,1003.03,592.35,Mobile App,Student,Net Banking,Delivered
ORD101024,13-Jun-24,CUST2024,Central,Bhopal,Clothing,Hoodie,2,1998,15,3396.6,2237.39,1159.2,Mobile App,Consumer,Net Banking,Delivered
ORD101025,05-Jan-24,CUST2025,South,Bengaluru,Home & Kitchen,Cookware Set,2,2693.38,15,4578.75,3371.19,1207.56,Mobile App,Consumer,Debit Card,Delivered
ORD101026,13-Jan-25,CUST2026,South,Chennai,Sports,Gym Bag,1,1201.19,15,0,0,0,Mobile App,Corporate,Cash on Delivery,Cancelled
ORD101027,18-Mar-24,CUST2027,North,Delhi,Home & Kitchen,Water Bottle,1,653.15,5,620.49,476.85,143.64,Website,Consumer,Net Banking,Delivered
ORD101028,13-Feb-25,CUST2028,Central,Nagpur,Beauty,Shampoo,5,475.68,15,2021.62,1257.3,764.32,Mobile App,Corporate,UPI,Delivered
ORD101029,27-Jul-25,CUST2029,East,Guwahati,Clothing,Dress,2,1373.95,10,2473.11,1907.96,565.15,Mobile App,Consumer,Credit Card,Delivered
ORD101030,11-May-24,CUST2030,West,Ahmedabad,Electronics,Smart Watch,1,2614.7,0,0,0,0,Mobile App,Consumer,UPI,Cancelled
ORD101031,23-Aug-25,CUST2031,South,Coimbatore,Electronics,Keyboard,1,1435.01,5,1363.26,814.37,548.89,Mobile App,Corporate,Credit Card,Delivered
ORD101032,11-Feb-24,CUST2032,West,Ahmedabad,Electronics,Smart Watch,2,2233.36,15,3796.71,2561.03,1235.68,Website,Consumer,Cash on Delivery,Delivered
ORD101033,29-Mar-24,CUST2033,West,Surat,Clothing,Hoodie,1,1841.9,20,1473.52,1034.51,439.01,Website,Consumer,Net Banking,Delivered
ORD101034,05-Feb-25,CUST2034,South,Bengaluru,Clothing,Hoodie,1,1924.26,0,1924.26,1454.97,469.29,Mobile App,Consumer,Cash on Delivery,Delivered
ORD101035,22-Oct-24,CUST2035,South,Chennai,Beauty,Shampoo,3,546.09,20,1310.62,844.65,465.96,Mobile App,Consumer,UPI,Delivered
ORD101036,21-Oct-24,CUST2036,South,Hyderabad,Beauty,Moisturizer,2,646.34,15,164.82,97.18,67.64,Website,Consumer,Cash on Delivery,Returned
ORD101037,07-Sep-25,CUST2037,Central,Indore,Electronics,Keyboard,1,1149.3,5,1091.84,628.32,463.51,Website,Consumer,Cash on Delivery,Delivered
ORD101038,09-Jun-25,CUST2038,West,Surat,Electronics,Wireless Headphones,1,1832.92,15,1557.98,904.19,653.79,Website,Corporate,Credit Card,Delivered
ORD101039,21-Nov-25,CUST2039,Central,Bhopal,Clothing,T-Shirt,2,703.18,5,1336.05,1077.53,258.52,Website,Consumer,Debit Card,Delivered
ORD101040,28-Sep-25,CUST2040,South,Coimbatore,Home & Kitchen,Bedsheet,1,1096.96,15,932.41,752.43,179.98,Website,Corporate,Cash on Delivery,Delivered
ORD101041,25-Feb-25,CUST2041,West,Surat,Electronics,Keyboard,1,1308.46,15,1112.19,902.62,209.58,Website,Student,Net Banking,Delivered
ORD101042,23-Jan-24,CUST2042,West,Surat,Electronics,Smart Watch,1,2744.65,10,2470.18,1560.34,909.84,Website,Consumer,UPI,Delivered
ORD101043,28-Jul-25,CUST2043,West,Mumbai,Sports,Yoga Mat,1,951.06,20,760.85,457.83,303.02,Mobile App,Consumer,UPI,Delivered
ORD101044,22-May-24,CUST2044,Central,Nagpur,Beauty,Shampoo,1,504.77,0,75.72,61.7,14.02,Mobile App,Consumer,Net Banking,Returned
ORD101045,26-Oct-25,CUST2045,South,Bengaluru,Electronics,Wireless Headphones,4,1710.92,15,5817.11,4751.6,1065.51,Mobile App,Corporate,UPI,Delivered
ORD101046,24-May-24,CUST2046,North,Jaipur,Clothing,T-Shirt,1,657.01,0,0,0,0,Mobile App,Student,UPI,Cancelled
ORD101047,12-Aug-24,CUST2047,West,Mumbai,Clothing,T-Shirt,1,604.99,15,514.25,387.32,126.92,Website,Consumer,UPI,Delivered
ORD101048,17-May-25,CUST2048,West,Mumbai,Beauty,Shampoo,1,467.57,10,420.81,264.24,156.57,Mobile App,Corporate,Credit Card,Delivered
ORD101049,07-Sep-25,CUST2049,East,Patna,Home & Kitchen,Bedsheet,2,865.96,15,0,0,0,Mobile App,Consumer,UPI,Cancelled
ORD101050,13-Apr-24,CUST2050,South,Bengaluru,Electronics,Power Bank,3,894.41,10,0,0,0,Marketplace,Consumer,Debit Card,Cancelled
ORD101051,08-Feb-24,CUST2051,East,Bhubaneswar,Beauty,Moisturizer,1,671.66,20,537.33,424.44,112.88,Marketplace,Consumer,Credit Card,Delivered
ORD101052,16-Jul-24,CUST2052,South,Bengaluru,Clothing,Sneakers,3,2471.56,5,7043.94,3879.15,3164.79,Marketplace,Consumer,Credit Card,Delivered
ORD101053,07-Oct-25,CUST2053,South,Coimbatore,Clothing,T-Shirt,1,635.13,5,0,0,0,Mobile App,Consumer,Net Banking,Cancelled
ORD101054,01-Aug-25,CUST2054,West,Surat,Clothing,Dress,3,1675.43,5,0,0,0,Marketplace,Consumer,Cash on Delivery,Cancelled
ORD101055,25-Jan-25,CUST2055,West,Pune,Home & Kitchen,Bedsheet,1,1008.39,15,857.13,570.32,286.81,Website,Student,Cash on Delivery,Delivered
ORD101056,27-Jun-24,CUST2056,South,Coimbatore,Clothing,Sneakers,1,2590.9,10,349.77,233.34,116.43,Mobile App,Consumer,Credit Card,Returned
ORD101057,07-Jul-25,CUST2057,South,Coimbatore,Electronics,Keyboard,1,1361.15,10,183.76,133.49,50.26,Mobile App,Consumer,Debit Card,Returned
ORD101058,23-Mar-25,CUST2058,South,Hyderabad,Clothing,Sneakers,1,2614.62,15,333.36,185.43,147.94,Website,Student,UPI,Returned
ORD101059,14-May-25,CUST2059,South,Bengaluru,Electronics,Power Bank,2,1101.68,15,1872.86,1379.67,493.18,Website,Consumer,UPI,Delivered
ORD101060,15-Jan-24,CUST2060,West,Pune,Beauty,Lipstick,1,456.11,0,68.42,38.04,30.38,Mobile App,Consumer,Cash on Delivery,Returned
ORD101061,14-Sep-25,CUST2061,Central,Nagpur,Electronics,Power Bank,2,922.02,10,1659.63,995.82,663.81,Website,Consumer,Credit Card,Delivered
ORD101062,30-Oct-25,CUST2062,South,Coimbatore,Electronics,Wireless Headphones,1,1749.99,0,0,0,0,Website,Consumer,UPI,Cancelled
ORD101063,15-Oct-24,CUST2063,West,Ahmedabad,Home & Kitchen,Mixer Grinder,2,3331.98,20,0,0,0,Website,Student,Cash on Delivery,Cancelled
ORD101064,22-Apr-25,CUST2064,Central,Indore,Beauty,Face Serum,1,764.4,15,649.74,531.19,118.55,Mobile App,Consumer,Credit Card,Delivered
ORD101065,18-Aug-24,CUST2065,Central,Nagpur,Beauty,Sunscreen,2,589.4,15,1001.98,763.29,238.69,Website,Student,UPI,Delivered
ORD101066,23-Feb-25,CUST2066,North,Delhi,Home & Kitchen,Cookware Set,1,2238.73,15,1902.92,1409.17,493.75,Mobile App,Consumer,UPI,Delivered
ORD101067,05-Jun-24,CUST2067,Central,Raipur,Electronics,Smart Watch,1,2562.09,10,345.88,215.23,130.65,Mobile App,Consumer,Debit Card,Returned
ORD101068,03-Jul-25,CUST2068,South,Coimbatore,Beauty,Shampoo,1,507.55,10,456.8,257.23,199.57,Mobile App,Corporate,Credit Card,Delivered
ORD101069,16-Mar-25,CUST2069,South,Hyderabad,Beauty,Lipstick,3,459.82,5,1310.5,1067.1,243.4,Website,Consumer,UPI,Delivered
ORD101070,06-Apr-24,CUST2070,North,Jaipur,Electronics,Bluetooth Speaker,2,1462.52,0,438.76,258.83,179.93,Website,Consumer,UPI,Returned
ORD101071,14-Feb-25,CUST2071,East,Kolkata,Sports,Running Shoes,1,3273.29,20,2618.63,2027.49,591.15,Website,Student,UPI,Delivered
ORD101072,15-Oct-24,CUST2072,North,Delhi,Electronics,Wireless Headphones,1,2116.63,10,285.75,172.4,113.35,Marketplace,Consumer,UPI,Returned
ORD101073,10-Sep-24,CUST2073,South,Hyderabad,Sports,Cricket Bat,1,1821.64,20,1457.31,948.72,508.59,Website,Consumer,Cash on Delivery,Delivered
ORD101074,14-Jul-24,CUST2074,South,Coimbatore,Sports,Cricket Bat,1,2173.49,20,1738.8,1281.96,456.84,Mobile App,Corporate,Credit Card,Delivered
ORD101075,20-Aug-25,CUST2075,West,Ahmedabad,Beauty,Face Serum,2,693.67,15,1179.24,949.58,229.66,Mobile App,Consumer,Debit Card,Delivered
ORD101076,05-Jun-25,CUST2076,Central,Indore,Sports,Cricket Bat,1,1922.56,10,1730.3,960.91,769.39,Marketplace,Consumer,Credit Card,Delivered
ORD101077,31-May-25,CUST2077,South,Bengaluru,Beauty,Lipstick,1,434.94,0,434.94,269.84,165.1,Website,Consumer,Credit Card,Delivered
ORD101078,26-Sep-25,CUST2078,Central,Raipur,Electronics,Keyboard,2,1428.3,5,2713.77,2053.08,660.69,Mobile App,Consumer,Cash on Delivery,Delivered
ORD101079,27-Apr-24,CUST2079,Central,Raipur,Clothing,Dress,1,1376.72,10,1239.05,739.49,499.56,Mobile App,Consumer,Debit Card,Delivered
ORD101080,07-Jun-24,CUST2080,West,Mumbai,Electronics,Bluetooth Speaker,1,1335.36,0,200.3,116.2,84.11,Website,Student,UPI,Returned
ORD101081,15-Aug-24,CUST2081,North,Lucknow,Clothing,T-Shirt,2,766.85,0,1533.69,862.65,671.04,Website,Consumer,Credit Card,Delivered
ORD101082,03-Aug-24,CUST2082,West,Pune,Beauty,Lipstick,1,502.58,15,427.2,292.92,134.28,Website,Student,Debit Card,Delivered
ORD101083,26-Nov-25,CUST2083,Central,Bhopal,Clothing,Jeans,3,1595.99,20,0,0,0,Mobile App,Corporate,Credit Card,Cancelled
ORD101084,15-Jan-24,CUST2084,West,Surat,Clothing,Dress,3,1366.23,20,3278.96,2654.87,624.09,Mobile App,Consumer,UPI,Delivered
ORD101085,05-Jun-24,CUST2085,South,Chennai,Home & Kitchen,Bedsheet,1,962.19,0,144.33,89.8,54.52,Website,Consumer,UPI,Returned
ORD101086,09-Oct-25,CUST2086,East,Bhubaneswar,Sports,Running Shoes,1,3346.3,20,0,0,0,Website,Consumer,UPI,Cancelled
ORD101087,17-Sep-24,CUST2087,West,Pune,Electronics,Wireless Headphones,1,2012.1,15,1710.28,1126.54,583.74,Website,Corporate,Debit Card,Delivered
ORD101088,05-Jun-24,CUST2088,East,Guwahati,Clothing,T-Shirt,1,754.51,15,96.2,54.35,41.85,Website,Consumer,Cash on Delivery,Returned
ORD101089,16-Feb-24,CUST2089,North,Delhi,Electronics,Keyboard,4,1442.1,5,5479.98,3504.27,1975.71,Website,Consumer,UPI,Delivered
ORD101090,19-Nov-24,CUST2090,South,Bengaluru,Beauty,Sunscreen,1,619.94,15,79.04,57.2,21.84,Website,Student,Credit Card,Returned
ORD101091,15-Nov-25,CUST2091,West,Ahmedabad,Electronics,Smart Watch,3,2345.21,15,5980.29,3560.69,2419.6,Website,Corporate,Credit Card,Delivered
ORD101092,09-May-24,CUST2092,Central,Nagpur,Home & Kitchen,Water Bottle,2,559.06,10,1006.31,725.15,281.16,Mobile App,Corporate,Credit Card,Delivered
ORD101093,14-Feb-25,CUST2093,North,Jaipur,Clothing,Dress,3,1389.92,5,0,0,0,Mobile App,Consumer,Credit Card,Cancelled
ORD101094,04-Apr-24,CUST2094,Central,Bhopal,Electronics,Power Bank,2,964.53,15,1639.71,1284.44,355.27,Website,Consumer,Credit Card,Delivered
ORD101095,18-Sep-25,CUST2095,South,Bengaluru,Sports,Cricket Bat,2,2193.21,20,0,0,0,Website,Corporate,Cash on Delivery,Cancelled
ORD101096,18-Oct-24,CUST2096,West,Mumbai,Electronics,Keyboard,2,1271.82,20,305.24,202.62,102.62,Marketplace,Consumer,Net Banking,Returned
ORD101097,09-Oct-24,CUST2097,West,Surat,Clothing,Hoodie,3,1971.65,5,5619.2,3726.74,1892.45,Website,Consumer,UPI,Delivered
ORD101098,09-Mar-24,CUST2098,West,Ahmedabad,Electronics,Power Bank,1,1069.56,10,0,0,0,Website,Student,UPI,Cancelled
ORD101099,21-Oct-25,CUST2099,Central,Bhopal,Home & Kitchen,Water Bottle,4,668.32,5,380.94,311.74,69.2,Website,Consumer,Credit Card,Returned
ORD101100,11-Jan-24,CUST2100,South,Coimbatore,Home & Kitchen,Coffee Maker,2,2431.83,15,4134.1,3195.63,938.48,Mobile App,Consumer,Credit Card,Delivered
ORD101101,10-Sep-24,CUST2101,Central,Raipur,Clothing,Sneakers,1,2600.84,15,0,0,0,Website,Consumer,Credit Card,Cancelled
ORD101102,03-Jul-25,CUST2102,North,Chandigarh,Electronics,Bluetooth Speaker,5,1626.76,5,7727.1,4453.04,3274.06,Marketplace,Consumer,Credit Card,Delivered
ORD101103,13-May-24,CUST2103,West,Surat,Clothing,T-Shirt,3,735.33,20,1764.8,1425.45,339.35,Website,Consumer,Cash on Delivery,Delivered
ORD101104,12-Dec-25,CUST2104,West,Surat,Home & Kitchen,Coffee Maker,3,2286.78,15,5831.28,4561.3,1269.98,Website,Student,Credit Card,Delivered
ORD101105,23-Jan-24,CUST2105,West,Pune,Beauty,Shampoo,1,520.56,5,494.53,384.34,110.19,Mobile App,Consumer,Credit Card,Delivered
ORD101106,11-Dec-24,CUST2106,South,Coimbatore,Home & Kitchen,Bedsheet,5,1043.64,5,4957.28,3250.94,1706.34,Website,Consumer,Credit Card,Delivered
ORD101107,28-Oct-24,CUST2107,Central,Nagpur,Home & Kitchen,Bedsheet,2,951.49,0,285.45,191.46,93.99,Website,Consumer,Cash on Delivery,Returned
ORD101108,28-Dec-24,CUST2108,North,Jaipur,Electronics,Smart Watch,2,2409.94,10,0,0,0,Mobile App,Consumer,UPI,Cancelled
ORD101109,30-Jan-25,CUST2109,North,Jaipur,Clothing,Hoodie,4,1671.99,0,6687.96,5371.94,1316.02,Website,Student,UPI,Delivered
ORD101110,05-Aug-24,CUST2110,West,Surat,Electronics,Wireless Headphones,1,1779.17,15,1512.3,1216.9,295.39,Marketplace,Consumer,Credit Card,Delivered
ORD101111,20-May-24,CUST2111,East,Bhubaneswar,Electronics,Power Bank,1,972.81,15,124.03,76.74,47.29,Mobile App,Corporate,Net Banking,Returned
ORD101112,07-Sep-25,CUST2112,Central,Raipur,Electronics,Smart Watch,2,2731.37,10,0,0,0,Website,Consumer,Cash on Delivery,Cancelled
ORD101113,28-Jul-24,CUST2113,South,Chennai,Home & Kitchen,Bedsheet,1,1024.82,0,1024.82,619.95,404.86,Website,Consumer,Credit Card,Delivered
ORD101114,14-Sep-25,CUST2114,North,Delhi,Home & Kitchen,Water Bottle,2,518.24,10,139.92,91.8,48.12,Website,Consumer,UPI,Returned
ORD101115,07-Sep-25,CUST2115,Central,Bhopal,Sports,Cricket Bat,1,2136.98,5,2030.13,1282.32,747.81,Mobile App,Consumer,Credit Card,Delivered
ORD101116,13-Nov-25,CUST2116,East,Kolkata,Electronics,Smart Watch,1,2755.29,20,2204.23,1444.19,760.04,Mobile App,Consumer,Cash on Delivery,Delivered
ORD101117,04-Apr-25,CUST2117,North,Delhi,Home & Kitchen,Water Bottle,1,643.29,10,86.84,55.01,31.84,Marketplace,Consumer,Debit Card,Returned
ORD101118,21-Dec-24,CUST2118,West,Mumbai,Beauty,Lipstick,1,522.17,0,522.17,335.88,186.3,Mobile App,Consumer,Credit Card,Delivered
ORD101119,19-Nov-24,CUST2119,East,Kolkata,Home & Kitchen,Bedsheet,1,889.64,10,0,0,0,Marketplace,Consumer,Debit Card,Cancelled
ORD101120,12-May-24,CUST2120,West,Surat,Clothing,Jeans,1,1415.4,15,1203.09,759.16,443.93,Website,Consumer,Net Banking,Delivered
ORD101121,06-May-24,CUST2121,East,Guwahati,Clothing,Hoodie,1,1803.73,0,270.56,208.32,62.24,Website,Student,Credit Card,Returned
ORD101122,15-Apr-24,CUST2122,Central,Raipur,Electronics,Wireless Headphones,2,1740.63,10,3133.14,2203.66,929.48,Marketplace,Consumer,Credit Card,Delivered
ORD101123,26-Aug-25,CUST2123,Central,Raipur,Clothing,Dress,3,1405.03,15,3582.83,2725.53,857.3,Website,Consumer,Credit Card,Delivered
ORD101124,12-Jan-25,CUST2124,West,Pune,Beauty,Face Serum,1,880.7,0,132.1,105.43,26.67,Marketplace,Consumer,Credit Card,Returned
ORD101125,20-Feb-24,CUST2125,North,Jaipur,Electronics,Bluetooth Speaker,2,1558.55,0,3117.1,1830.91,1286.19,Website,Consumer,Credit Card,Delivered
ORD101126,29-Jan-24,CUST2126,Central,Nagpur,Electronics,Power Bank,1,923.35,15,784.85,504.54,280.31,Website,Consumer,UPI,Delivered
ORD101127,06-Apr-25,CUST2127,West,Pune,Beauty,Lipstick,1,468.26,15,59.7,33.73,25.97,Mobile App,Consumer,Credit Card,Returned
ORD101128,22-Oct-24,CUST2128,West,Surat,Beauty,Moisturizer,4,666.7,15,2266.79,1495.78,771.01,Mobile App,Student,UPI,Delivered
ORD101129,23-Oct-24,CUST2129,South,Hyderabad,Clothing,Jeans,1,1304.53,5,0,0,0,Marketplace,Student,Net Banking,Cancelled
ORD101130,26-Dec-25,CUST2130,Central,Bhopal,Beauty,Lipstick,1,523.74,5,497.55,350.45,147.1,Marketplace,Corporate,UPI,Delivered
ORD101131,10-Feb-25,CUST2131,West,Mumbai,Clothing,T-Shirt,1,627.52,10,564.77,430.08,134.69,Mobile App,Consumer,Net Banking,Delivered
ORD101132,04-Sep-25,CUST2132,North,Lucknow,Electronics,Power Bank,4,1066.32,15,3625.47,2470.1,1155.37,Website,Consumer,Net Banking,Delivered
ORD101133,08-Feb-25,CUST2133,South,Coimbatore,Clothing,Jeans,1,1616.5,10,218.23,139.68,78.54,Mobile App,Consumer,Credit Card,Returned
ORD101134,11-Dec-24,CUST2134,Central,Raipur,Home & Kitchen,Water Bottle,2,612.4,5,0,0,0,Mobile App,Consumer,UPI,Cancelled
ORD101135,13-Sep-25,CUST2135,North,Jaipur,Sports,Running Shoes,1,3172.52,5,3013.9,1679.48,1334.42,Marketplace,Consumer,UPI,Delivered
ORD101136,23-Feb-25,CUST2136,Central,Nagpur,Electronics,Wireless Headphones,1,1791.89,15,0,0,0,Website,Corporate,UPI,Cancelled
ORD101137,30-Jun-24,CUST2137,West,Mumbai,Home & Kitchen,Water Bottle,3,602.3,10,1626.2,907.82,718.38,Website,Student,UPI,Delivered
ORD101138,01-Jan-24,CUST2138,West,Surat,Clothing,Jeans,1,1548.07,0,1548.07,1236.33,311.74,Mobile App,Student,Credit Card,Delivered
ORD101139,20-Jul-25,CUST2139,South,Chennai,Home & Kitchen,Bedsheet,2,1027.59,0,2055.19,1460.09,595.1,Website,Corporate,Debit Card,Delivered
ORD101140,05-Jan-25,CUST2140,South,Hyderabad,Electronics,Keyboard,2,1145.29,20,0,0,0,Website,Corporate,UPI,Cancelled
ORD101141,22-Oct-25,CUST2141,Central,Bhopal,Clothing,Dress,1,1507.83,25,1130.87,634.78,496.09,Mobile App,Consumer,Debit Card,Delivered
ORD101142,06-Mar-25,CUST2142,South,Chennai,Beauty,Lipstick,1,467.94,5,444.55,294.13,150.42,Marketplace,Student,Credit Card,Delivered
ORD101143,04-Nov-24,CUST2143,West,Ahmedabad,Home & Kitchen,Water Bottle,2,601.74,5,1143.32,896.55,246.76,Website,Consumer,UPI,Delivered
ORD101144,16-May-24,CUST2144,South,Coimbatore,Clothing,Hoodie,1,1900.85,0,1900.85,1543.21,357.64,Website,Consumer,UPI,Delivered
ORD101145,20-Jul-24,CUST2145,North,Delhi,Clothing,T-Shirt,1,701.84,5,100.01,57.3,42.71,Marketplace,Consumer,Credit Card,Returned
ORD101146,11-Mar-25,CUST2146,North,Chandigarh,Clothing,Hoodie,1,1895.79,10,1706.21,1296.43,409.79,Marketplace,Consumer,UPI,Delivered
ORD101147,08-Nov-24,CUST2147,East,Bhubaneswar,Clothing,Hoodie,3,1577.22,5,4495.08,2785.86,1709.23,Website,Consumer,Credit Card,Delivered
ORD101148,26-Apr-24,CUST2148,Central,Indore,Beauty,Sunscreen,3,651.17,15,1660.49,1083.38,577.11,Mobile App,Consumer,Credit Card,Delivered
ORD101149,27-Oct-25,CUST2149,South,Chennai,Sports,Cricket Bat,3,1988.78,10,5369.7,3747.36,1622.34,Website,Consumer,Debit Card,Delivered
ORD101150,28-Jul-25,CUST2150,South,Chennai,Clothing,Sneakers,1,2149.45,15,1827.03,1495.57,331.47,Marketplace,Consumer,UPI,Delivered
ORD101151,31-Aug-24,CUST2151,South,Chennai,Clothing,Jeans,2,1534.48,15,2608.61,1581.81,1026.8,Mobile App,Consumer,Cash on Delivery,Delivered
ORD101152,20-Jun-25,CUST2152,East,Bhubaneswar,Beauty,Shampoo,1,493.85,0,74.08,43.35,30.72,Mobile App,Consumer,UPI,Returned
ORD101153,24-Aug-25,CUST2153,East,Patna,Clothing,Jeans,1,1363.34,0,1363.34,968.85,394.49,Marketplace,Consumer,Debit Card,Delivered
ORD101154,15-Mar-24,CUST2154,Central,Bhopal,Home & Kitchen,Water Bottle,3,632.78,20,0,0,0,Marketplace,Consumer,UPI,Cancelled
ORD101155,20-Jan-25,CUST2155,East,Bhubaneswar,Electronics,Smart Watch,3,2754.06,15,0,0,0,Website,Student,UPI,Cancelled
ORD101156,28-Jul-24,CUST2156,East,Bhubaneswar,Beauty,Sunscreen,3,561.34,10,1515.61,975.82,539.79,Website,Corporate,UPI,Delivered
ORD101157,19-Apr-25,CUST2157,North,Chandigarh,Home & Kitchen,Water Bottle,1,589.03,0,88.35,71.9,16.45,Mobile App,Consumer,Credit Card,Returned
ORD101158,21-Feb-25,CUST2158,Central,Bhopal,Beauty,Moisturizer,3,618.34,20,0,0,0,Mobile App,Consumer,Net Banking,Cancelled
ORD101159,12-Dec-24,CUST2159,South,Bengaluru,Beauty,Lipstick,4,549.42,5,2087.8,1582.71,505.09,Mobile App,Corporate,UPI,Delivered
ORD101160,12-Jun-25,CUST2160,North,Chandigarh,Electronics,Wireless Headphones,1,1871.21,0,1871.21,1434.57,436.64,Mobile App,Student,UPI,Delivered
ORD101161,01-Oct-25,CUST2161,West,Mumbai,Beauty,Sunscreen,1,540.65,20,432.52,326.74,105.78,Website,Consumer,UPI,Delivered
ORD101162,27-Jun-24,CUST2162,East,Guwahati,Beauty,Sunscreen,1,586.53,15,0,0,0,Marketplace,Consumer,UPI,Cancelled
ORD101163,30-Jun-24,CUST2163,South,Chennai,Clothing,Sneakers,1,2153.35,15,1830.35,1080.95,749.4,Marketplace,Consumer,UPI,Delivered
ORD101164,25-Oct-25,CUST2164,South,Hyderabad,Electronics,Bluetooth Speaker,3,1376.48,0,4129.44,2889.27,1240.17,Marketplace,Corporate,Debit Card,Delivered
ORD101165,25-Jan-24,CUST2165,West,Ahmedabad,Electronics,Keyboard,1,1127.88,10,152.26,122.97,29.29,Mobile App,Consumer,UPI,Returned
ORD101166,28-Jun-24,CUST2166,South,Hyderabad,Clothing,Hoodie,2,1591.02,15,2704.73,2129,575.73,Website,Consumer,UPI,Delivered
ORD101167,10-Dec-25,CUST2167,Central,Raipur,Clothing,T-Shirt,2,615.32,15,0,0,0,Mobile App,Consumer,Credit Card,Cancelled
ORD101168,15-May-25,CUST2168,West,Surat,Home & Kitchen,Water Bottle,2,650.25,10,0,0,0,Website,Consumer,Credit Card,Cancelled
ORD101169,09-Jun-24,CUST2169,South,Chennai,Electronics,Wireless Headphones,1,2201.33,25,0,0,0,Mobile App,Student,UPI,Cancelled
ORD101170,25-Jun-24,CUST2170,East,Kolkata,Sports,Yoga Mat,5,879.33,5,4176.82,2988.57,1188.25,Mobile App,Corporate,Net Banking,Delivered
ORD101171,11-Oct-24,CUST2171,South,Bengaluru,Clothing,T-Shirt,1,713.13,0,713.13,450.82,262.31,Website,Corporate,Credit Card,Delivered
ORD101172,03-Mar-24,CUST2172,West,Surat,Electronics,Keyboard,2,1348.22,5,2561.62,1797.43,764.19,Mobile App,Consumer,Credit Card,Delivered
ORD101173,23-Oct-25,CUST2173,East,Bhubaneswar,Home & Kitchen,Water Bottle,3,572.44,15,218.96,133.53,85.43,Website,Consumer,Cash on Delivery,Returned
ORD101174,27-Oct-25,CUST2174,South,Hyderabad,Home & Kitchen,Cookware Set,1,2373.94,15,2017.85,1625.74,392.11,Marketplace,Student,Cash on Delivery,Delivered
ORD101175,04-Jun-24,CUST2175,East,Bhubaneswar,Electronics,Smart Watch,4,2579.98,15,1315.79,1017.56,298.23,Website,Consumer,UPI,Returned
ORD101176,13-Apr-25,CUST2176,Central,Indore,Clothing,Hoodie,2,1712.13,0,513.64,415.95,97.69,Mobile App,Consumer,UPI,Returned
ORD101177,18-Feb-24,CUST2177,South,Hyderabad,Electronics,Bluetooth Speaker,2,1509.3,20,2414.88,1450.15,964.73,Website,Consumer,Debit Card,Delivered
ORD101178,24-Mar-24,CUST2178,Central,Indore,Beauty,Face Serum,2,790.29,5,0,0,0,Mobile App,Student,Debit Card,Cancelled
ORD101179,26-Dec-24,CUST2179,South,Coimbatore,Beauty,Lipstick,2,494.81,5,0,0,0,Mobile App,Consumer,UPI,Cancelled
ORD101180,19-Nov-25,CUST2180,North,Chandigarh,Clothing,Dress,1,1717.21,10,1545.49,985.63,559.86,Website,Corporate,UPI,Delivered
ORD101181,27-May-24,CUST2181,South,Chennai,Beauty,Face Serum,2,831.04,5,0,0,0,Mobile App,Consumer,Credit Card,Cancelled
ORD101182,21-Sep-25,CUST2182,South,Hyderabad,Beauty,Sunscreen,2,664.52,10,1196.14,962.87,233.27,Mobile App,Consumer,Debit Card,Delivered
ORD101183,07-Dec-24,CUST2183,South,Bengaluru,Electronics,Bluetooth Speaker,1,1594.28,10,1434.85,1057.05,377.81,Mobile App,Corporate,Credit Card,Delivered
ORD101184,20-Apr-25,CUST2184,North,Jaipur,Sports,Cricket Bat,2,1777.84,5,506.68,327.91,178.77,Website,Corporate,Debit Card,Returned
ORD101185,03-Mar-24,CUST2185,Central,Nagpur,Beauty,Sunscreen,2,628.58,5,1194.31,979.3,215.01,Mobile App,Consumer,UPI,Delivered
ORD101186,01-Dec-25,CUST2186,Central,Indore,Electronics,Keyboard,2,1337.61,10,2407.7,1549,858.71,Website,Corporate,UPI,Delivered
ORD101187,25-Dec-24,CUST2187,West,Mumbai,Electronics,Wireless Headphones,1,2047.84,5,0,0,0,Mobile App,Consumer,UPI,Cancelled
ORD101188,14-Jul-25,CUST2188,North,Jaipur,Electronics,Bluetooth Speaker,1,1468.72,5,1395.29,1062.9,332.38,Website,Consumer,Net Banking,Delivered
ORD101189,22-Nov-24,CUST2189,North,Chandigarh,Electronics,Wireless Headphones,1,1732.86,15,1472.93,1097.62,375.32,Website,Consumer,Cash on Delivery,Delivered
ORD101190,20-May-24,CUST2190,North,Jaipur,Beauty,Lipstick,1,552.34,0,552.34,403.62,148.72,Website,Corporate,Debit Card,Delivered
ORD101191,02-Aug-24,CUST2191,West,Ahmedabad,Clothing,T-Shirt,4,754.93,10,2717.76,1574.51,1143.25,Marketplace,Consumer,UPI,Delivered
ORD101192,10-Mar-25,CUST2192,Central,Raipur,Beauty,Shampoo,1,489.74,15,416.28,340.78,75.5,Marketplace,Consumer,Debit Card,Delivered
ORD101193,23-Dec-25,CUST2193,South,Bengaluru,Beauty,Face Serum,1,713.36,15,606.36,359.86,246.5,Marketplace,Consumer,Cash on Delivery,Delivered
ORD101194,13-Nov-24,CUST2194,North,Delhi,Home & Kitchen,Bedsheet,3,1071.54,15,409.86,291.39,118.47,Mobile App,Corporate,Cash on Delivery,Returned
ORD101195,01-Feb-24,CUST2195,East,Patna,Beauty,Face Serum,1,772.06,0,0,0,0,Marketplace,Consumer,Debit Card,Cancelled
ORD101196,31-Oct-25,CUST2196,South,Bengaluru,Electronics,Wireless Headphones,1,1909.71,0,286.46,170.6,115.85,Mobile App,Corporate,UPI,Returned
ORD101197,11-Oct-24,CUST2197,South,Bengaluru,Clothing,Hoodie,2,1852.35,10,3334.22,2337.48,996.75,Mobile App,Student,Debit Card,Delivered
ORD101198,31-Oct-24,CUST2198,West,Surat,Home & Kitchen,Mixer Grinder,3,3479.92,15,1331.07,1032.66,298.41,Marketplace,Consumer,Credit Card,Returned
ORD101199,04-Mar-25,CUST2199,West,Mumbai,Electronics,Smart Watch,3,2166.55,5,6174.67,4024.5,2150.17,Mobile App,Corporate,Credit Card,Delivered
ORD101200,21-Apr-25,CUST2200,North,Delhi,Electronics,Power Bank,3,1056.18,10,2851.69,1627.85,1223.85,Mobile App,Consumer,Net Banking,Delivered
ORD101201,12-Oct-24,CUST1001,North,Delhi,Sports,Running Shoes,1,3143.44,15,2671.93,1919.55,752.37,Marketplace,Corporate,UPI,Delivered
ORD101202,23-May-24,CUST1002,Central,Nagpur,Beauty,Moisturizer,3,705.35,15,1798.65,1361.46,437.19,Marketplace,Corporate,Cash on Delivery,Delivered
ORD101203,27-Feb-25,CUST1003,South,Hyderabad,Clothing,Jeans,1,1411.12,15,1199.45,755.59,443.87,Website,Consumer,UPI,Delivered
ORD101204,19-Jan-24,CUST1004,North,Chandigarh,Beauty,Moisturizer,1,625.25,0,625.25,460.47,164.78,Website,Consumer,Credit Card,Delivered
ORD101205,18-Jan-24,CUST1005,North,Chandigarh,Beauty,Face Serum,1,701.3,0,701.3,400.06,301.23,Mobile App,Student,UPI,Delivered
ORD101206,12-Aug-25,CUST1006,North,Lucknow,Clothing,Hoodie,1,1529.72,5,1453.24,941.1,512.14,Website,Corporate,Credit Card,Delivered
ORD101207,05-Jan-25,CUST1007,South,Chennai,Electronics,Bluetooth Speaker,1,1357.71,0,1357.71,920.55,437.16,Marketplace,Corporate,Cash on Delivery,Delivered
ORD101208,23-Jun-24,CUST1008,West,Ahmedabad,Sports,Gym Bag,2,1152.31,20,1843.7,1403.3,440.4,Marketplace,Consumer,UPI,Delivered
ORD101209,12-Jul-24,CUST1009,South,Hyderabad,Clothing,Sneakers,2,2288.54,0,4577.09,2935.28,1641.81,Mobile App,Consumer,Debit Card,Delivered
ORD101210,16-May-25,CUST1010,East,Patna,Electronics,Keyboard,1,1212.52,0,0,0,0,Mobile App,Consumer,Credit Card,Cancelled
ORD101211,22-Apr-24,CUST1011,West,Pune,Home & Kitchen,Water Bottle,2,572.3,0,1144.6,823.71,320.88,Website,Consumer,Net Banking,Delivered
ORD101212,23-Apr-24,CUST1012,East,Kolkata,Beauty,Moisturizer,2,652.33,10,0,0,0,Marketplace,Student,Credit Card,Cancelled
ORD101213,09-Aug-24,CUST1013,Central,Bhopal,Electronics,Bluetooth Speaker,1,1567.43,10,0,0,0,Marketplace,Consumer,UPI,Cancelled
ORD101214,08-Nov-25,CUST1014,Central,Raipur,Clothing,Sneakers,1,2455.93,15,2087.54,1333.29,754.25,Website,Corporate,Cash on Delivery,Delivered
ORD101215,05-Oct-25,CUST1015,North,Lucknow,Electronics,Wireless Headphones,1,1709.58,20,1367.67,999.6,368.07,Website,Consumer,Net Banking,Delivered
ORD101216,20-Sep-24,CUST1016,West,Surat,Sports,Gym Bag,1,1092.53,10,983.28,763.05,220.22,Website,Corporate,UPI,Delivered
ORD101217,24-Feb-24,CUST1017,East,Patna,Electronics,Keyboard,2,1353.05,0,2706.1,1600.74,1105.36,Mobile App,Consumer,Net Banking,Delivered
ORD101218,04-Oct-25,CUST1018,Central,Indore,Home & Kitchen,Cookware Set,1,2327.2,15,1978.12,1269.8,708.31,Website,Consumer,Credit Card,Delivered
ORD101219,02-Apr-25,CUST1019,East,Kolkata,Sports,Gym Bag,1,1317.03,15,1119.47,817.84,301.63,Website,Consumer,Cash on Delivery,Delivered
ORD101220,10-Jun-24,CUST1020,Central,Bhopal,Electronics,Bluetooth Speaker,1,1562.59,0,1562.59,1178.28,384.3,Website,Consumer,UPI,Delivered
ORD101221,14-Jan-25,CUST1021,West,Ahmedabad,Sports,Gym Bag,3,1113.01,5,3172.07,2413.93,758.14,Mobile App,Student,UPI,Delivered
ORD101222,27-Mar-24,CUST1022,South,Chennai,Sports,Cricket Bat,1,1977.87,15,252.18,183.18,69,Marketplace,Student,Debit Card,Returned
ORD101223,24-Feb-24,CUST1023,East,Patna,Sports,Dumbbells,2,1647.22,5,3129.71,2125.49,1004.22,Mobile App,Consumer,Cash on Delivery,Delivered
ORD101224,20-Apr-25,CUST1024,Central,Raipur,Electronics,Bluetooth Speaker,1,1352.41,10,1217.17,881.68,335.49,Mobile App,Consumer,UPI,Delivered
ORD101225,26-Jun-24,CUST1025,Central,Indore,Home & Kitchen,Water Bottle,3,548.97,15,0,0,0,Website,Consumer,Credit Card,Cancelled
ORD101226,25-Jan-25,CUST1026,North,Lucknow,Beauty,Moisturizer,4,689.86,0,0,0,0,Mobile App,Corporate,Cash on Delivery,Cancelled
ORD101227,14-Dec-24,CUST1027,West,Pune,Sports,Gym Bag,2,1318.57,15,336.23,269.13,67.1,Website,Student,Credit Card,Returned
ORD101228,08-Jan-24,CUST1028,South,Hyderabad,Electronics,Wireless Headphones,3,1884.82,5,5371.74,4291.95,1079.8,Website,Consumer,Debit Card,Delivered
ORD101229,08-Nov-24,CUST1029,North,Chandigarh,Beauty,Face Serum,2,765.9,0,1531.8,1141.88,389.92,Website,Corporate,Credit Card,Delivered
ORD101230,18-Mar-25,CUST1030,South,Hyderabad,Clothing,Hoodie,3,1621.74,15,0,0,0,Website,Consumer,Debit Card,Cancelled
ORD101231,23-Nov-24,CUST1031,South,Bengaluru,Electronics,Keyboard,3,1312.21,0,3936.62,2854.78,1081.83,Website,Corporate,Cash on Delivery,Delivered
ORD101232,23-Feb-24,CUST1032,West,Pune,Clothing,T-Shirt,1,733.84,15,623.76,458.9,164.86,Mobile App,Consumer,Credit Card,Delivered
ORD101233,26-Aug-24,CUST1033,South,Coimbatore,Beauty,Sunscreen,2,580.42,5,0,0,0,Website,Corporate,Debit Card,Cancelled
ORD101234,16-Aug-24,CUST1034,Central,Bhopal,Clothing,T-Shirt,4,735.74,0,2942.98,2213.42,729.56,Mobile App,Consumer,Debit Card,Delivered
ORD101235,01-Aug-25,CUST1035,North,Lucknow,Home & Kitchen,Water Bottle,1,558.09,0,558.09,311.42,246.67,Mobile App,Consumer,Credit Card,Delivered
ORD101236,20-Feb-24,CUST1036,South,Chennai,Sports,Gym Bag,5,1248.02,15,5304.09,3284.19,2019.91,Mobile App,Consumer,UPI,Delivered
ORD101237,31-Aug-25,CUST1037,South,Chennai,Clothing,T-Shirt,2,642.91,5,183.23,140.08,43.15,Mobile App,Student,Cash on Delivery,Returned
ORD101238,26-Aug-25,CUST1038,South,Bengaluru,Home & Kitchen,Water Bottle,1,635.4,5,603.63,484.99,118.64,Marketplace,Corporate,UPI,Delivered
ORD101239,20-Sep-24,CUST1039,North,Delhi,Clothing,Dress,2,1717.76,10,3091.97,2431.97,660,Website,Consumer,UPI,Delivered
ORD101240,21-Feb-25,CUST1040,North,Delhi,Clothing,Jeans,3,1597.01,10,4311.93,3205.72,1106.21,Mobile App,Corporate,Net Banking,Delivered
ORD101241,05-Apr-24,CUST1041,East,Kolkata,Beauty,Shampoo,1,453.18,0,0,0,0,Website,Corporate,UPI,Cancelled
ORD101242,28-Mar-24,CUST1042,South,Hyderabad,Sports,Gym Bag,1,1243.9,20,995.12,646.38,348.74,Website,Consumer,Cash on Delivery,Delivered
ORD101243,18-Mar-24,CUST1043,South,Bengaluru,Home & Kitchen,Cookware Set,2,2487.52,25,559.69,315.42,244.27,Website,Consumer,UPI,Returned
ORD101244,14-Oct-24,CUST1044,South,Hyderabad,Beauty,Shampoo,4,557,10,2005.2,1449.28,555.92,Website,Consumer,Credit Card,Delivered
ORD101245,29-Apr-24,CUST1045,Central,Bhopal,Electronics,Bluetooth Speaker,2,1420.49,10,0,0,0,Mobile App,Consumer,UPI,Cancelled
ORD101246,05-May-25,CUST1046,Central,Bhopal,Electronics,Power Bank,1,1057.18,20,126.86,89.4,37.46,Website,Consumer,UPI,Returned
ORD101247,27-Mar-25,CUST1047,East,Guwahati,Home & Kitchen,Mixer Grinder,1,3133.79,10,423.06,344.55,78.51,Mobile App,Corporate,Debit Card,Returned
ORD101248,14-May-25,CUST1048,South,Chennai,Electronics,Smart Watch,4,2391.92,20,1148.12,756.16,391.96,Mobile App,Consumer,Net Banking,Returned
ORD101249,13-Jun-24,CUST1049,North,Lucknow,Clothing,Dress,1,1407.07,0,1407.07,890.41,516.66,Marketplace,Consumer,Cash on Delivery,Delivered
ORD101250,30-Jun-24,CUST1050,Central,Indore,Home & Kitchen,Mixer Grinder,2,3017.62,10,5431.72,3208.32,2223.4,Mobile App,Student,Net Banking,Delivered
ORD101251,13-Apr-25,CUST1051,North,Chandigarh,Electronics,Power Bank,1,893.52,25,100.52,59.18,41.34,Website,Student,Debit Card,Returned
ORD101252,07-Jan-24,CUST1052,South,Coimbatore,Clothing,Jeans,1,1338.58,5,190.75,131.62,59.13,Mobile App,Consumer,UPI,Returned
ORD101253,25-Nov-24,CUST1053,South,Coimbatore,Home & Kitchen,Coffee Maker,1,1874.5,5,267.12,200.95,66.17,Mobile App,Consumer,Credit Card,Returned
ORD101254,03-Nov-25,CUST1054,South,Coimbatore,Home & Kitchen,Coffee Maker,1,2340.44,10,0,0,0,Marketplace,Consumer,Credit Card,Cancelled
ORD101255,30-May-24,CUST1055,North,Chandigarh,Sports,Cricket Bat,3,1951.71,20,702.61,552.11,150.51,Mobile App,Consumer,UPI,Returned
ORD101256,25-Mar-24,CUST1056,West,Mumbai,Home & Kitchen,Mixer Grinder,1,3520.45,5,3344.42,2124.66,1219.76,Mobile App,Corporate,Cash on Delivery,Delivered
ORD101257,26-May-24,CUST1057,North,Lucknow,Clothing,Dress,1,1623.61,20,1298.89,923.07,375.82,Mobile App,Student,Debit Card,Delivered
ORD101258,15-Sep-25,CUST1058,West,Mumbai,Sports,Running Shoes,1,3222.31,15,2738.96,1995.43,743.53,Website,Consumer,Credit Card,Delivered
ORD101259,15-Jan-25,CUST1059,North,Lucknow,Beauty,Sunscreen,4,590.62,25,1771.87,1108.81,663.06,Mobile App,Consumer,UPI,Delivered
ORD101260,01-Jul-25,CUST1060,North,Delhi,Electronics,Wireless Headphones,2,1749.91,15,446.23,293.17,153.05,Mobile App,Corporate,UPI,Returned
ORD101261,11-Oct-24,CUST1061,Central,Indore,Electronics,Smart Watch,1,2540.3,15,2159.25,1532.11,627.15,Website,Corporate,Net Banking,Delivered
ORD101262,30-Nov-25,CUST1062,South,Coimbatore,Home & Kitchen,Coffee Maker,1,2271.56,15,1930.83,1072.87,857.96,Mobile App,Student,Cash on Delivery,Delivered
ORD101263,22-Mar-24,CUST1063,Central,Nagpur,Home & Kitchen,Cookware Set,2,2546.87,0,5093.74,4020.92,1072.82,Website,Corporate,Debit Card,Delivered
ORD101264,28-May-25,CUST1064,East,Guwahati,Beauty,Shampoo,3,532.11,20,1277.07,740.69,536.39,Marketplace,Consumer,Net Banking,Delivered
ORD101265,09-Dec-25,CUST1065,North,Delhi,Beauty,Face Serum,1,836.96,0,836.96,471.07,365.88,Marketplace,Consumer,UPI,Delivered
ORD101266,06-Jun-25,CUST1066,Central,Indore,Home & Kitchen,Mixer Grinder,1,3189.51,0,0,0,0,Mobile App,Consumer,Cash on Delivery,Cancelled
ORD101267,20-Jan-25,CUST1067,South,Bengaluru,Sports,Yoga Mat,2,962.97,15,1637.05,1122.4,514.65,Mobile App,Consumer,Credit Card,Delivered
ORD101268,07-Dec-25,CUST1068,Central,Bhopal,Home & Kitchen,Cookware Set,2,2590.92,5,738.41,471.66,266.75,Marketplace,Consumer,Net Banking,Returned
ORD101269,15-Apr-25,CUST1069,North,Lucknow,Electronics,Power Bank,2,881.62,15,1498.75,1002.42,496.33,Website,Consumer,Debit Card,Delivered
ORD101270,28-Apr-24,CUST1070,Central,Raipur,Beauty,Lipstick,1,496.89,15,422.35,241.9,180.45,Website,Consumer,Debit Card,Delivered
ORD101271,30-Jan-25,CUST1071,North,Chandigarh,Clothing,Sneakers,1,2615.73,5,2484.94,1523.12,961.83,Mobile App,Student,UPI,Delivered
ORD101272,15-Jun-25,CUST1072,East,Kolkata,Beauty,Face Serum,1,798.51,0,798.51,460.24,338.27,Website,Consumer,UPI,Delivered
ORD101273,17-Sep-24,CUST1073,West,Surat,Sports,Gym Bag,1,1326.38,10,179.06,109.59,69.47,Marketplace,Student,UPI,Returned
ORD101274,12-Sep-24,CUST1074,Central,Bhopal,Beauty,Shampoo,5,437.82,20,1751.3,1295.77,455.52,Website,Consumer,Debit Card,Delivered
ORD101275,13-Aug-24,CUST1075,Central,Bhopal,Home & Kitchen,Coffee Maker,1,2298.01,15,1953.31,1377.73,575.59,Mobile App,Corporate,Credit Card,Delivered
ORD101276,22-Feb-24,CUST1076,West,Surat,Clothing,Jeans,2,1607.83,0,3215.66,2058.58,1157.08,Website,Consumer,Cash on Delivery,Delivered
ORD101277,14-May-25,CUST1077,Central,Nagpur,Clothing,Dress,2,1662.51,25,2493.76,1547.46,946.3,Website,Consumer,UPI,Delivered
ORD101278,20-May-25,CUST1078,South,Bengaluru,Clothing,Hoodie,1,1716.44,5,244.59,200.4,44.19,Website,Consumer,Debit Card,Returned
ORD101279,29-Dec-24,CUST1079,South,Chennai,Home & Kitchen,Coffee Maker,3,2098.02,5,5979.36,4528.31,1451.05,Website,Consumer,Cash on Delivery,Delivered
ORD101280,06-Oct-24,CUST1080,South,Coimbatore,Beauty,Lipstick,2,503.18,0,0,0,0,Website,Consumer,Credit Card,Cancelled
ORD101281,15-Aug-25,CUST1081,South,Chennai,Home & Kitchen,Cookware Set,5,2392.08,5,11362.4,6330.2,5032.2,Marketplace,Corporate,UPI,Delivered
ORD101282,14-Dec-25,CUST1082,South,Bengaluru,Electronics,Wireless Headphones,1,2175.83,10,1958.25,1108.54,849.71,Website,Consumer,UPI,Delivered
ORD101283,06-Jun-24,CUST1083,East,Kolkata,Home & Kitchen,Bedsheet,1,878.8,10,790.92,587.18,203.74,Website,Student,UPI,Delivered
ORD101284,23-Sep-25,CUST1084,North,Lucknow,Beauty,Sunscreen,1,612.52,15,78.1,47,31.1,Mobile App,Student,Credit Card,Returned
ORD101285,28-Feb-24,CUST1085,West,Surat,Clothing,T-Shirt,1,619.46,10,557.52,370.71,186.81,Website,Corporate,Debit Card,Delivered
ORD101286,27-Dec-25,CUST1086,North,Delhi,Home & Kitchen,Water Bottle,1,596.51,5,566.68,339.85,226.83,Marketplace,Student,UPI,Delivered
ORD101287,07-May-24,CUST1087,South,Chennai,Beauty,Sunscreen,3,624.88,10,253.08,151.29,101.79,Marketplace,Consumer,UPI,Returned
ORD101288,21-Dec-25,CUST1088,East,Guwahati,Home & Kitchen,Mixer Grinder,1,2951.58,0,442.74,256.54,186.19,Marketplace,Consumer,Cash on Delivery,Returned
ORD101289,24-Apr-24,CUST1089,West,Surat,Clothing,Sneakers,4,2599.18,10,0,0,0,Marketplace,Consumer,Credit Card,Cancelled
ORD101290,27-Jul-24,CUST1090,West,Pune,Sports,Dumbbells,1,1419.58,5,1348.6,1010.93,337.68,Website,Consumer,UPI,Delivered
ORD101291,09-Jun-25,CUST1091,West,Surat,Electronics,Keyboard,2,1321.8,0,2643.59,1494.55,1149.04,Mobile App,Corporate,Cash on Delivery,Delivered
ORD101292,04-Jun-25,CUST1092,North,Jaipur,Sports,Running Shoes,1,2958.51,5,421.59,263.24,158.35,Mobile App,Corporate,Cash on Delivery,Returned
ORD101293,05-Jul-25,CUST1093,East,Guwahati,Electronics,Power Bank,1,929.55,20,743.64,541.19,202.45,Mobile App,Consumer,Debit Card,Delivered
ORD101294,24-Aug-24,CUST1094,North,Lucknow,Electronics,Bluetooth Speaker,3,1319.3,10,3562.1,2336.47,1225.63,Website,Consumer,UPI,Delivered
ORD101295,07-Oct-24,CUST1095,South,Chennai,Sports,Dumbbells,1,1676.84,20,0,0,0,Website,Consumer,UPI,Cancelled
ORD101296,24-Dec-24,CUST1096,South,Hyderabad,Electronics,Power Bank,3,952.13,10,2570.76,1940.9,629.86,Mobile App,Consumer,Debit Card,Delivered
ORD101297,19-Jul-24,CUST1097,North,Lucknow,Beauty,Sunscreen,2,523.14,25,0,0,0,Website,Consumer,UPI,Cancelled
ORD101298,04-Oct-24,CUST1098,South,Hyderabad,Beauty,Shampoo,3,528.27,5,225.83,147.43,78.4,Website,Consumer,UPI,Returned
ORD101299,22-Aug-24,CUST1099,Central,Bhopal,Sports,Gym Bag,2,1094.54,15,1860.73,1389.72,471.01,Website,Consumer,Debit Card,Delivered
ORD101300,08-May-25,CUST1100,Central,Raipur,Sports,Yoga Mat,1,942.91,5,895.76,584.19,311.57,Mobile App,Corporate,Credit Card,Delivered
ORD101301,04-Jan-24,CUST1101,South,Hyderabad,Clothing,Dress,2,1603.03,0,3206.07,1768.39,1437.68,Marketplace,Consumer,Debit Card,Delivered
ORD101302,27-Oct-25,CUST1102,North,Delhi,Beauty,Shampoo,1,450.36,15,0,0,0,Mobile App,Consumer,Credit Card,Cancelled
ORD101303,17-Mar-25,CUST1103,North,Chandigarh,Electronics,Wireless Headphones,1,1740.39,15,1479.33,1162.19,317.14,Marketplace,Student,UPI,Delivered
ORD101304,29-Jan-24,CUST1104,South,Chennai,Clothing,Sneakers,1,2524.43,15,2145.77,1731.69,414.08,Website,Corporate,Credit Card,Delivered
ORD101305,18-Apr-24,CUST1105,Central,Indore,Beauty,Face Serum,1,684.59,5,650.36,456.12,194.24,Mobile App,Corporate,Debit Card,Delivered
ORD101306,01-Sep-25,CUST1106,North,Chandigarh,Clothing,T-Shirt,1,606.51,15,515.53,326.18,189.35,Website,Student,UPI,Delivered
ORD101307,27-Dec-25,CUST1107,West,Ahmedabad,Home & Kitchen,Mixer Grinder,4,3429.64,5,13032.62,8807.93,4224.69,Mobile App,Consumer,Net Banking,Delivered
ORD101308,15-Mar-24,CUST1108,North,Chandigarh,Home & Kitchen,Bedsheet,2,994.5,0,1989,1220.8,768.2,Marketplace,Consumer,UPI,Delivered
ORD101309,25-May-24,CUST1109,Central,Bhopal,Home & Kitchen,Coffee Maker,4,2062.88,20,6601.22,3930.33,2670.89,Website,Consumer,UPI,Delivered
ORD101310,07-May-24,CUST1110,South,Chennai,Sports,Dumbbells,1,1591.95,10,214.91,146.84,68.07,Mobile App,Corporate,Debit Card,Returned
ORD101311,11-Feb-24,CUST1111,West,Ahmedabad,Electronics,Smart Watch,2,2523.35,25,0,0,0,Mobile App,Consumer,Net Banking,Cancelled
ORD101312,21-Dec-24,CUST1112,South,Bengaluru,Home & Kitchen,Cookware Set,1,2505.57,5,2380.29,1452.13,928.16,Mobile App,Consumer,UPI,Delivered
ORD101313,10-Feb-24,CUST1113,West,Mumbai,Sports,Cricket Bat,1,2045.96,25,1534.47,1220.78,313.68,Website,Corporate,UPI,Delivered
ORD101314,03-Feb-24,CUST1114,South,Coimbatore,Home & Kitchen,Cookware Set,3,2758.59,10,7448.19,4434.81,3013.38,Website,Consumer,UPI,Delivered
ORD101315,17-Jan-24,CUST1115,North,Jaipur,Electronics,Power Bank,5,954.01,10,4293.07,3008.46,1284.61,Website,Consumer,Credit Card,Delivered
ORD101316,07-Nov-25,CUST1116,Central,Bhopal,Home & Kitchen,Cookware Set,1,2327.35,5,331.65,251.93,79.72,Website,Consumer,Credit Card,Returned
ORD101317,01-Jun-24,CUST1117,Central,Indore,Clothing,Dress,4,1375.74,15,4677.53,2842.14,1835.39,Mobile App,Consumer,Credit Card,Delivered
ORD101318,12-Jan-25,CUST1118,Central,Nagpur,Electronics,Bluetooth Speaker,2,1333.67,15,2267.25,1428.46,838.79,Website,Consumer,UPI,Delivered
ORD101319,10-Aug-25,CUST1119,West,Pune,Beauty,Sunscreen,4,526.33,10,284.22,160.27,123.95,Mobile App,Consumer,UPI,Returned
ORD101320,21-Aug-25,CUST1120,West,Ahmedabad,Home & Kitchen,Cookware Set,2,2350.48,15,3995.82,3216.1,779.72,Website,Student,UPI,Delivered
ORD101321,20-Sep-25,CUST1121,North,Chandigarh,Sports,Gym Bag,4,1216.62,10,4379.84,2984.78,1395.06,Website,Consumer,Debit Card,Delivered
ORD101322,07-Dec-24,CUST1122,South,Bengaluru,Beauty,Lipstick,3,430.39,15,1097.5,622.68,474.82,Mobile App,Consumer,Credit Card,Delivered
ORD101323,27-Jan-24,CUST1123,South,Hyderabad,Beauty,Lipstick,1,522.19,25,391.64,303.18,88.46,Mobile App,Consumer,Credit Card,Delivered
ORD101324,13-Oct-24,CUST1124,West,Ahmedabad,Electronics,Bluetooth Speaker,1,1435,5,1363.25,959.35,403.9,Website,Consumer,Credit Card,Delivered
ORD101325,07-Oct-25,CUST1125,South,Bengaluru,Clothing,Sneakers,1,2774.26,10,2496.83,1410.53,1086.3,Marketplace,Consumer,Debit Card,Delivered
ORD101326,31-Dec-25,CUST1126,North,Jaipur,Electronics,Keyboard,2,1303.5,5,0,0,0,Website,Consumer,Net Banking,Cancelled
ORD101327,16-Jun-24,CUST1127,East,Patna,Sports,Gym Bag,3,1268.86,10,3425.93,2286.09,1139.85,Mobile App,Corporate,Debit Card,Delivered
ORD101328,01-Sep-25,CUST1128,West,Mumbai,Electronics,Power Bank,2,1081.44,20,1730.3,1019.91,710.39,Website,Consumer,Debit Card,Delivered
ORD101329,24-Sep-24,CUST1129,South,Hyderabad,Clothing,Hoodie,2,1960.89,5,3725.69,2472,1253.69,Website,Student,Credit Card,Delivered
ORD101330,30-Mar-25,CUST1130,North,Chandigarh,Home & Kitchen,Water Bottle,1,593,0,88.95,55.71,33.24,Marketplace,Student,Debit Card,Returned
ORD101331,15-Nov-25,CUST1131,South,Bengaluru,Clothing,Jeans,1,1434.72,15,182.93,135.18,47.75,Marketplace,Corporate,Net Banking,Returned
ORD101332,04-Feb-25,CUST1132,South,Chennai,Electronics,Wireless Headphones,1,2001.68,10,1801.51,993.5,808.01,Website,Student,Credit Card,Delivered
ORD101333,20-Apr-25,CUST1133,South,Bengaluru,Home & Kitchen,Mixer Grinder,2,3162.29,10,5692.12,3294.15,2397.97,Marketplace,Student,UPI,Delivered
ORD101334,02-Dec-25,CUST1134,West,Ahmedabad,Electronics,Wireless Headphones,1,1829.07,5,1737.62,1386.68,350.94,Website,Corporate,Debit Card,Delivered
ORD101335,25-Sep-25,CUST1135,West,Pune,Electronics,Bluetooth Speaker,1,1405.25,0,0,0,0,Marketplace,Consumer,Debit Card,Cancelled
ORD101336,11-Jul-25,CUST1136,West,Ahmedabad,Clothing,Dress,1,1459.64,5,0,0,0,Mobile App,Student,Net Banking,Cancelled
ORD101337,29-Jul-25,CUST1137,South,Bengaluru,Beauty,Face Serum,1,737.28,15,0,0,0,Website,Corporate,UPI,Cancelled
ORD101338,09-May-24,CUST1138,Central,Indore,Home & Kitchen,Mixer Grinder,1,2887.53,10,389.82,304.03,85.79,Marketplace,Consumer,Net Banking,Returned
ORD101339,28-Dec-24,CUST1139,South,Coimbatore,Clothing,Sneakers,1,2411.9,10,2170.71,1317.68,853.03,Mobile App,Consumer,Credit Card,Delivered
ORD101340,05-Dec-25,CUST1140,East,Kolkata,Home & Kitchen,Water Bottle,4,547.2,0,2188.81,1625.57,563.24,Website,Consumer,Net Banking,Delivered
ORD101341,23-Nov-25,CUST1141,West,Pune,Clothing,Dress,1,1552.72,0,1552.72,1111.88,440.84,Website,Consumer,Debit Card,Delivered
ORD101342,18-Oct-24,CUST1142,North,Chandigarh,Sports,Cricket Bat,3,2126.72,0,6380.17,4792.56,1587.61,Marketplace,Consumer,Cash on Delivery,Delivered
ORD101343,05-Jan-25,CUST1143,North,Chandigarh,Electronics,Keyboard,1,1261.39,15,1072.18,817.79,254.39,Mobile App,Consumer,UPI,Delivered
ORD101344,29-Jan-24,CUST1144,Central,Bhopal,Home & Kitchen,Coffee Maker,3,2435.93,5,6942.41,5057.21,1885.19,Website,Consumer,UPI,Delivered
ORD101345,28-May-24,CUST1145,South,Bengaluru,Sports,Dumbbells,2,1422.98,25,2134.46,1725.03,409.44,Website,Corporate,Credit Card,Delivered
ORD101346,22-Oct-24,CUST1146,West,Mumbai,Beauty,Moisturizer,3,754.62,5,2150.67,1684.71,465.96,Website,Consumer,UPI,Delivered
ORD101347,11-Jan-24,CUST1147,North,Jaipur,Electronics,Wireless Headphones,3,1833.14,5,0,0,0,Website,Corporate,Net Banking,Cancelled
ORD101348,26-May-25,CUST1148,West,Ahmedabad,Clothing,Dress,2,1762.36,10,0,0,0,Website,Corporate,Credit Card,Cancelled
ORD101349,06-Nov-25,CUST1149,South,Chennai,Beauty,Sunscreen,4,545.89,5,0,0,0,Mobile App,Consumer,UPI,Cancelled
ORD101350,22-Apr-24,CUST1150,North,Delhi,Electronics,Smart Watch,2,2628.15,15,0,0,0,Website,Consumer,Credit Card,Cancelled
ORD101351,05-Jul-24,CUST1151,West,Surat,Beauty,Shampoo,2,432.52,20,692.03,539.07,152.96,Website,Corporate,Credit Card,Delivered
ORD101352,14-Aug-24,CUST1152,South,Chennai,Beauty,Sunscreen,1,611.01,0,0,0,0,Mobile App,Consumer,UPI,Cancelled
ORD101353,05-Nov-24,CUST1153,South,Bengaluru,Beauty,Lipstick,4,453.61,15,1542.28,869.7,672.58,Website,Consumer,UPI,Delivered
ORD101354,07-Apr-24,CUST1154,North,Delhi,Electronics,Keyboard,3,1339.2,15,3414.96,2753.85,661.11,Marketplace,Student,UPI,Delivered
ORD101355,24-Feb-24,CUST1155,North,Delhi,Beauty,Sunscreen,1,611.98,25,458.99,261.43,197.56,Website,Consumer,Credit Card,Delivered
ORD101356,14-Sep-25,CUST1156,South,Coimbatore,Home & Kitchen,Water Bottle,2,658.54,5,1251.22,805.78,445.45,Mobile App,Consumer,UPI,Delivered
ORD101357,25-Oct-25,CUST1157,North,Delhi,Beauty,Lipstick,3,508.58,5,1449.46,1030.62,418.83,Mobile App,Consumer,UPI,Delivered
ORD101358,09-Feb-25,CUST1158,Central,Nagpur,Electronics,Wireless Headphones,3,1919.49,10,5182.63,3014.92,2167.71,Website,Corporate,Cash on Delivery,Delivered
ORD101359,09-Mar-24,CUST1159,North,Chandigarh,Electronics,Power Bank,4,901.36,10,0,0,0,Marketplace,Consumer,UPI,Cancelled
ORD101360,07-Nov-24,CUST1160,East,Guwahati,Clothing,Dress,1,1642.99,15,1396.54,844.8,551.74,Mobile App,Consumer,Debit Card,Delivered
ORD101361,15-Oct-24,CUST1161,North,Chandigarh,Electronics,Keyboard,1,1144.96,20,915.97,747.63,168.34,Website,Consumer,Credit Card,Delivered
ORD101362,01-Jul-25,CUST1162,South,Hyderabad,Home & Kitchen,Bedsheet,2,1072.63,0,2145.25,1710.7,434.55,Marketplace,Consumer,Debit Card,Delivered
ORD101363,27-May-24,CUST1163,Central,Indore,Sports,Cricket Bat,1,1832.64,15,1557.75,1111.03,446.71,Marketplace,Corporate,UPI,Delivered
ORD101364,11-Apr-25,CUST1164,North,Lucknow,Clothing,Sneakers,1,2477.82,20,1982.25,1443.48,538.77,Mobile App,Student,Cash on Delivery,Delivered
ORD101365,31-Aug-24,CUST1165,Central,Indore,Beauty,Moisturizer,2,706.62,20,1130.6,784.72,345.88,Website,Corporate,UPI,Delivered
ORD101366,05-May-25,CUST1166,South,Hyderabad,Electronics,Smart Watch,1,2368.73,15,0,0,0,Website,Consumer,UPI,Cancelled
ORD101367,21-May-25,CUST1167,West,Pune,Electronics,Wireless Headphones,1,2057.46,15,1748.84,1127.94,620.91,Mobile App,Consumer,Debit Card,Delivered
ORD101368,30-Dec-24,CUST1168,East,Kolkata,Electronics,Wireless Headphones,1,1834.2,0,275.13,217.56,57.57,Website,Student,Cash on Delivery,Returned
ORD101369,26-Apr-25,CUST1169,Central,Nagpur,Clothing,Hoodie,2,1545.97,20,0,0,0,Mobile App,Consumer,UPI,Cancelled
ORD101370,19-Jul-24,CUST1170,East,Kolkata,Sports,Cricket Bat,1,2216.9,5,0,0,0,Mobile App,Corporate,Credit Card,Cancelled
ORD101371,02-Jun-24,CUST1171,East,Bhubaneswar,Electronics,Power Bank,1,935.48,0,140.32,96.65,43.67,Mobile App,Consumer,Credit Card,Returned
ORD101372,25-Mar-25,CUST1172,South,Chennai,Home & Kitchen,Water Bottle,2,624.54,10,168.63,106.72,61.9,Mobile App,Consumer,UPI,Returned
ORD101373,15-May-25,CUST1173,North,Jaipur,Clothing,Jeans,1,1479.56,15,1257.63,722.85,534.78,Marketplace,Consumer,Debit Card,Delivered
ORD101374,13-Mar-24,CUST1174,Central,Indore,Sports,Running Shoes,4,3090.86,10,11127.09,7092.39,4034.7,Marketplace,Corporate,Net Banking,Delivered
ORD101375,13-Dec-25,CUST1175,South,Bengaluru,Electronics,Bluetooth Speaker,1,1319.05,15,1121.19,883.09,238.11,Mobile App,Consumer,Credit Card,Delivered
ORD101376,22-Oct-24,CUST1176,South,Bengaluru,Electronics,Wireless Headphones,3,1979.19,10,5343.81,3966.33,1377.48,Website,Corporate,UPI,Delivered
ORD101377,17-Jan-24,CUST1177,West,Ahmedabad,Electronics,Power Bank,2,954.94,5,272.16,207.43,64.73,Marketplace,Consumer,Credit Card,Returned
ORD101378,02-Oct-25,CUST1178,South,Hyderabad,Clothing,Hoodie,3,1748.63,5,4983.59,3781.68,1201.91,Website,Student,Cash on Delivery,Delivered
ORD101379,04-Aug-24,CUST1179,Central,Nagpur,Clothing,Jeans,1,1665.2,10,1498.68,872.82,625.86,Website,Student,Credit Card,Delivered
ORD101380,01-Mar-24,CUST1180,West,Mumbai,Sports,Running Shoes,1,2659.51,0,2659.51,1576.8,1082.71,Mobile App,Consumer,UPI,Delivered
ORD101381,07-Sep-25,CUST1181,East,Patna,Home & Kitchen,Coffee Maker,3,2317.24,10,0,0,0,Mobile App,Consumer,Credit Card,Cancelled
ORD101382,11-Feb-24,CUST1182,Central,Nagpur,Home & Kitchen,Cookware Set,1,2347.04,0,2347.04,1481.64,865.41,Mobile App,Consumer,UPI,Delivered
ORD101383,25-Jan-24,CUST1183,North,Lucknow,Home & Kitchen,Cookware Set,2,2320.06,20,0,0,0,Website,Consumer,UPI,Cancelled
ORD101384,08-Feb-24,CUST1184,South,Coimbatore,Electronics,Power Bank,1,922.19,10,0,0,0,Marketplace,Consumer,Cash on Delivery,Cancelled
ORD101385,10-May-24,CUST1185,East,Bhubaneswar,Clothing,Dress,2,1509.73,10,2717.51,2122.87,594.64,Marketplace,Consumer,Debit Card,Delivered
ORD101386,12-May-25,CUST1186,South,Bengaluru,Sports,Yoga Mat,4,850.83,5,3233.17,2292.45,940.72,Mobile App,Consumer,Net Banking,Delivered
ORD101387,16-Aug-24,CUST1187,West,Pune,Beauty,Sunscreen,5,552.94,5,2626.46,1687.28,939.18,Website,Consumer,Debit Card,Delivered
ORD101388,17-Apr-24,CUST1188,Central,Indore,Sports,Running Shoes,1,3089.64,15,0,0,0,Mobile App,Consumer,Credit Card,Cancelled
ORD101389,20-Jun-24,CUST1189,South,Hyderabad,Beauty,Lipstick,1,430.58,15,54.9,34.07,20.83,Website,Student,Credit Card,Returned
ORD101390,10-Mar-25,CUST1190,South,Chennai,Electronics,Smart Watch,5,2348.36,0,11741.79,8308.93,3432.86,Mobile App,Consumer,UPI,Delivered
ORD101391,22-Apr-25,CUST1191,Central,Indore,Electronics,Smart Watch,3,2313.21,5,988.9,563.82,425.08,Marketplace,Consumer,UPI,Returned
ORD101392,11-Apr-24,CUST1192,East,Kolkata,Electronics,Power Bank,1,1051.83,20,0,0,0,Marketplace,Consumer,UPI,Cancelled
ORD101393,07-Jun-25,CUST1193,East,Bhubaneswar,Clothing,Sneakers,2,2223,5,4223.69,2597.24,1626.46,Mobile App,Consumer,Credit Card,Delivered
ORD101394,01-Oct-24,CUST1194,South,Bengaluru,Electronics,Wireless Headphones,1,2206.87,0,2206.87,1701.83,505.04,Marketplace,Consumer,Credit Card,Delivered
ORD101395,04-Sep-25,CUST1195,Central,Indore,Clothing,Jeans,5,1343.16,0,1007.37,733.57,273.8,Mobile App,Consumer,UPI,Returned
ORD101396,13-Feb-24,CUST1196,East,Bhubaneswar,Home & Kitchen,Bedsheet,1,948.96,15,806.61,557.54,249.07,Marketplace,Consumer,Net Banking,Delivered
ORD101397,17-Jan-24,CUST1197,West,Mumbai,Sports,Running Shoes,2,2710.85,15,4608.45,3691.58,916.87,Marketplace,Consumer,Credit Card,Delivered
ORD101398,25-Nov-24,CUST1198,West,Ahmedabad,Beauty,Sunscreen,2,555.52,5,1055.48,625.2,430.28,Marketplace,Consumer,UPI,Delivered
ORD101399,22-Jul-25,CUST1199,South,Hyderabad,Sports,Yoga Mat,4,948.87,0,0,0,0,Website,Consumer,UPI,Cancelled
ORD101400,11-May-25,CUST1200,South,Chennai,Electronics,Bluetooth Speaker,3,1466.97,10,0,0,0,Marketplace,Consumer,UPI,Cancelled
ORD101401,12-Jan-24,CUST1201,south ,Nagpur,Electronics,Smart Watch,1,2233.84,5,2122.15,1642.88,479.27,Website,Consumer,Net Banking,Delivered
ORD101402,13-Nov-24,CUST1202,South,Bengaluru,Home & Kitchen,Bedsheet,2,861.73,5,245.59,137.41,108.18,Mobile App,Consumer,UPI,Returned
ORD101403,14-Aug-25,CUST1203,West,Mumbai,Clothing,Sneakers,4,2279.28,5,1299.19,798.53,500.66,Mobile App,Corporate,UPI,Returned
ORD101404,03-Aug-24,CUST1204,Central,Indore,Clothing,Sneakers,2,2762.18,0,5524.35,3671.87,1852.48,Website,Corporate,UPI,Delivered
ORD101405,04-Dec-24,CUST1205,West,Ahmedabad,Clothing,Hoodie,2,1939.75,15,3297.57,2448.42,849.14,Website,Consumer,UPI,Delivered
ORD101406,22-Oct-25,CUST1206,West,Surat,Clothing,Jeans,2,1452.3,10,0,0,0,Mobile App,Student,Credit Card,Cancelled
ORD101407,21-Mar-24,CUST1207,West,Pune,Home & Kitchen,Bedsheet,1,979.16,15,0,0,0,Marketplace,Consumer,UPI,Cancelled
ORD101408,27-Dec-25,CUST1208,Central,Bhopal,Clothing,Hoodie,2,1966,10,3538.8,2268.19,1270.61,Marketplace,Consumer,UPI,Delivered
ORD101409,29-Apr-25,CUST1209,South,Chennai,Home & Kitchen,Cookware Set,1,2523.15,25,1892.36,1087.84,804.53,Mobile App,Student,Net Banking,Delivered
ORD101410,08-Jan-25,CUST1210,North,Delhi,Home & Kitchen,Bedsheet,1,1086.72,25,815.04,610.83,204.21,Marketplace,Consumer,Credit Card,Delivered
ORD101411,10-Dec-25,CUST1211,South,Chennai,Clothing,Dress,3,1571.49,5,4478.75,3021.24,1457.51,Marketplace,Consumer,UPI,Delivered
ORD101412,18-Jul-24,CUST1212,West,Surat,Clothing,Dress,1,1445.54,5,1373.26,1056.56,316.7,Website,Student,Credit Card,Delivered
ORD101413,20-Jun-25,CUST1213,East,Guwahati,Electronics,Power Bank,1,1044.95,15,888.21,655.12,233.1,Website,Corporate,UPI,Delivered
ORD101414,10-Apr-25,CUST1214,West,Ahmedabad,Clothing,Jeans,1,1487.2,15,1264.12,715,549.12,Website,Corporate,Net Banking,Delivered
ORD101415,29-Mar-24,CUST1215,South,Hyderabad,Beauty,Sunscreen,1,617.26,20,493.81,338.27,155.54,Website,Consumer,UPI,Delivered
ORD101416,24-Sep-24,CUST1216,West,Mumbai,Beauty,Moisturizer,3,623.82,15,238.61,195.07,43.54,Mobile App,Student,UPI,Returned
ORD101417,16-Oct-25,CUST1217,North,Chandigarh,Home & Kitchen,Coffee Maker,2,2253.65,10,4056.57,2568.32,1488.25,Mobile App,Consumer,Credit Card,Delivered
ORD101418,24-Jul-25,CUST1218,West,Pune,Electronics,Wireless Headphones,1,1905.47,5,1810.19,1236.54,573.65,Marketplace,Corporate,UPI,Delivered
ORD101419,03-May-25,CUST1219,East,Bhubaneswar,Home & Kitchen,Water Bottle,2,562.84,10,1013.12,735.57,277.55,Mobile App,Consumer,Credit Card,Delivered
ORD101420,21-Jun-25,CUST1220,South,Bengaluru,Home & Kitchen,Mixer Grinder,1,3402.25,20,2721.8,1645.63,1076.17,Mobile App,Consumer,Cash on Delivery,Delivered
ORD101421,16-Feb-24,CUST1221,South,Chennai,Home & Kitchen,Mixer Grinder,1,3331.68,25,2498.76,1848.27,650.48,Website,Consumer,UPI,Delivered
ORD101422,14-Oct-24,CUST1222,West,Surat,Home & Kitchen,Mixer Grinder,3,3382.33,0,0,0,0,Mobile App,Consumer,Credit Card,Cancelled
ORD101423,16-Jan-24,CUST1223,East,Patna,Home & Kitchen,Cookware Set,1,2775.49,10,2497.94,1626.76,871.18,Mobile App,Corporate,UPI,Delivered
ORD101424,11-Dec-25,CUST1224,South,Bengaluru,Home & Kitchen,Mixer Grinder,3,3428.73,10,1388.63,870.39,518.24,Website,Consumer,Credit Card,Returned
ORD101425,04-Feb-25,CUST1225,Central,Raipur,Beauty,Shampoo,1,510.5,5,72.75,58.06,14.68,Marketplace,Corporate,UPI,Returned
ORD101426,26-Mar-24,CUST1226,West,Ahmedabad,Electronics,Smart Watch,1,2538.13,20,2030.51,1186.42,844.09,Mobile App,Corporate,UPI,Delivered
ORD101427,06-Sep-24,CUST1227,Central,Bhopal,Beauty,Moisturizer,1,669.4,10,90.37,60.24,30.12,Website,Corporate,Cash on Delivery,Returned
ORD101428,25-Jan-25,CUST1228,South,Hyderabad,Electronics,Bluetooth Speaker,1,1613.8,5,1533.11,1160.69,372.41,Mobile App,Consumer,UPI,Delivered
ORD101429,30-Nov-24,CUST1229,East,Bhubaneswar,Electronics,Bluetooth Speaker,3,1428.33,10,578.47,341.3,237.18,Website,Consumer,Cash on Delivery,Returned
ORD101430,20-Sep-25,CUST1230,Central,Indore,Sports,Gym Bag,1,1245.84,5,0,0,0,Marketplace,Corporate,Credit Card,Cancelled
ORD101431,02-Jun-25,CUST1231,East,Guwahati,Sports,Gym Bag,1,1114.05,10,0,0,0,Mobile App,Student,UPI,Cancelled
ORD101432,16-May-24,CUST1232,West,Ahmedabad,Electronics,Bluetooth Speaker,4,1333.95,0,5335.81,3661.96,1673.84,Marketplace,Consumer,UPI,Delivered
ORD101433,18-Nov-25,CUST1233,South,Bengaluru,Clothing,Dress,2,1415.17,0,2830.35,1880.92,949.43,Website,Student,Debit Card,Delivered
ORD101434,12-May-25,CUST1234,East,Bhubaneswar,Electronics,Smart Watch,1,2552.31,10,2297.08,1801.39,495.68,Marketplace,Consumer,Debit Card,Delivered
ORD101435,27-Dec-25,CUST1235,North,Jaipur,Home & Kitchen,Coffee Maker,5,2063.87,15,8771.43,7070.47,1700.96,Mobile App,Consumer,Debit Card,Delivered
ORD101436,21-Apr-25,CUST1236,South,Chennai,Beauty,Lipstick,1,461.21,10,0,0,0,Website,Consumer,Debit Card,Cancelled
ORD101437,16-Aug-25,CUST1237,North,Lucknow,Sports,Yoga Mat,3,907.86,15,2315.04,1612.3,702.74,Website,Consumer,UPI,Delivered
ORD101438,10-Aug-24,CUST1238,North,Delhi,Home & Kitchen,Bedsheet,1,856.07,20,684.86,435,249.86,Website,Consumer,UPI,Delivered
ORD101439,06-Jan-25,CUST1239,Central,Indore,Clothing,Jeans,2,1373.8,20,2198.09,1427.36,770.73,Mobile App,Consumer,Credit Card,Delivered
ORD101440,05-Feb-25,CUST1240,South,Coimbatore,Home & Kitchen,Water Bottle,2,564.23,10,152.34,84.95,67.39,Website,Consumer,Credit Card,Returned
ORD101441,18-Mar-25,CUST1241,West,Pune,Clothing,Dress,1,1664.98,5,0,0,0,Mobile App,Consumer,Debit Card,Cancelled
ORD101442,04-May-25,CUST1242,Central,Indore,Sports,Running Shoes,2,2990.45,5,5681.86,4612.08,1069.78,Mobile App,Consumer,UPI,Delivered
ORD101443,06-Sep-25,CUST1243,East,Kolkata,Sports,Running Shoes,2,3242.27,10,5836.09,4422.42,1413.66,Mobile App,Student,UPI,Delivered
ORD101444,29-Sep-24,CUST1244,North,Jaipur,Home & Kitchen,Mixer Grinder,3,3102.1,20,7445.05,5136.47,2308.58,Mobile App,Corporate,Cash on Delivery,Delivered
ORD101445,09-Jun-25,CUST1245,West,Surat,Clothing,Dress,3,1487.13,15,3792.19,2932.98,859.2,Mobile App,Corporate,Cash on Delivery,Delivered
ORD101446,07-Jun-24,CUST1246,West,Ahmedabad,Clothing,Dress,2,1373.48,10,2472.27,1932.39,539.88,Website,Consumer,Net Banking,Delivered
ORD101447,31-May-24,CUST1247,West,Pune,Electronics,Power Bank,2,1105.86,10,1990.54,1387.45,603.09,Mobile App,Consumer,UPI,Delivered
ORD101448,11-Sep-25,CUST1248,West,Ahmedabad,Beauty,Face Serum,2,787.34,10,1417.21,1138.06,279.14,Website,Student,UPI,Delivered
ORD101449,06-Jul-24,CUST1249,Central,Indore,Clothing,Jeans,2,1477.54,25,2216.3,1237.02,979.28,Mobile App,Student,Credit Card,Delivered
ORD101450,07-Apr-24,CUST1250,East,Kolkata,Clothing,Jeans,1,1647.89,15,0,0,0,Mobile App,Student,Credit Card,Cancelled
ORD101451,10-May-24,CUST1251,South,Bengaluru,Clothing,Hoodie,2,1669.97,15,2838.95,1623.86,1215.09,Website,Consumer,UPI,Delivered
ORD101452,19-Jun-24,CUST1252,West,Mumbai,Beauty,Sunscreen,2,562.86,10,1013.15,573.06,440.09,Mobile App,Consumer,Credit Card,Delivered
ORD101453,01-Jul-24,CUST1253,North,Jaipur,Electronics,Keyboard,5,1334.35,5,0,0,0,Website,Consumer,UPI,Cancelled
ORD101454,29-Dec-24,CUST1254,Central,Raipur,Sports,Running Shoes,2,3184.93,0,955.48,768.1,187.38,Mobile App,Consumer,UPI,Returned
ORD101455,08-Feb-24,CUST1255,North,Chandigarh,Sports,Gym Bag,1,1245.54,0,0,0,0,Mobile App,Student,Credit Card,Cancelled
ORD101456,10-Jun-25,CUST1256,South,Hyderabad,Sports,Gym Bag,2,1274.48,0,2548.96,1855.78,693.18,Website,Consumer,UPI,Delivered
ORD101457,11-May-25,CUST1257,West,Surat,Clothing,T-Shirt,3,702.69,25,1581.05,1033.88,547.17,Marketplace,Consumer,Credit Card,Delivered
ORD101458,30-May-25,CUST1258,East,Guwahati,Electronics,Smart Watch,3,2706.32,0,8118.97,5635.51,2483.45,Marketplace,Consumer,UPI,Delivered
ORD101459,14-Dec-24,CUST1259,South,Chennai,Clothing,T-Shirt,3,697.97,0,0,0,0,Website,Consumer,UPI,Cancelled
ORD101460,31-Jan-25,CUST1260,East,Guwahati,Clothing,Dress,3,1458.16,10,3937.04,2715.83,1221.21,Website,Consumer,Cash on Delivery,Delivered
ORD101461,22-Dec-25,CUST1261,Central,Indore,Electronics,Smart Watch,1,2489.65,10,0,0,0,Website,Corporate,Debit Card,Cancelled
ORD101462,09-Jun-24,CUST1262,South,Chennai,Home & Kitchen,Coffee Maker,2,2292.45,20,3667.91,2570.65,1097.27,Website,Consumer,Cash on Delivery,Delivered
ORD101463,16-Jan-24,CUST1263,Central,Bhopal,Clothing,T-Shirt,3,717.5,0,2152.5,1427.31,725.19,Website,Consumer,Debit Card,Delivered
ORD101464,07-May-25,CUST1264,North,Chandigarh,Sports,Yoga Mat,1,823.14,25,617.35,480.38,136.97,Mobile App,Consumer,Debit Card,Delivered
ORD101465,01-Mar-25,CUST1265,West,Ahmedabad,Electronics,Keyboard,1,1118.56,5,1062.63,666.92,395.71,Website,Consumer,Cash on Delivery,Delivered
ORD101466,17-Apr-24,CUST1266,Central,Indore,Home & Kitchen,Water Bottle,3,549.98,25,1237.46,841.48,395.99,Website,Corporate,UPI,Delivered
ORD101467,25-Mar-25,CUST1267,North,Delhi,Beauty,Sunscreen,3,668.3,10,1804.41,1468.97,335.44,Mobile App,Consumer,Credit Card,Delivered
ORD101468,06-Nov-24,CUST1268,South,Coimbatore,Beauty,Sunscreen,5,538.98,15,2290.68,1858.15,432.53,Website,Consumer,Net Banking,Delivered
ORD101469,18-Jun-24,CUST1269,North,Lucknow,Sports,Cricket Bat,5,1949.79,5,9261.48,5109.53,4151.95,Website,Student,UPI,Delivered
ORD101470,29-Jun-25,CUST1270,West,Mumbai,Beauty,Moisturizer,1,714.63,10,643.16,446.16,197,Website,Consumer,Debit Card,Delivered
ORD101471,17-Feb-25,CUST1271,East,Bhubaneswar,Sports,Dumbbells,4,1738.84,15,0,0,0,Mobile App,Consumer,Debit Card,Cancelled
ORD101472,07-Sep-24,CUST1272,West,Surat,Clothing,Dress,1,1687.38,0,1687.38,1060.74,626.64,Mobile App,Student,Net Banking,Delivered
ORD101473,20-May-24,CUST1273,South,Chennai,Home & Kitchen,Bedsheet,2,1094.32,0,328.3,233.41,94.88,Website,Student,Cash on Delivery,Returned
ORD101474,30-Sep-24,CUST1274,South,Chennai,Electronics,Bluetooth Speaker,1,1518.76,25,170.86,114.56,56.3,Marketplace,Corporate,Debit Card,Returned
ORD101475,19-Feb-25,CUST1275,North,Delhi,Electronics,Wireless Headphones,1,2166.19,10,1949.57,1458.02,491.55,Mobile App,Consumer,Debit Card,Delivered
ORD101476,30-Aug-25,CUST1276,South,Chennai,Electronics,Wireless Headphones,4,1841.55,20,5892.97,3284.31,2608.66,Mobile App,Corporate,UPI,Delivered
ORD101477,08-Feb-24,CUST1277,East,Guwahati,Electronics,Power Bank,1,965.29,15,123.07,98.49,24.58,Marketplace,Consumer,UPI,Returned
ORD101478,29-Jan-24,CUST1278,Central,Nagpur,Clothing,Hoodie,2,1939,5,0,0,0,Website,Consumer,Net Banking,Cancelled
ORD101479,21-Apr-25,CUST1279,West,Ahmedabad,Electronics,Power Bank,1,936.96,0,0,0,0,Mobile App,Student,Net Banking,Cancelled
ORD101480,13-Nov-24,CUST1280,South,Coimbatore,Electronics,Keyboard,1,1409.71,25,0,0,0,Mobile App,Consumer,Credit Card,Cancelled
ORD101481,01-Sep-24,CUST1281,Central,Raipur,Sports,Running Shoes,1,2843.18,10,383.83,313.61,70.22,Website,Student,Credit Card,Returned
ORD101482,27-Nov-25,CUST1282,West,Surat,Electronics,Wireless Headphones,2,1895.29,5,3601.04,2939.53,661.51,Mobile App,Consumer,Credit Card,Delivered
ORD101483,28-Sep-24,CUST1283,Central,Indore,Beauty,Lipstick,1,465.79,15,395.92,282.95,112.97,Website,Consumer,Credit Card,Delivered
ORD101484,15-Mar-25,CUST1284,East,Guwahati,Electronics,Keyboard,1,1295.98,0,0,0,0,Mobile App,Consumer,Cash on Delivery,Cancelled
ORD101485,26-Aug-24,CUST1285,South,Hyderabad,Sports,Yoga Mat,2,795.48,20,1272.77,912.59,360.18,Website,Student,Credit Card,Delivered
ORD101486,11-Jan-25,CUST1286,North,Delhi,Sports,Yoga Mat,1,773.03,0,115.96,73.5,42.45,Mobile App,Consumer,Cash on Delivery,Returned
ORD101487,22-Sep-24,CUST1287,West,Mumbai,Home & Kitchen,Bedsheet,1,1091.21,5,0,0,0,Marketplace,Corporate,Debit Card,Cancelled
ORD101488,24-Dec-24,CUST1288,North,Delhi,Home & Kitchen,Cookware Set,4,2750.93,0,11003.73,7248.66,3755.07,Marketplace,Consumer,Net Banking,Delivered
ORD101489,05-Dec-24,CUST1289,South,Hyderabad,Electronics,Keyboard,1,1130.87,0,1130.87,830.44,300.42,Mobile App,Corporate,Debit Card,Delivered
ORD101490,23-Jan-25,CUST1290,East,Guwahati,Sports,Dumbbells,1,1596.47,10,1436.82,811.97,624.85,Website,Corporate,Credit Card,Delivered
ORD101491,30-Jul-25,CUST1291,East,Patna,Sports,Dumbbells,2,1592.15,15,2706.65,1864.51,842.14,Marketplace,Consumer,Cash on Delivery,Delivered
ORD101492,19-Nov-25,CUST1292,West,Mumbai,Sports,Gym Bag,3,1139.72,15,2906.28,1918.92,987.36,Mobile App,Consumer,UPI,Delivered
ORD101493,03-Jan-24,CUST1293,North,Jaipur,Home & Kitchen,Water Bottle,3,601.16,15,1532.96,1061.45,471.51,Website,Consumer,Net Banking,Delivered
ORD101494,04-Mar-25,CUST1294,South,Hyderabad,Clothing,Jeans,5,1459.56,5,1039.94,813.5,226.44,Mobile App,Student,UPI,Returned
ORD101495,21-May-24,CUST1295,West,Mumbai,Sports,Cricket Bat,1,1963.42,10,1767.08,994.61,772.47,Website,Corporate,Credit Card,Delivered
ORD101496,10-Jan-25,CUST1296,Central,Nagpur,Clothing,Dress,5,1685.25,20,6741.01,5097.4,1643.6,Mobile App,Corporate,UPI,Delivered
ORD101497,31-Oct-25,CUST1297,West,Mumbai,Home & Kitchen,Mixer Grinder,4,3272.64,5,12436.03,9079.12,3356.91,Website,Consumer,UPI,Delivered
ORD101498,19-Nov-24,CUST1298,Central,Nagpur,Electronics,Smart Watch,3,2342.53,5,1001.43,605.91,395.53,Website,Student,Credit Card,Returned
ORD101499,25-May-24,CUST1299,West,Ahmedabad,Sports,Cricket Bat,1,2012.98,10,1811.68,1355.55,456.13,Mobile App,Consumer,UPI,Delivered
ORD101500,19-Oct-24,CUST1300,East,Guwahati,Electronics,Wireless Headphones,3,2044.98,5,5828.2,3986.61,1841.59,Marketplace,Consumer,Net Banking,Delivered
ORD101501,26-Oct-25,CUST1301,South,Bengaluru,Electronics,Wireless Headphones,1,2056.62,5,1953.79,1328.34,625.45,Mobile App,Corporate,Debit Card,Delivered
ORD101502,07-Mar-25,CUST1302,West,Ahmedabad,Home & Kitchen,Cookware Set,3,2541.34,15,6480.42,4409.46,2070.95,Website,Consumer,Cash on Delivery,Delivered
ORD101503,05-Dec-25,CUST1303,West,Pune,Beauty,Sunscreen,1,616.64,20,493.31,397.75,95.56,Website,Consumer,Net Banking,Delivered
ORD101504,07-Aug-25,CUST1304,West,Ahmedabad,Home & Kitchen,Mixer Grinder,3,3080.36,10,8316.97,6694.98,1621.99,Mobile App,Consumer,Debit Card,Delivered
ORD101505,02-Feb-25,CUST1305,East,Bhubaneswar,Electronics,Bluetooth Speaker,2,1454.71,15,2473.01,1970.19,502.83,Mobile App,Consumer,UPI,Delivered
ORD101506,09-Dec-24,CUST1306,East,Bhubaneswar,Electronics,Power Bank,1,1029.52,5,978.04,772.09,205.96,Website,Consumer,Debit Card,Delivered
ORD101507,19-May-24,CUST1307,South,Chennai,Beauty,Moisturizer,3,736.52,10,1988.61,1113.92,874.69,Mobile App,Consumer,Credit Card,Delivered
ORD101508,05-Jul-24,CUST1308,East,Kolkata,Sports,Gym Bag,2,1159.7,10,2087.45,1373.88,713.57,Website,Consumer,UPI,Delivered
ORD101509,01-Mar-24,CUST1309,South,Hyderabad,Beauty,Sunscreen,2,568.24,10,0,0,0,Website,Corporate,UPI,Cancelled
ORD101510,14-Jan-25,CUST1310,West,Surat,Clothing,Hoodie,1,1876.88,0,1876.88,1414.95,461.93,Marketplace,Consumer,Credit Card,Delivered
ORD101511,10-Dec-25,CUST1311,North,Chandigarh,Sports,Dumbbells,3,1455.07,15,556.56,374.73,181.83,Website,Student,UPI,Returned
ORD101512,15-Mar-25,CUST1312,North,Lucknow,Clothing,Dress,2,1363.25,15,2317.52,1758.49,559.04,Website,Consumer,UPI,Delivered
ORD101513,14-Nov-24,CUST1313,South,Chennai,Home & Kitchen,Mixer Grinder,1,3223.83,10,2901.45,1758.89,1142.56,Website,Consumer,Credit Card,Delivered
ORD101514,28-Oct-24,CUST1314,West,Ahmedabad,Clothing,T-Shirt,2,626.87,0,1253.74,892.6,361.15,Website,Consumer,UPI,Delivered
ORD101515,09-Dec-24,CUST1315,South,Chennai,Clothing,Hoodie,2,1712.89,0,3425.79,2377.19,1048.6,Marketplace,Consumer,Cash on Delivery,Delivered
ORD101516,11-Jan-24,CUST1316,South,Bengaluru,Beauty,Sunscreen,2,556.25,5,1056.88,744.95,311.93,Marketplace,Consumer,Debit Card,Delivered
ORD101517,02-Mar-24,CUST1317,East,Guwahati,Home & Kitchen,Mixer Grinder,1,3496.48,0,3496.48,2604.48,892.01,Mobile App,Corporate,UPI,Delivered
ORD101518,13-Aug-24,CUST1318,South,Chennai,Clothing,Sneakers,1,2347.76,15,1995.6,1609.34,386.25,Marketplace,Consumer,Net Banking,Delivered
ORD101519,01-Jun-24,CUST1319,Central,Bhopal,Clothing,Dress,2,1635.75,15,417.12,259.15,157.97,Website,Consumer,UPI,Returned
ORD101520,11-Dec-25,CUST1320,Central,Indore,Electronics,Smart Watch,4,2578.86,10,9283.89,7006.31,2277.58,Website,Consumer,Credit Card,Delivered
ORD101521,17-Jul-25,CUST1321,East,Kolkata,Home & Kitchen,Mixer Grinder,2,3210.73,20,5137.16,3720.27,1416.89,Website,Consumer,Credit Card,Delivered
ORD101522,24-Jul-25,CUST1322,South,Chennai,Electronics,Bluetooth Speaker,1,1306.96,0,196.04,144.62,51.42,Mobile App,Consumer,UPI,Returned
ORD101523,06-Aug-25,CUST1323,West,Ahmedabad,Electronics,Keyboard,1,1349.79,15,1147.32,763.9,383.43,Mobile App,Consumer,Credit Card,Delivered
ORD101524,21-Oct-25,CUST1324,North,Chandigarh,Home & Kitchen,Mixer Grinder,2,2871.1,0,5742.21,4622.69,1119.52,Marketplace,Consumer,UPI,Delivered
ORD101525,28-Jul-25,CUST1325,East,Bhubaneswar,Beauty,Shampoo,3,437.52,0,1312.55,891.89,420.66,Mobile App,Corporate,UPI,Delivered
ORD101526,05-Nov-24,CUST1326,South,Bengaluru,Beauty,Face Serum,1,721.43,0,721.43,420.47,300.96,Website,Corporate,Debit Card,Delivered
ORD101527,30-Aug-24,CUST1327,Central,Bhopal,Home & Kitchen,Water Bottle,2,554.5,25,0,0,0,Marketplace,Consumer,UPI,Cancelled
ORD101528,07-May-25,CUST1328,North,Lucknow,Sports,Cricket Bat,1,2156.01,10,1940.4,1134.74,805.67,Mobile App,Consumer,UPI,Delivered
ORD101529,31-Dec-24,CUST1329,East,Guwahati,Sports,Cricket Bat,1,2063.43,0,0,0,0,Marketplace,Consumer,Debit Card,Cancelled
ORD101530,25-Nov-24,CUST1330,West,Pune,Beauty,Shampoo,1,476.32,10,428.69,262.17,166.52,Mobile App,Student,Cash on Delivery,Delivered
ORD101531,16-Apr-24,CUST1331,East,Patna,Home & Kitchen,Cookware Set,3,2784.46,5,7935.71,5519.38,2416.33,Website,Corporate,Credit Card,Delivered
ORD101532,13-Aug-24,CUST1332,North,Delhi,Clothing,Dress,4,1464.32,0,5857.28,3771.07,2086.21,Marketplace,Consumer,Cash on Delivery,Delivered
ORD101533,05-Aug-24,CUST1333,Central,Nagpur,Sports,Dumbbells,1,1622.43,15,206.86,122.7,84.16,Marketplace,Consumer,Cash on Delivery,Returned
ORD101534,20-May-25,CUST1334,East,Kolkata,Clothing,T-Shirt,2,754.04,0,1508.09,1151.46,356.63,Website,Student,Credit Card,Delivered
ORD101535,15-Sep-24,CUST1335,West,Pune,Electronics,Smart Watch,1,2665.3,20,2132.24,1442.44,689.79,Website,Consumer,Debit Card,Delivered
ORD101536,31-May-25,CUST1336,South,Coimbatore,Clothing,T-Shirt,2,611.19,10,0,0,0,Website,Consumer,UPI,Cancelled
ORD101537,23-Feb-24,CUST1337,East,Patna,Electronics,Keyboard,2,1348.7,0,2697.41,2129.11,568.3,Website,Corporate,Credit Card,Delivered
ORD101538,16-Feb-24,CUST1338,South,Coimbatore,Sports,Dumbbells,1,1470.48,5,1396.95,971.56,425.4,Mobile App,Consumer,Net Banking,Delivered
ORD101539,27-Dec-25,CUST1339,North,Chandigarh,Home & Kitchen,Mixer Grinder,1,3121.01,10,2808.91,2083.29,725.62,Website,Student,Debit Card,Delivered
ORD101540,19-Nov-25,CUST1340,North,Lucknow,Home & Kitchen,Bedsheet,3,981.05,5,2795.98,1785.45,1010.53,Website,Corporate,UPI,Delivered
ORD101541,04-Jun-25,CUST1341,Central,Bhopal,Home & Kitchen,Cookware Set,2,2657.69,10,4783.85,3356.1,1427.75,Marketplace,Consumer,Net Banking,Delivered
ORD101542,08-Apr-24,CUST1342,South,Bengaluru,Home & Kitchen,Coffee Maker,1,1967.83,15,1672.65,1248.02,424.63,Marketplace,Consumer,Cash on Delivery,Delivered
ORD101543,20-Jan-24,CUST1343,South,Chennai,Electronics,Keyboard,2,1142.22,15,291.27,183.51,107.75,Website,Consumer,UPI,Returned
ORD101544,26-Jul-25,CUST1344,East,Bhubaneswar,Home & Kitchen,Mixer Grinder,3,2940.82,15,7499.1,5518.62,1980.48,Website,Corporate,Debit Card,Delivered
ORD101545,04-May-25,CUST1345,West,Mumbai,Beauty,Sunscreen,2,544.44,20,130.67,91.93,38.73,Website,Corporate,Net Banking,Returned
ORD101546,22-Feb-25,CUST1346,North,Delhi,Clothing,Dress,1,1384.84,5,197.34,131.67,65.67,Mobile App,Consumer,UPI,Returned
ORD101547,20-Nov-25,CUST1347,East,Kolkata,Beauty,Lipstick,2,548.96,0,1097.92,815.2,282.71,Mobile App,Corporate,UPI,Delivered
ORD101548,02-Mar-24,CUST1348,North,Delhi,Electronics,Power Bank,2,935.22,15,1589.87,1010.46,579.4,Website,Corporate,Credit Card,Delivered
ORD101549,24-May-24,CUST1349,North,Chandigarh,Electronics,Bluetooth Speaker,2,1345.78,5,383.55,284.94,98.6,Website,Consumer,UPI,Returned
ORD101550,03-Aug-24,CUST1350,North,Delhi,Electronics,Bluetooth Speaker,4,1532.3,10,827.44,578.22,249.22,Website,Consumer,Debit Card,Returned
ORD101551,03-Jan-24,CUST1351,Central,Nagpur,Clothing,Jeans,1,1592.67,15,1353.77,834.35,519.42,Website,Consumer,UPI,Delivered
ORD101552,08-Jun-24,CUST1352,North,Chandigarh,Beauty,Moisturizer,2,736.31,5,1398.98,1021.87,377.12,Mobile App,Consumer,Credit Card,Delivered
ORD101553,29-Apr-24,CUST1353,North,Delhi,Beauty,Lipstick,1,520.98,0,0,0,0,Mobile App,Consumer,Cash on Delivery,Cancelled
ORD101554,29-Mar-24,CUST1354,South,Chennai,Clothing,Sneakers,1,2158.24,15,1834.51,1162.53,671.97,Website,Corporate,Debit Card,Delivered
ORD101555,24-Nov-24,CUST1355,Central,Bhopal,Home & Kitchen,Cookware Set,2,2651.9,15,4508.22,3468.31,1039.91,Marketplace,Consumer,UPI,Delivered
ORD101556,02-Aug-25,CUST1356,South,Hyderabad,Beauty,Sunscreen,4,590.32,0,2361.28,1513,848.28,Mobile App,Consumer,Debit Card,Delivered
ORD101557,22-Dec-24,CUST1357,South,Chennai,Electronics,Bluetooth Speaker,1,1536.85,10,0,0,0,Website,Consumer,Credit Card,Cancelled
ORD101558,01-Sep-25,CUST1358,North,Delhi,Electronics,Power Bank,4,1107.13,10,3985.66,2247.16,1738.5,Mobile App,Consumer,Net Banking,Delivered
ORD101559,23-Sep-24,CUST1359,East,Kolkata,Sports,Cricket Bat,1,2136.69,5,2029.86,1120.38,909.48,Website,Consumer,UPI,Delivered
ORD101560,08-Sep-25,CUST1360,East,Bhubaneswar,Home & Kitchen,Cookware Set,1,2681.05,0,2681.05,1556.57,1124.49,Website,Corporate,Credit Card,Delivered
ORD101561,18-Nov-24,CUST1361,East,Patna,Sports,Yoga Mat,1,808.2,5,0,0,0,Website,Consumer,UPI,Cancelled
ORD101562,26-Sep-25,CUST1362,South,Chennai,Clothing,Sneakers,2,2445.6,15,4157.52,2885.76,1271.77,Website,Consumer,Credit Card,Delivered
ORD101563,24-Jun-25,CUST1363,South,Bengaluru,Beauty,Moisturizer,2,773.32,10,1391.97,988.87,403.1,Website,Consumer,UPI,Delivered
ORD101564,10-Oct-25,CUST1364,North,Jaipur,Electronics,Keyboard,1,1308.52,25,981.39,762.93,218.46,Mobile App,Consumer,Cash on Delivery,Delivered
ORD101565,13-Jul-24,CUST1365,South,Coimbatore,Clothing,T-Shirt,1,613.51,5,87.43,49.28,38.15,Marketplace,Consumer,Credit Card,Returned
ORD101566,27-Nov-24,CUST1366,North,Delhi,Home & Kitchen,Cookware Set,2,2617.93,25,3926.9,2570.23,1356.67,Mobile App,Consumer,Net Banking,Delivered
ORD101567,18-Jun-24,CUST1367,West,Ahmedabad,Clothing,Sneakers,2,2153.11,10,581.34,420.68,160.66,Mobile App,Consumer,Debit Card,Returned
ORD101568,04-Jun-25,CUST1368,Central,Raipur,Electronics,Smart Watch,1,2625,0,2625,1730.57,894.43,Marketplace,Consumer,UPI,Delivered
ORD101569,07-Apr-25,CUST1369,Central,Bhopal,Clothing,Jeans,3,1630.22,0,4890.66,2732.29,2158.37,Mobile App,Consumer,UPI,Delivered
ORD101570,09-Feb-24,CUST1370,Central,Raipur,Electronics,Wireless Headphones,2,1928.67,10,0,0,0,Website,Consumer,Credit Card,Cancelled
ORD101571,20-Jun-25,CUST1371,West,Pune,Beauty,Lipstick,1,479.88,15,407.89,267.45,140.45,Mobile App,Consumer,Net Banking,Delivered
ORD101572,17-Sep-24,CUST1372,West,Pune,Home & Kitchen,Mixer Grinder,1,3075.12,15,0,0,0,Website,Consumer,Cash on Delivery,Cancelled
ORD101573,29-Jan-25,CUST1373,South,Bengaluru,Electronics,Wireless Headphones,3,2172.46,15,5539.77,3301.93,2237.85,Mobile App,Consumer,Cash on Delivery,Delivered
ORD101574,13-Aug-24,CUST1374,West,Surat,Electronics,Smart Watch,1,2493.76,0,2493.76,1518.07,975.69,Website,Corporate,Credit Card,Delivered
ORD101575,03-May-24,CUST1375,East,Guwahati,Electronics,Smart Watch,2,2514.99,0,5029.99,3459.96,1570.03,Website,Consumer,UPI,Delivered
ORD101576,07-Feb-24,CUST1376,East,Kolkata,Home & Kitchen,Water Bottle,1,616.17,0,616.17,369.9,246.27,Website,Corporate,UPI,Delivered
ORD101577,23-Nov-24,CUST1377,West,Ahmedabad,Electronics,Power Bank,2,930.13,0,1860.26,1204.63,655.63,Mobile App,Consumer,Cash on Delivery,Delivered
ORD101578,07-Sep-24,CUST1378,South,Bengaluru,Beauty,Lipstick,1,482.46,15,61.51,46.3,15.21,Mobile App,Consumer,UPI,Returned
ORD101579,24-Jun-24,CUST1379,South,Hyderabad,Electronics,Power Bank,5,1049.18,20,0,0,0,Mobile App,Consumer,UPI,Cancelled
ORD101580,24-Aug-25,CUST1380,Central,Indore,Electronics,Bluetooth Speaker,4,1673.01,5,0,0,0,Website,Consumer,Debit Card,Cancelled
ORD101581,29-Mar-25,CUST1381,North,Lucknow,Sports,Running Shoes,4,2576.93,15,1314.23,969.47,344.76,Marketplace,Corporate,UPI,Returned
ORD101582,06-Feb-24,CUST1382,East,Bhubaneswar,Beauty,Shampoo,1,429.9,5,408.4,284.37,124.04,Website,Consumer,Debit Card,Delivered
ORD101583,11-Nov-24,CUST1383,Central,Bhopal,Electronics,Bluetooth Speaker,3,1447.41,5,4125.11,2882.09,1243.02,Marketplace,Corporate,UPI,Delivered
ORD101584,18-Nov-25,CUST1384,West,Ahmedabad,Beauty,Sunscreen,2,615.83,5,1170.08,944.74,225.34,Mobile App,Consumer,UPI,Delivered
ORD101585,15-Aug-25,CUST1385,East,Patna,Home & Kitchen,Bedsheet,2,953.36,0,0,0,0,Website,Consumer,UPI,Cancelled
ORD101586,23-Apr-24,CUST1386,South,Chennai,Beauty,Face Serum,1,894.8,5,850.06,616.67,233.39,Website,Student,Debit Card,Delivered
ORD101587,09-Feb-24,CUST1387,South,Bengaluru,Home & Kitchen,Cookware Set,2,2255.96,5,4286.33,2899.68,1386.66,Website,Student,Credit Card,Delivered
ORD101588,27-Oct-24,CUST1388,Central,Raipur,Beauty,Lipstick,4,425.22,10,1530.78,1143.26,387.52,Marketplace,Consumer,UPI,Delivered
ORD101589,11-Aug-24,CUST1389,East,Guwahati,Sports,Running Shoes,1,2703.1,5,385.19,218.38,166.81,Marketplace,Consumer,UPI,Returned
ORD101590,13-Nov-24,CUST1390,East,Kolkata,Electronics,Wireless Headphones,1,2177.81,10,294,236.69,57.32,Website,Consumer,Net Banking,Returned
ORD101591,14-Dec-24,CUST1391,North,Jaipur,Home & Kitchen,Water Bottle,1,532.62,5,505.99,353.11,152.89,Website,Student,Debit Card,Delivered
ORD101592,24-Apr-24,CUST1392,North,Jaipur,Clothing,Dress,1,1565.94,25,1174.45,805.39,369.07,Website,Consumer,Debit Card,Delivered
ORD101593,28-Nov-25,CUST1393,Central,Nagpur,Electronics,Keyboard,2,1251.2,15,2127.04,1336.9,790.14,Website,Corporate,Credit Card,Delivered
ORD101594,18-Nov-24,CUST1394,South,Coimbatore,Electronics,Bluetooth Speaker,3,1543.59,20,3704.61,2040.93,1663.69,Marketplace,Consumer,Credit Card,Delivered
ORD101595,21-Jul-25,CUST1395,West,Pune,Electronics,Bluetooth Speaker,1,1296.25,10,174.99,99.14,75.85,Marketplace,Consumer,Debit Card,Returned
ORD101596,09-Feb-24,CUST1396,North,Delhi,Home & Kitchen,Bedsheet,2,1026.83,15,1745.62,1084.05,661.57,Mobile App,Student,Cash on Delivery,Delivered
ORD101597,09-Feb-24,CUST1397,West,Pune,Home & Kitchen,Bedsheet,1,944.84,0,141.73,98.67,43.05,Website,Student,UPI,Returned
ORD101598,15-Oct-24,CUST1398,Central,Indore,Home & Kitchen,Mixer Grinder,1,3629,15,3084.65,1766.17,1318.48,Mobile App,Consumer,Cash on Delivery,Delivered
ORD101599,18-Sep-24,CUST1399,East,Bhubaneswar,Electronics,Bluetooth Speaker,2,1617.72,5,461.05,374.58,86.47,Website,Consumer,Debit Card,Returned
ORD101600,03-Aug-24,CUST1400,North,Chandigarh,Clothing,Jeans,1,1435.84,0,1435.84,949.03,486.81,Marketplace,Consumer,Credit Card,Delivered
ORD101601,26-May-24,CUST1401,East,Guwahati,Sports,Gym Bag,2,1340.58,0,2681.16,1703.62,977.53,Marketplace,Consumer,Credit Card,Delivered
ORD101602,01-Dec-24,CUST1402,West,Mumbai,Clothing,T-Shirt,1,603.95,10,81.53,56.41,25.13,Website,Consumer,Cash on Delivery,Returned
ORD101603,16-Jun-24,CUST1403,South,Bengaluru,Home & Kitchen,Bedsheet,2,1061.87,5,2017.55,1145.05,872.5,Website,Corporate,Debit Card,Delivered
ORD101604,01-Apr-24,CUST1404,Central,Bhopal,Beauty,Lipstick,1,482.6,25,0,0,0,Marketplace,Consumer,UPI,Cancelled
ORD101605,18-Dec-24,CUST1405,West,Ahmedabad,Beauty,Face Serum,5,772.63,5,550.5,371.19,179.31,Mobile App,Consumer,Credit Card,Returned
ORD101606,24-Jul-25,CUST1406,Central,Nagpur,Home & Kitchen,Water Bottle,3,536.67,20,0,0,0,Website,Consumer,Net Banking,Cancelled
ORD101607,24-Jul-25,CUST1407,West,Pune,Sports,Yoga Mat,1,889.13,5,844.67,501.45,343.22,Website,Consumer,Debit Card,Delivered
ORD101608,11-Nov-25,CUST1408,North,Jaipur,Clothing,Sneakers,1,2181.31,15,0,0,0,Website,Consumer,Net Banking,Cancelled
ORD101609,28-Dec-24,CUST1409,South,Chennai,Sports,Yoga Mat,1,913.81,15,776.74,547.45,229.29,Website,Consumer,Debit Card,Delivered
ORD101610,10-Jul-25,CUST1410,South,Chennai,Electronics,Bluetooth Speaker,3,1371.93,10,3704.21,2454.28,1249.93,Website,Consumer,Credit Card,Delivered
ORD101611,10-Dec-24,CUST1411,Central,Bhopal,Clothing,Dress,1,1672.09,10,0,0,0,Mobile App,Consumer,Credit Card,Cancelled
ORD101612,23-Nov-25,CUST1412,West,Surat,Electronics,Keyboard,2,1317.17,15,2239.19,1658.07,581.12,Mobile App,Consumer,Debit Card,Delivered
ORD101613,18-Jun-24,CUST1413,West,Surat,Beauty,Lipstick,1,524.71,10,0,0,0,Mobile App,Student,Debit Card,Cancelled
ORD101614,21-Dec-24,CUST1414,South,Hyderabad,Clothing,Jeans,1,1577.59,10,1419.83,934.62,485.22,Website,Student,Debit Card,Delivered
ORD101615,09-Jul-24,CUST1415,North,Chandigarh,Electronics,Smart Watch,1,2256.88,10,0,0,0,Website,Student,Net Banking,Cancelled
ORD101616,28-Oct-25,CUST1416,West,Surat,Electronics,Bluetooth Speaker,1,1274.42,5,1210.7,712.14,498.56,Mobile App,Consumer,UPI,Delivered
ORD101617,25-Feb-25,CUST1417,East,Bhubaneswar,Sports,Cricket Bat,2,1896.56,5,540.52,372.17,168.35,Mobile App,Consumer,Cash on Delivery,Returned
ORD101618,30-Nov-25,CUST1418,South,Bengaluru,Beauty,Sunscreen,1,657.79,0,657.79,374.66,283.13,Marketplace,Corporate,Credit Card,Delivered
ORD101619,07-Jan-24,CUST1419,West,Surat,Home & Kitchen,Mixer Grinder,3,3318.9,20,0,0,0,Mobile App,Consumer,Cash on Delivery,Cancelled
ORD101620,12-May-24,CUST1420,North,Delhi,Home & Kitchen,Bedsheet,3,1045.38,15,2665.72,1885.89,779.83,Website,Student,Credit Card,Delivered
ORD101621,10-Jul-25,CUST1421,South,Bengaluru,Clothing,Sneakers,1,2717.62,5,2581.74,1936.08,645.66,Mobile App,Consumer,Net Banking,Delivered
ORD101622,31-Jan-24,CUST1422,East,Guwahati,Clothing,T-Shirt,2,765.15,5,1453.79,836.99,616.79,Mobile App,Corporate,Credit Card,Delivered
ORD101623,18-Jun-25,CUST1423,North,Chandigarh,Sports,Gym Bag,1,1190.41,10,1071.37,649.15,422.22,Website,Corporate,UPI,Delivered
ORD101624,01-Mar-25,CUST1424,Central,Indore,Electronics,Smart Watch,2,2489.14,5,4729.37,3867.73,861.63,Marketplace,Consumer,Credit Card,Delivered
ORD101625,28-Jan-25,CUST1425,South,Coimbatore,Clothing,T-Shirt,1,754.75,15,96.23,61.7,34.53,Mobile App,Student,Debit Card,Returned
ORD101626,02-Nov-25,CUST1426,North,Jaipur,Clothing,Sneakers,1,2668.98,15,0,0,0,Marketplace,Consumer,Debit Card,Cancelled
ORD101627,28-Dec-24,CUST1427,South,Hyderabad,Home & Kitchen,Bedsheet,1,1037.65,15,882.01,505.41,376.6,Marketplace,Consumer,Debit Card,Delivered
ORD101628,12-Mar-25,CUST1428,West,Pune,Clothing,T-Shirt,1,708.23,20,566.58,417.92,148.67,Website,Consumer,UPI,Delivered
ORD101629,31-Oct-25,CUST1429,South,Hyderabad,Home & Kitchen,Bedsheet,5,1015.63,10,4570.34,3140.87,1429.47,Mobile App,Corporate,Net Banking,Delivered
ORD101630,04-Jul-25,CUST1430,East,Patna,Electronics,Keyboard,3,1231.43,10,498.73,295.52,203.21,Mobile App,Consumer,UPI,Returned
ORD101631,22-Mar-24,CUST1431,North,Lucknow,Home & Kitchen,Cookware Set,1,2691.54,15,2287.81,1649.24,638.57,Mobile App,Student,Credit Card,Delivered
ORD101632,21-Dec-24,CUST1432,North,Chandigarh,Electronics,Power Bank,2,1015.78,15,259.02,179.23,79.79,Website,Consumer,Credit Card,Returned
ORD101633,14-Sep-24,CUST1433,East,Kolkata,Electronics,Smart Watch,4,2274.97,20,7279.91,5114.39,2165.52,Marketplace,Consumer,Cash on Delivery,Delivered
ORD101634,18-Dec-25,CUST1434,West,Surat,Electronics,Power Bank,1,913.84,15,116.51,95.38,21.13,Marketplace,Consumer,Debit Card,Returned
ORD101635,11-Aug-25,CUST1435,Central,Nagpur,Beauty,Face Serum,2,865.02,0,1730.05,964.89,765.16,Mobile App,Consumer,Credit Card,Delivered
ORD101636,07-Jun-25,CUST1436,North,Lucknow,Clothing,T-Shirt,1,712.24,20,569.79,454.15,115.64,Website,Consumer,UPI,Delivered
ORD101637,21-Oct-24,CUST1437,East,Guwahati,Home & Kitchen,Mixer Grinder,2,3159.29,15,805.62,626.22,179.4,Mobile App,Student,UPI,Returned
ORD101638,11-Aug-24,CUST1438,Central,Raipur,Beauty,Lipstick,2,449.36,0,0,0,0,Mobile App,Consumer,Credit Card,Cancelled
ORD101639,08-Jun-25,CUST1439,South,Hyderabad,Home & Kitchen,Cookware Set,5,2535.88,15,10777.49,8491.11,2286.39,Mobile App,Consumer,UPI,Delivered
ORD101640,15-Feb-24,CUST1440,Central,Nagpur,Clothing,Sneakers,1,2248.51,5,2136.08,1548.9,587.18,Website,Consumer,Credit Card,Delivered
ORD101641,28-Oct-25,CUST1441,North,Delhi,Clothing,T-Shirt,3,682.88,15,1741.36,1375.89,365.47,Website,Corporate,UPI,Delivered
ORD101642,22-Apr-24,CUST1442,Central,Raipur,Clothing,Jeans,1,1548.36,25,1161.27,825.17,336.1,Mobile App,Consumer,Cash on Delivery,Delivered
ORD101643,20-Aug-24,CUST1443,West,Ahmedabad,Home & Kitchen,Coffee Maker,1,2204.85,5,314.19,191.14,123.05,Website,Student,Cash on Delivery,Returned
ORD101644,17-Jan-24,CUST1444,Central,Raipur,Home & Kitchen,Cookware Set,5,2746.32,20,10985.27,7750.99,3234.29,Mobile App,Consumer,Credit Card,Delivered
ORD101645,25-Dec-24,CUST1445,West,Ahmedabad,Beauty,Moisturizer,3,601.65,15,230.13,137.7,92.43,Website,Corporate,UPI,Returned
ORD101646,10-Aug-24,CUST1446,South,Hyderabad,Sports,Dumbbells,1,1479.95,15,188.69,110.96,77.74,Marketplace,Corporate,UPI,Returned
ORD101647,30-Nov-25,CUST1447,Central,Nagpur,Electronics,Power Bank,2,864.55,5,1642.64,1193.54,449.1,Marketplace,Student,Credit Card,Delivered
ORD101648,23-Mar-25,CUST1448,South,Hyderabad,Electronics,Wireless Headphones,1,1804.18,0,0,0,0,Website,Consumer,Debit Card,Cancelled
ORD101649,30-Dec-24,CUST1449,South,Coimbatore,Home & Kitchen,Water Bottle,1,529.2,10,476.28,337.63,138.65,Website,Consumer,Debit Card,Delivered
ORD101650,05-Nov-25,CUST1450,West,Surat,Clothing,Sneakers,2,2618.5,0,5237,4005.58,1231.41,Mobile App,Student,Credit Card,Delivered
ORD101651,21-Nov-24,CUST1451,West,Ahmedabad,Electronics,Power Bank,2,948.78,10,1707.81,1016.93,690.88,Website,Corporate,UPI,Delivered
ORD101652,11-Apr-25,CUST1452,Central,Raipur,Sports,Yoga Mat,1,988.69,15,840.38,610.65,229.73,Website,Consumer,UPI,Delivered
ORD101653,17-Feb-25,CUST1453,South,Chennai,Electronics,Bluetooth Speaker,2,1283.61,25,1925.42,1440.03,485.39,Mobile App,Corporate,UPI,Delivered
ORD101654,30-Mar-25,CUST1454,West,Surat,Sports,Cricket Bat,1,2051.55,5,1948.98,1093.83,855.14,Marketplace,Consumer,UPI,Delivered
ORD101655,08-Aug-25,CUST1455,West,Surat,Beauty,Sunscreen,1,666.12,5,632.81,364.65,268.16,Website,Consumer,UPI,Delivered
ORD101656,20-Aug-24,CUST1456,North,Chandigarh,Beauty,Sunscreen,1,537.59,15,456.95,347.75,109.2,Website,Consumer,UPI,Delivered
ORD101657,11-Aug-24,CUST1457,South,Chennai,Electronics,Smart Watch,4,2422.67,10,8721.62,5832.9,2888.72,Mobile App,Consumer,Debit Card,Delivered
ORD101658,15-Feb-25,CUST1458,South,Chennai,Electronics,Keyboard,3,1350.32,20,3240.78,2137.31,1103.46,Mobile App,Student,UPI,Delivered
ORD101659,25-Jul-25,CUST1459,South,Chennai,Home & Kitchen,Water Bottle,1,611.55,15,519.82,415.07,104.74,Website,Consumer,Debit Card,Delivered
ORD101660,30-Nov-24,CUST1460,Central,Indore,Electronics,Power Bank,1,1001.82,15,851.55,696.42,155.13,Mobile App,Consumer,UPI,Delivered
ORD101661,09-Aug-24,CUST1461,West,Mumbai,Clothing,Sneakers,2,2344.62,0,703.39,532.03,171.36,Website,Consumer,Debit Card,Returned
ORD101662,06-Feb-24,CUST1462,West,Pune,Clothing,Sneakers,2,2615.49,0,5230.98,3996.47,1234.51,Marketplace,Consumer,UPI,Delivered
ORD101663,04-Oct-24,CUST1463,Central,Raipur,Electronics,Keyboard,1,1333.27,5,1266.6,767.87,498.73,Mobile App,Consumer,UPI,Delivered
ORD101664,14-Jul-24,CUST1464,South,Coimbatore,Electronics,Power Bank,1,893.06,5,127.26,76.6,50.66,Mobile App,Consumer,UPI,Returned
ORD101665,28-Apr-25,CUST1465,West,Surat,Beauty,Face Serum,5,887.13,15,3770.32,3071.99,698.32,Marketplace,Consumer,Net Banking,Delivered
ORD101666,29-Aug-24,CUST1466,South,Coimbatore,Electronics,Bluetooth Speaker,2,1499.05,10,0,0,0,Mobile App,Consumer,Credit Card,Cancelled
ORD101667,19-Nov-24,CUST1467,Central,Bhopal,Electronics,Smart Watch,1,2478.69,10,2230.83,1640.57,590.25,Mobile App,Student,Credit Card,Delivered
ORD101668,31-Dec-25,CUST1468,North,Delhi,Home & Kitchen,Coffee Maker,2,2372.77,15,4033.72,2530.23,1503.48,Website,Consumer,Net Banking,Delivered
ORD101669,10-Jul-24,CUST1469,Central,Indore,Sports,Yoga Mat,1,919.6,10,0,0,0,Mobile App,Student,Debit Card,Cancelled
ORD101670,17-Jan-24,CUST1470,South,Coimbatore,Clothing,Sneakers,1,2174.4,10,1956.96,1099.81,857.15,Website,Consumer,UPI,Delivered
ORD101671,07-Jun-25,CUST1471,South,Chennai,Electronics,Keyboard,4,1281.83,15,4358.21,2720.13,1638.08,Marketplace,Corporate,Credit Card,Delivered
ORD101672,04-Feb-25,CUST1472,West,Surat,Home & Kitchen,Cookware Set,1,2650.84,10,2385.76,1428.21,957.55,Mobile App,Consumer,Cash on Delivery,Delivered
ORD101673,05-Dec-25,CUST1473,South,Hyderabad,Sports,Cricket Bat,1,2076.95,0,2076.95,1541.09,535.86,Marketplace,Consumer,Debit Card,Delivered
ORD101674,22-Jan-24,CUST1474,West,Surat,Beauty,Sunscreen,2,666.15,10,1199.07,891.09,307.99,Website,Corporate,UPI,Delivered
ORD101675,18-Apr-25,CUST1475,East,Guwahati,Home & Kitchen,Coffee Maker,3,1883.94,10,5086.65,3532.05,1554.59,Website,Consumer,Cash on Delivery,Delivered
ORD101676,29-Apr-24,CUST1476,West,Ahmedabad,Clothing,Dress,3,1471.93,10,3974.2,2191.45,1782.75,Mobile App,Consumer,Credit Card,Delivered
ORD101677,28-Jul-24,CUST1477,South,Hyderabad,Home & Kitchen,Coffee Maker,1,2195.2,5,2085.44,1638.98,446.46,Website,Consumer,Debit Card,Delivered
ORD101678,01-Nov-24,CUST1478,North,Lucknow,Electronics,Power Bank,2,1016.24,5,1930.87,1560.16,370.71,Website,Consumer,Credit Card,Delivered
ORD101679,26-Sep-24,CUST1479,South,Bengaluru,Home & Kitchen,Mixer Grinder,2,3048.53,5,5792.2,3502.11,2290.1,Marketplace,Consumer,Credit Card,Delivered
ORD101680,04-Dec-25,CUST1480,East,Kolkata,Beauty,Lipstick,1,535.54,0,80.33,62.45,17.88,Website,Consumer,Debit Card,Returned
ORD101681,17-Nov-25,CUST1481,North,Delhi,Sports,Yoga Mat,2,804.04,15,1366.87,1110.98,255.9,Website,Student,Cash on Delivery,Delivered
ORD101682,11-Oct-24,CUST1482,South,Coimbatore,Clothing,Sneakers,1,2124.72,10,1912.25,1220.56,691.69,Marketplace,Consumer,Credit Card,Delivered
ORD101683,16-Dec-25,CUST1483,South,Hyderabad,Electronics,Keyboard,5,1438.18,10,970.77,582.43,388.34,Website,Consumer,UPI,Returned
ORD101684,06-Nov-25,CUST1484,North,Chandigarh,Home & Kitchen,Mixer Grinder,2,3152.92,5,898.58,731.39,167.19,Website,Consumer,Credit Card,Returned
ORD101685,14-Aug-24,CUST1485,East,Kolkata,Beauty,Lipstick,1,553.15,5,78.82,44.62,34.2,Mobile App,Consumer,UPI,Returned
ORD101686,15-Jan-25,CUST1486,Central,Bhopal,Beauty,Moisturizer,2,646.6,15,0,0,0,Marketplace,Consumer,UPI,Cancelled
ORD101687,04-Apr-25,CUST1487,North,Delhi,Electronics,Keyboard,1,1126.4,15,957.44,718.42,239.03,Mobile App,Consumer,Credit Card,Delivered
ORD101688,07-Jan-24,CUST1488,East,Bhubaneswar,Clothing,Sneakers,2,2645.39,20,0,0,0,Marketplace,Student,UPI,Cancelled
ORD101689,29-Jan-24,CUST1489,West,Surat,Home & Kitchen,Water Bottle,1,644.33,10,579.89,426.12,153.78,Website,Consumer,UPI,Delivered
ORD101690,02-Feb-24,CUST1490,South,Coimbatore,Clothing,Dress,1,1571.6,10,1414.44,1048.36,366.08,Website,Consumer,UPI,Delivered
ORD101691,07-Oct-25,CUST1491,West,Ahmedabad,Sports,Running Shoes,2,2608.95,15,4435.21,3261.03,1174.18,Mobile App,Corporate,UPI,Delivered
ORD101692,19-Mar-24,CUST1492,South,Bengaluru,Clothing,Sneakers,3,2565.51,25,5772.41,3708.22,2064.18,Mobile App,Consumer,UPI,Delivered
ORD101693,03-Apr-25,CUST1493,East,Guwahati,Beauty,Shampoo,1,448.69,25,0,0,0,Mobile App,Consumer,UPI,Cancelled
ORD101694,23-Jul-25,CUST1494,North,Delhi,Home & Kitchen,Water Bottle,2,646.52,25,969.78,645.57,324.21,Mobile App,Consumer,Credit Card,Delivered
ORD101695,21-Jun-25,CUST1495,West,Mumbai,Beauty,Face Serum,2,738.27,20,1181.22,907.27,273.96,Marketplace,Student,Debit Card,Delivered
ORD101696,26-Apr-25,CUST1496,West,Pune,Clothing,Jeans,1,1617.24,10,1455.52,1169.27,286.25,Mobile App,Corporate,Debit Card,Delivered
ORD101697,05-Mar-25,CUST1497,North,Lucknow,Beauty,Sunscreen,1,578.2,0,578.2,389.08,189.12,Marketplace,Consumer,UPI,Delivered
ORD101698,11-Oct-24,CUST1498,South,Bengaluru,Clothing,Dress,2,1616.67,15,2748.34,1575.23,1173.11,Mobile App,Student,Credit Card,Delivered
ORD101699,30-May-25,CUST1499,Central,Raipur,Home & Kitchen,Bedsheet,1,1062.12,5,1009.01,810.58,198.43,Mobile App,Student,Credit Card,Delivered
ORD101700,08-Apr-24,CUST1500,South,Bengaluru,Electronics,Smart Watch,4,2151.44,0,8605.74,4920.04,3685.71,Website,Consumer,UPI,Delivered
ORD101701,31-Jan-25,CUST1501,East,Kolkata,Clothing,Sneakers,2,2678.22,15,4552.97,2699.72,1853.24,Mobile App,Consumer,Credit Card,Delivered
ORD101702,03-May-25,CUST1502,Central,Bhopal,Clothing,Dress,3,1419.01,15,3618.47,2837.87,780.6,Mobile App,Consumer,Credit Card,Delivered
ORD101703,08-Feb-24,CUST1503,West,Mumbai,Clothing,Dress,1,1513.89,15,1286.81,899.35,387.46,Marketplace,Consumer,Credit Card,Delivered
ORD101704,27-Sep-24,CUST1504,East,Guwahati,Sports,Dumbbells,3,1563.26,5,4455.3,2874.67,1580.63,Mobile App,Corporate,Credit Card,Delivered
ORD101705,05-Jun-24,CUST1505,West,Pune,Electronics,Power Bank,1,1090.67,10,981.61,786.61,195,Mobile App,Consumer,Credit Card,Delivered
ORD101706,15-Mar-24,CUST1506,Central,Nagpur,Beauty,Moisturizer,3,598.39,20,1436.12,1162.31,273.82,Marketplace,Consumer,Net Banking,Delivered
ORD101707,09-May-24,CUST1507,East,Guwahati,Sports,Dumbbells,1,1600.57,15,0,0,0,Mobile App,Consumer,Cash on Delivery,Cancelled
ORD101708,17-Nov-25,CUST1508,East,Bhubaneswar,Electronics,Wireless Headphones,1,2045.94,10,1841.34,1444.49,396.86,Website,Corporate,UPI,Delivered
ORD101709,24-Mar-24,CUST1509,South,Hyderabad,Beauty,Moisturizer,1,653.9,10,588.51,431.5,157.01,Mobile App,Consumer,Credit Card,Delivered
ORD101710,22-Jan-24,CUST1510,Central,Nagpur,Clothing,T-Shirt,1,648.97,20,0,0,0,Website,Consumer,UPI,Cancelled
ORD101711,03-Apr-25,CUST1511,West,Mumbai,Electronics,Wireless Headphones,2,1963.87,5,3731.35,3000.71,730.65,Mobile App,Consumer,Credit Card,Delivered
ORD101712,22-Jun-25,CUST1512,North,Jaipur,Clothing,Dress,2,1439.93,0,2879.85,1632.96,1246.89,Mobile App,Consumer,Debit Card,Delivered
ORD101713,07-Dec-25,CUST1513,Central,Indore,Sports,Gym Bag,2,1170.69,5,2224.32,1414.32,810,Marketplace,Consumer,UPI,Delivered
ORD101714,16-Jan-25,CUST1514,East,Guwahati,Electronics,Smart Watch,1,2640.34,10,2376.3,1561.21,815.09,Mobile App,Consumer,UPI,Delivered
ORD101715,15-Mar-25,CUST1515,North,Chandigarh,Home & Kitchen,Water Bottle,1,645.88,5,613.58,451.89,161.69,Mobile App,Consumer,UPI,Delivered
ORD101716,26-Aug-25,CUST1516,East,Kolkata,Home & Kitchen,Cookware Set,3,2384.03,10,0,0,0,Mobile App,Student,UPI,Cancelled
ORD101717,21-Jan-24,CUST1517,South,Hyderabad,Sports,Cricket Bat,3,2032.33,5,5792.13,4577.17,1214.96,Mobile App,Consumer,Debit Card,Delivered
ORD101718,29-Oct-24,CUST1518,Central,Nagpur,Electronics,Wireless Headphones,1,1699.16,0,254.87,185.54,69.34,Marketplace,Consumer,Credit Card,Returned
ORD101719,24-Mar-24,CUST1519,South,Bengaluru,Beauty,Moisturizer,2,698.02,5,1326.23,827.91,498.32,Mobile App,Consumer,Credit Card,Delivered
ORD101720,20-Oct-25,CUST1520,Central,Nagpur,Beauty,Lipstick,3,555.54,20,1333.3,970.32,362.99,Website,Consumer,Credit Card,Delivered
ORD101721,28-Mar-25,CUST1521,East,Patna,Home & Kitchen,Water Bottle,3,559.65,10,0,0,0,Mobile App,Corporate,UPI,Cancelled
ORD101722,21-Jan-25,CUST1522,North,Delhi,Sports,Gym Bag,1,1211.7,5,0,0,0,Website,Consumer,UPI,Cancelled
ORD101723,21-May-25,CUST1523,Central,Bhopal,Beauty,Shampoo,3,526.85,5,0,0,0,Marketplace,Consumer,Cash on Delivery,Cancelled
ORD101724,13-Sep-24,CUST1524,East,Kolkata,Electronics,Power Bank,1,1013.4,10,912.06,637.34,274.71,Website,Consumer,Credit Card,Delivered
ORD101725,23-Jul-25,CUST1525,South,Hyderabad,Clothing,Jeans,2,1443.53,15,2454,1404.15,1049.85,Mobile App,Consumer,Credit Card,Delivered
ORD101726,10-Jun-25,CUST1526,East,Kolkata,Clothing,Sneakers,1,2227.1,10,2004.39,1540.87,463.52,Mobile App,Consumer,Debit Card,Delivered
ORD101727,10-Jun-24,CUST1527,Central,Indore,Clothing,Sneakers,2,2437.02,20,3899.24,2237.78,1661.46,Website,Corporate,UPI,Delivered
ORD101728,11-Jun-24,CUST1528,South,Coimbatore,Clothing,Hoodie,2,1672.34,10,3010.2,2004.07,1006.13,Marketplace,Corporate,Cash on Delivery,Delivered
ORD101729,07-Jun-25,CUST1529,South,Coimbatore,Clothing,Sneakers,1,2593.71,20,311.24,207.7,103.54,Mobile App,Consumer,Debit Card,Returned
ORD101730,27-Sep-24,CUST1530,North,Chandigarh,Clothing,T-Shirt,2,677.55,0,1355.1,948.81,406.29,Website,Consumer,UPI,Delivered
ORD101731,06-May-25,CUST1531,South,Hyderabad,Sports,Gym Bag,2,1294.28,20,2070.85,1161.06,909.79,Marketplace,Student,UPI,Delivered
ORD101732,26-Jul-24,CUST1532,West,Mumbai,Electronics,Keyboard,1,1171.95,15,996.16,602.71,393.45,Mobile App,Consumer,UPI,Delivered
ORD101733,22-Jun-25,CUST1533,East,Patna,Sports,Dumbbells,1,1539.49,0,1539.49,929.65,609.85,Mobile App,Corporate,UPI,Delivered
ORD101734,06-Aug-25,CUST1534,South,Coimbatore,Home & Kitchen,Water Bottle,1,599.32,5,569.35,405.22,164.13,Marketplace,Consumer,UPI,Delivered
ORD101735,29-Feb-24,CUST1535,North,Chandigarh,Home & Kitchen,Mixer Grinder,2,2916.4,10,0,0,0,Website,Consumer,UPI,Cancelled
ORD101736,05-Mar-25,CUST1536,South,Coimbatore,Beauty,Shampoo,3,503.36,0,1510.08,889.33,620.74,Mobile App,Student,UPI,Delivered
ORD101737,18-Oct-25,CUST1537,Central,Bhopal,Clothing,Jeans,3,1391.89,15,3549.33,1969.72,1579.61,Mobile App,Consumer,Credit Card,Delivered
ORD101738,27-Aug-25,CUST1538,South,Hyderabad,Clothing,Dress,1,1458.25,15,185.93,144.46,41.47,Marketplace,Consumer,UPI,Returned
ORD101739,04-Nov-24,CUST1539,Central,Nagpur,Clothing,Sneakers,1,2219.9,5,2108.91,1713.1,395.8,Website,Consumer,UPI,Delivered
ORD101740,03-Jun-25,CUST1540,East,Patna,Clothing,T-Shirt,1,660.18,0,660.18,488.46,171.73,Marketplace,Consumer,Credit Card,Delivered
ORD101741,13-Aug-25,CUST1541,North,Chandigarh,Sports,Yoga Mat,5,989.64,25,556.67,368.2,188.47,Mobile App,Student,Debit Card,Returned
ORD101742,27-Jan-24,CUST1542,Central,Nagpur,Beauty,Lipstick,1,428.33,5,61.04,35.58,25.46,Website,Student,Net Banking,Returned
ORD101743,16-Nov-25,CUST1543,East,Kolkata,Electronics,Smart Watch,1,2699.13,0,2699.13,1830.76,868.37,Website,Corporate,Credit Card,Delivered
ORD101744,15-Jul-25,CUST1544,West,Ahmedabad,Electronics,Power Bank,2,956.33,5,0,0,0,Mobile App,Consumer,UPI,Cancelled
ORD101745,17-Jul-24,CUST1545,Central,Indore,Clothing,Jeans,3,1501.45,25,3378.26,2241.02,1137.23,Mobile App,Student,Credit Card,Delivered
ORD101746,21-Jan-25,CUST1546,North,Jaipur,Electronics,Smart Watch,1,2470.16,15,314.95,205.39,109.56,Website,Student,Net Banking,Returned
ORD101747,14-Dec-24,CUST1547,North,Jaipur,Home & Kitchen,Water Bottle,1,658.87,10,88.95,60.85,28.1,Marketplace,Corporate,Cash on Delivery,Returned
ORD101748,23-Nov-25,CUST1548,West,Surat,Electronics,Power Bank,2,1056.88,5,2008.07,1144.11,863.95,Mobile App,Student,Debit Card,Delivered
ORD101749,19-Jun-25,CUST1549,South,Hyderabad,Home & Kitchen,Water Bottle,2,668.43,10,0,0,0,Website,Consumer,Debit Card,Cancelled
ORD101750,12-Jan-25,CUST1550,North,Chandigarh,Electronics,Keyboard,1,1382.78,0,1382.78,784.41,598.37,Marketplace,Consumer,Debit Card,Delivered
ORD101751,11-Jul-25,CUST1551,North,Chandigarh,Clothing,T-Shirt,2,649.99,15,0,0,0,Mobile App,Consumer,UPI,Cancelled
ORD101752,10-Jun-25,CUST1552,North,Chandigarh,Home & Kitchen,Water Bottle,2,664.88,0,199.46,124.68,74.78,Mobile App,Corporate,Credit Card,Returned
ORD101753,01-Jun-24,CUST1553,West,Mumbai,Home & Kitchen,Bedsheet,3,1114.45,10,451.35,268.89,182.46,Website,Consumer,Debit Card,Returned
ORD101754,24-Jul-24,CUST1554,North,Chandigarh,Sports,Cricket Bat,1,1765.59,10,238.35,147.31,91.05,Website,Consumer,UPI,Returned
ORD101755,30-Mar-25,CUST1555,East,Patna,Sports,Yoga Mat,1,982.86,0,982.86,589.89,392.97,Mobile App,Consumer,Cash on Delivery,Delivered
ORD101756,29-Sep-24,CUST1556,West,Mumbai,Clothing,Sneakers,3,2572.31,25,0,0,0,Marketplace,Consumer,UPI,Cancelled
ORD101757,23-Aug-24,CUST1557,South,Hyderabad,Electronics,Wireless Headphones,2,2196.78,5,626.08,393.87,232.21,Website,Corporate,UPI,Returned
ORD101758,04-Jun-25,CUST1558,North,Lucknow,Beauty,Shampoo,3,547.53,0,1642.58,1079.72,562.87,Mobile App,Consumer,UPI,Delivered
ORD101759,08-Nov-25,CUST1559,West,Mumbai,Sports,Gym Bag,3,1307.71,20,3138.51,2356.87,781.64,Mobile App,Consumer,Credit Card,Delivered
ORD101760,26-Dec-25,CUST1560,North,Jaipur,Beauty,Face Serum,1,870.13,0,870.13,703.06,167.07,Mobile App,Corporate,Credit Card,Delivered
ORD101761,15-May-25,CUST1561,West,Mumbai,Electronics,Wireless Headphones,1,1762.65,0,1762.65,1406.81,355.84,Marketplace,Student,UPI,Delivered
ORD101762,26-Apr-24,CUST1562,Central,Raipur,Sports,Yoga Mat,1,798.99,10,0,0,0,Website,Consumer,Debit Card,Cancelled
ORD101763,20-Jan-25,CUST1563,South,Chennai,Clothing,Hoodie,4,1586.36,0,6345.44,4280.4,2065.04,Marketplace,Consumer,UPI,Delivered
ORD101764,09-Dec-24,CUST1564,East,Kolkata,Beauty,Moisturizer,2,611.33,25,0,0,0,Marketplace,Corporate,Credit Card,Cancelled
ORD101765,06-Aug-25,CUST1565,East,Bhubaneswar,Sports,Dumbbells,1,1511.67,0,1511.67,1228.04,283.64,Website,Student,Credit Card,Delivered
ORD101766,29-Jan-25,CUST1566,South,Chennai,Electronics,Wireless Headphones,1,2068.3,0,2068.3,1562.04,506.27,Mobile App,Consumer,Cash on Delivery,Delivered
ORD101767,04-Mar-24,CUST1567,Central,Bhopal,Sports,Yoga Mat,3,850.24,15,325.22,253.29,71.92,Website,Consumer,Cash on Delivery,Returned
ORD101768,17-Dec-25,CUST1568,Central,Indore,Clothing,Dress,3,1670.13,5,4759.86,2918.86,1841,Mobile App,Consumer,UPI,Delivered
ORD101769,21-Dec-25,CUST1569,South,Hyderabad,Sports,Dumbbells,4,1713.29,20,5482.53,3609.11,1873.42,Mobile App,Consumer,Credit Card,Delivered
ORD101770,12-Mar-24,CUST1570,West,Ahmedabad,Clothing,Hoodie,1,1852.75,5,1760.11,1016.84,743.27,Marketplace,Student,Net Banking,Delivered
ORD101771,30-Sep-24,CUST1571,Central,Bhopal,Sports,Running Shoes,2,2925.76,0,5851.52,4704.74,1146.78,Website,Consumer,UPI,Delivered
ORD101772,15-Nov-24,CUST1572,Central,Indore,Electronics,Power Bank,1,928.86,0,928.86,582.56,346.3,Mobile App,Consumer,UPI,Delivered
ORD101773,03-Dec-24,CUST1573,East,Kolkata,Beauty,Sunscreen,1,529.27,5,502.81,357.46,145.35,Mobile App,Consumer,Debit Card,Delivered
ORD101774,31-Dec-24,CUST1574,East,Guwahati,Home & Kitchen,Coffee Maker,1,2162.25,10,1946.02,1150.29,795.73,Mobile App,Consumer,Credit Card,Delivered
ORD101775,09-May-25,CUST1575,South,Hyderabad,Clothing,Sneakers,1,2609.69,0,2609.69,2000.99,608.7,Website,Consumer,Net Banking,Delivered
ORD101776,29-Aug-25,CUST1576,Central,Indore,Electronics,Keyboard,2,1296.44,10,350.04,210.13,139.91,Website,Consumer,Credit Card,Returned
ORD101777,14-Jun-24,CUST1577,North,Lucknow,Beauty,Lipstick,4,521.36,5,297.17,228.39,68.79,Website,Consumer,Credit Card,Returned
ORD101778,27-Jun-25,CUST1578,East,Patna,Electronics,Power Bank,1,939.57,0,892.59,587.75,304.84,Website,Consumer,Cash on Delivery,Delivered
ORD101779,11-Jan-24,CUST1579,South,Chennai,Home & Kitchen,Cookware Set,4,2169.22,5,1236.46,872.93,363.52,Website,Student,UPI,Returned
ORD101780,27-Oct-24,CUST1580,South,Coimbatore,Clothing,Hoodie,1,1903.7,10,0,0,0,Mobile App,Consumer,Credit Card,Cancelled
ORD101781,29-Dec-25,CUST1581,South,Bengaluru,Sports,Dumbbells,1,1454.01,5,1381.31,1088.96,292.35,Website,Consumer,Cash on Delivery,Delivered
ORD101782,11-Apr-24,CUST1582,Central,Raipur,Electronics,Bluetooth Speaker,1,1523.58,0,0,0,0,Marketplace,Consumer,Credit Card,Cancelled
ORD101783,28-Feb-25,CUST1583,North,Lucknow,Electronics,Bluetooth Speaker,1,1599.67,20,1279.74,826.27,453.47,Website,Consumer,UPI,Delivered
ORD101784,26-Jan-25,CUST1584,East,Bhubaneswar,Electronics,Wireless Headphones,1,1774.23,5,1685.52,1193.43,492.09,Mobile App,Consumer,Credit Card,Delivered
ORD101785,01-Aug-24,CUST1585,North,Chandigarh,Clothing,T-Shirt,2,707.1,0,1414.21,827.07,587.14,Mobile App,Consumer,Credit Card,Delivered
ORD101786,21-Nov-25,CUST1586,North,Delhi,Electronics,Keyboard,2,1345.93,5,2557.28,1517.3,1039.97,Website,Student,Net Banking,Delivered
ORD101787,28-Mar-24,CUST1587,South,Hyderabad,Home & Kitchen,Mixer Grinder,3,3469.11,5,9886.96,6862.47,3024.49,Website,Consumer,UPI,Delivered
ORD101788,06-Jul-25,CUST1588,East,Patna,Sports,Yoga Mat,1,799.99,15,679.99,491.61,188.38,Website,Student,Debit Card,Delivered
ORD101789,04-Feb-25,CUST1589,South,Bengaluru,Beauty,Shampoo,3,535.32,0,1605.95,1124.98,480.97,Mobile App,Consumer,UPI,Delivered
ORD101790,10-Aug-25,CUST1590,South,Bengaluru,Home & Kitchen,Bedsheet,2,874.54,10,0,0,0,Mobile App,Consumer,Credit Card,Cancelled
ORD101791,15-Feb-24,CUST1591,North,Delhi,Electronics,Power Bank,4,989.3,10,534.22,400.89,133.33,Marketplace,Consumer,Credit Card,Returned
ORD101792,02-Nov-25,CUST1592,South,Bengaluru,Beauty,Shampoo,1,483.89,25,362.92,288.03,74.89,Website,Student,Cash on Delivery,Delivered
ORD101793,07-Apr-25,CUST1593,Central,Indore,Electronics,Power Bank,5,908.97,5,4317.59,2826.52,1491.07,Marketplace,Consumer,Credit Card,Delivered
ORD101794,14-Aug-25,CUST1594,Central,Bhopal,Beauty,Moisturizer,2,651.13,10,1172.04,814.54,357.51,Mobile App,Student,Cash on Delivery,Delivered
ORD101795,05-Nov-24,CUST1595,South,Hyderabad,Clothing,T-Shirt,3,625.18,5,1781.77,1409.59,372.18,Website,Consumer,Debit Card,Delivered
ORD101796,26-Mar-24,CUST1596,East,Patna,Clothing,Hoodie,1,1735.94,10,1562.34,1055.14,507.21,Website,Student,Credit Card,Delivered
ORD101797,01-Apr-24,CUST1597,Central,Indore,Clothing,T-Shirt,2,600.85,10,162.23,108.72,53.51,Website,Consumer,UPI,Returned
ORD101798,21-Oct-25,CUST1598,North,Jaipur,Sports,Dumbbells,2,1742.92,0,3485.84,2638.64,847.2,Mobile App,Student,UPI,Delivered
ORD101799,03-Nov-25,CUST1599,West,Mumbai,Electronics,Wireless Headphones,1,1787.39,10,1608.65,1265.8,342.85,Marketplace,Consumer,UPI,Delivered
ORD101800,14-Dec-25,CUST1600,Central,Indore,Home & Kitchen,Mixer Grinder,1,3593.35,10,0,0,0,Website,Consumer,UPI,Cancelled
ORD101801,29-Aug-24,CUST1601,North,Delhi,Electronics,Wireless Headphones,4,2165.25,5,8227.94,4747.8,3480.14,Website,Consumer,UPI,Delivered
ORD101802,02-Jan-24,CUST1602,North,Delhi,Beauty,Lipstick,1,485,5,0,0,0,Website,Consumer,Credit Card,Cancelled
ORD101803,12-Aug-24,CUST1603,Central,Bhopal,Sports,Yoga Mat,1,884.96,5,840.71,510.51,330.21,Website,Consumer,Net Banking,Delivered
ORD101804,11-Aug-25,CUST1604,East,Guwahati,Clothing,Jeans,2,1396.34,0,418.9,266.29,152.61,Marketplace,Corporate,Debit Card,Returned
ORD101805,25-Apr-24,CUST1605,North,Chandigarh,Home & Kitchen,Coffee Maker,1,2461.02,0,2461.02,1665.04,795.98,Website,Consumer,UPI,Delivered
ORD101806,27-Oct-25,CUST1606,South,Coimbatore,Sports,Running Shoes,2,3092.29,10,834.92,509.14,325.77,Website,Consumer,Credit Card,Returned
ORD101807,12-Apr-24,CUST1607,East,Guwahati,Home & Kitchen,Cookware Set,2,2766.36,5,5256.09,3623.03,1633.06,Marketplace,Consumer,Credit Card,Delivered
ORD101808,12-Jul-24,CUST1608,West,Mumbai,Home & Kitchen,Mixer Grinder,1,3173.62,0,0,0,0,Website,Consumer,Credit Card,Cancelled
ORD101809,14-Jun-24,CUST1609,West,Mumbai,Home & Kitchen,Coffee Maker,3,2393.42,15,6103.23,4798.5,1304.73,Website,Consumer,Credit Card,Delivered
ORD101810,30-Mar-24,CUST1610,Central,Raipur,Beauty,Moisturizer,1,678.75,10,610.87,370.86,240.01,Mobile App,Consumer,UPI,Delivered
ORD101811,16-Nov-25,CUST1611,South,Coimbatore,Electronics,Smart Watch,3,2709.03,20,6501.66,4121.09,2380.57,Mobile App,Student,Cash on Delivery,Delivered
ORD101812,01-May-24,CUST1612,East,Kolkata,Beauty,Shampoo,4,441.79,15,1502.09,990.72,511.36,Mobile App,Consumer,Credit Card,Delivered
ORD101813,22-May-24,CUST1613,East,Guwahati,Clothing,Dress,1,1634.1,15,1388.98,848.15,540.83,Mobile App,Student,Debit Card,Delivered
ORD101814,15-Apr-24,CUST1614,South,Bengaluru,Electronics,Wireless Headphones,3,2065.47,0,0,0,0,Website,Consumer,UPI,Cancelled
ORD101815,03-Mar-25,CUST1615,North,Jaipur,Beauty,Lipstick,2,512.56,15,0,0,0,Website,Consumer,UPI,Cancelled
ORD101816,31-Oct-24,CUST1616,Central,Indore,Clothing,Dress,1,1552.15,15,0,0,0,Marketplace,Student,Debit Card,Cancelled
ORD101817,12-Nov-24,CUST1617,Central,Indore,Electronics,Bluetooth Speaker,1,1550.95,15,1318.31,883.02,435.29,Website,Consumer,Net Banking,Delivered
ORD101818,26-Sep-25,CUST1618,East,Patna,Home & Kitchen,Bedsheet,1,913.74,5,868.05,550.31,317.74,Marketplace,Student,Credit Card,Delivered
ORD101819,09-Jan-24,CUST1619,West,Mumbai,Sports,Dumbbells,4,1616.4,10,5819.02,3321.7,2497.32,Website,Consumer,UPI,Delivered
ORD101820,13-Mar-24,CUST1620,South,Coimbatore,Sports,Cricket Bat,1,1998.29,10,1798.46,1035.83,762.63,Marketplace,Consumer,Credit Card,Delivered
ORD101821,24-Dec-24,CUST1621,East,Guwahati,Sports,Running Shoes,1,2806.92,5,2666.57,2031.71,634.86,Mobile App,Student,Credit Card,Delivered
ORD101822,10-Aug-24,CUST1622,West,Pune,Sports,Yoga Mat,1,953.2,15,0,0,0,Mobile App,Consumer,UPI,Cancelled
ORD101823,19-Feb-25,CUST1623,East,Guwahati,Electronics,Bluetooth Speaker,2,1306.88,0,2613.76,1960.79,652.97,Website,Student,Cash on Delivery,Delivered
ORD101824,06-Jul-25,CUST1624,Central,Indore,Clothing,T-Shirt,4,626.51,10,0,0,0,Mobile App,Consumer,Debit Card,Cancelled
ORD101825,04-Jan-25,CUST1625,West,Surat,Beauty,Face Serum,2,780.79,10,1405.42,1066.18,339.24,Mobile App,Corporate,Credit Card,Delivered
ORD101826,16-Dec-25,CUST1626,South,Hyderabad,Clothing,T-Shirt,1,762.45,5,0,0,0,Mobile App,Consumer,Credit Card,Cancelled
ORD101827,20-Sep-24,CUST1627,West,Surat,Home & Kitchen,Bedsheet,1,1004.29,15,853.64,649.33,204.32,Mobile App,Consumer,UPI,Delivered
ORD101828,20-Nov-25,CUST1628,North,Lucknow,Home & Kitchen,Bedsheet,1,1076.28,20,0,0,0,Mobile App,Consumer,UPI,Cancelled
ORD101829,13-Nov-24,CUST1629,South,Bengaluru,Clothing,Jeans,1,1483.63,5,1409.44,1060.73,348.72,Website,Consumer,Credit Card,Delivered
ORD101830,24-Mar-24,CUST1630,South,Bengaluru,Sports,Dumbbells,2,1698.25,0,0,0,0,Website,Consumer,UPI,Cancelled
ORD101831,13-Nov-24,CUST1631,South,Chennai,Home & Kitchen,Bedsheet,1,937.03,10,843.32,653.4,189.93,Website,Consumer,UPI,Delivered
ORD101832,20-Apr-24,CUST1632,West,Surat,Clothing,T-Shirt,3,747.99,10,2019.58,1420.55,599.02,Mobile App,Corporate,Credit Card,Delivered
ORD101833,07-Sep-24,CUST1633,East,Kolkata,Sports,Running Shoes,2,2874.41,10,0,0,0,Marketplace,Corporate,Credit Card,Cancelled
ORD101834,17-Jan-25,CUST1634,West,Ahmedabad,Home & Kitchen,Water Bottle,3,599.53,15,0,0,0,Website,Consumer,Debit Card,Cancelled
ORD101835,07-Jan-24,CUST1635,East,Guwahati,Electronics,Bluetooth Speaker,4,1345.33,25,4036,2557.92,1478.08,Website,Consumer,UPI,Delivered
ORD101836,03-Apr-25,CUST1636,South,Chennai,Home & Kitchen,Bedsheet,4,1097.42,10,3950.71,2234.23,1716.48,Mobile App,Corporate,UPI,Delivered
ORD101837,24-Mar-24,CUST1637,West,Ahmedabad,Beauty,Lipstick,1,518.66,0,518.66,347.9,170.76,Website,Corporate,UPI,Delivered
ORD101838,26-Jul-24,CUST1638,South,Chennai,Beauty,Face Serum,4,864.43,10,3111.95,1973.28,1138.67,Marketplace,Corporate,Credit Card,Delivered
ORD101839,24-Jan-25,CUST1639,South,Chennai,Beauty,Sunscreen,3,542.77,15,0,0,0,Website,Corporate,Credit Card,Cancelled
ORD101840,09-Nov-24,CUST1640,East,Patna,Beauty,Face Serum,3,693.75,15,265.36,170.96,94.4,Marketplace,Consumer,UPI,Returned
ORD101841,22-Jan-24,CUST1641,South,Hyderabad,Clothing,Sneakers,1,2351.68,5,0,0,0,Website,Consumer,Debit Card,Cancelled
ORD101842,13-Feb-25,CUST1642,North,Jaipur,Sports,Dumbbells,1,1582.22,10,0,0,0,Mobile App,Consumer,Debit Card,Cancelled
ORD101843,29-May-25,CUST1643,West,Pune,Sports,Cricket Bat,5,2132.21,10,0,0,0,Mobile App,Corporate,Cash on Delivery,Cancelled
ORD101844,06-May-24,CUST1644,East,Kolkata,Electronics,Bluetooth Speaker,1,1435.12,15,1219.85,698.69,521.16,Mobile App,Consumer,UPI,Delivered
ORD101845,30-Nov-25,CUST1645,East,Kolkata,Electronics,Power Bank,1,921.97,0,921.97,733.61,188.35,Mobile App,Consumer,Credit Card,Delivered
ORD101846,14-Jan-24,CUST1646,Central,Bhopal,Sports,Gym Bag,1,1139.75,20,911.8,723.74,188.06,Website,Consumer,Credit Card,Delivered
ORD101847,12-Jan-24,CUST1647,East,Guwahati,Sports,Dumbbells,4,1662.92,10,5986.51,4630.93,1355.58,Website,Consumer,UPI,Delivered
ORD101848,27-Mar-24,CUST1648,Central,Bhopal,Sports,Dumbbells,1,1504.31,20,180.52,110.51,70.01,Mobile App,Consumer,Net Banking,Returned
ORD101849,07-Jun-25,CUST1649,North,Delhi,Sports,Cricket Bat,4,2227.64,5,0,0,0,Website,Consumer,Debit Card,Cancelled
ORD101850,20-Jun-25,CUST1650,East,Kolkata,Home & Kitchen,Coffee Maker,1,1973.04,15,0,0,0,Website,Corporate,UPI,Cancelled
ORD101851,27-Oct-24,CUST1651,Central,Nagpur,Home & Kitchen,Cookware Set,1,2632.29,25,1974.21,1113.13,861.09,Marketplace,Consumer,Credit Card,Delivered
ORD101852,30-Aug-24,CUST1652,East,Bhubaneswar,Home & Kitchen,Bedsheet,2,1008.07,20,1612.9,1278.85,334.05,Mobile App,Student,UPI,Delivered
ORD101853,01-May-24,CUST1653,West,Pune,Electronics,Bluetooth Speaker,2,1368.49,20,2189.59,1794.27,395.32,Marketplace,Consumer,Cash on Delivery,Delivered
ORD101854,26-May-24,CUST1654,South,Bengaluru,Beauty,Sunscreen,1,631.03,0,0,0,0,Mobile App,Corporate,UPI,Cancelled
ORD101855,20-Jul-25,CUST1655,North,Chandigarh,Home & Kitchen,Mixer Grinder,1,3202.79,10,2882.51,1765.56,1116.95,Website,Corporate,Cash on Delivery,Delivered
ORD101856,21-Dec-24,CUST1656,East,Guwahati,Home & Kitchen,Coffee Maker,1,2274.31,0,0,0,0,Website,Consumer,Cash on Delivery,Cancelled
ORD101857,15-Nov-25,CUST1657,South,Hyderabad,Home & Kitchen,Mixer Grinder,1,3394.04,5,3224.34,1868.61,1355.73,Marketplace,Corporate,Credit Card,Delivered
ORD101858,22-Sep-25,CUST1658,Central,Nagpur,Home & Kitchen,Bedsheet,2,878.99,0,1757.99,1108.71,649.28,Mobile App,Corporate,Debit Card,Delivered
ORD101859,04-Nov-24,CUST1659,South,Coimbatore,Electronics,Keyboard,1,1398.76,10,1258.88,936.18,322.7,Mobile App,Consumer,UPI,Delivered
ORD101860,25-Nov-25,CUST1660,Central,Indore,Clothing,Dress,1,1653.36,15,1405.36,887.19,518.17,Website,Corporate,UPI,Delivered
ORD101861,14-Oct-24,CUST1661,Central,Bhopal,Electronics,Power Bank,1,1059.7,10,953.73,562.46,391.27,Mobile App,Student,UPI,Delivered
ORD101862,02-Nov-24,CUST1662,South,Coimbatore,Electronics,Smart Watch,1,2426.27,15,2062.33,1138.44,923.89,Mobile App,Consumer,Credit Card,Delivered
ORD101863,16-Aug-25,CUST1663,South,Hyderabad,Sports,Running Shoes,4,2707.1,0,10828.39,7629.45,3198.93,Mobile App,Student,UPI,Delivered
ORD101864,23-Dec-25,CUST1664,Central,Raipur,Electronics,Keyboard,1,1218.56,15,1035.78,840.58,195.2,Marketplace,Consumer,UPI,Delivered
ORD101865,23-Oct-25,CUST1665,Central,Bhopal,Clothing,T-Shirt,1,764.28,0,764.28,520.26,244.02,Mobile App,Consumer,Credit Card,Delivered
ORD101866,02-Jul-25,CUST1666,East,Kolkata,Home & Kitchen,Coffee Maker,1,2426.08,10,2183.47,1326.25,857.22,Mobile App,Consumer,Cash on Delivery,Delivered
ORD101867,17-Dec-24,CUST1667,South,Coimbatore,Home & Kitchen,Mixer Grinder,2,3233.36,10,873.01,589.36,283.65,Website,Consumer,Credit Card,Returned
ORD101868,07-Nov-24,CUST1668,East,Kolkata,Electronics,Wireless Headphones,2,1860.42,20,2976.67,2121.06,855.61,Website,Consumer,Cash on Delivery,Delivered
ORD101869,28-Feb-24,CUST1669,West,Mumbai,Beauty,Face Serum,1,836.7,25,627.53,480.92,146.61,Marketplace,Corporate,Cash on Delivery,Delivered
ORD101870,04-Oct-25,CUST1670,South,Bengaluru,Beauty,Face Serum,2,844.4,5,1604.36,1078.49,525.87,Website,Consumer,UPI,Delivered
ORD101871,14-Dec-25,CUST1671,West,Pune,Electronics,Power Bank,2,1069.11,0,2138.21,1275.86,862.35,Mobile App,Consumer,Debit Card,Delivered
ORD101872,04-Feb-24,CUST1672,North,Chandigarh,Clothing,Sneakers,1,2145.12,15,273.5,164.31,109.19,Marketplace,Consumer,Credit Card,Returned
ORD101873,20-Mar-25,CUST1673,North,Lucknow,Sports,Gym Bag,1,1022.3,10,0,0,0,Website,Consumer,Credit Card,Cancelled
ORD101874,02-Apr-24,CUST1674,South,Hyderabad,Beauty,Moisturizer,2,661.56,10,1190.8,730.9,459.9,Website,Consumer,UPI,Delivered
ORD101875,25-Jul-24,CUST1675,South,Chennai,Beauty,Sunscreen,2,533.81,0,0,0,0,Mobile App,Consumer,Credit Card,Cancelled
ORD101876,18-Dec-24,CUST1676,South,Chennai,Electronics,Power Bank,4,1066.28,15,3625.34,2257.2,1368.15,Website,Consumer,UPI,Delivered
ORD101877,27-Nov-24,CUST1677,East,Guwahati,Clothing,Jeans,1,1489.81,5,1415.32,1053.78,361.54,Website,Corporate,Cash on Delivery,Delivered
ORD101878,25-Dec-25,CUST1678,South,Bengaluru,Home & Kitchen,Coffee Maker,3,2359.18,5,6723.67,3840.28,2883.39,Mobile App,Consumer,Net Banking,Delivered
ORD101879,07-Jun-24,CUST1679,South,Bengaluru,Electronics,Wireless Headphones,1,1794.64,5,1704.9,1033.16,671.74,Mobile App,Consumer,Credit Card,Delivered
ORD101880,24-Jan-24,CUST1680,South,Bengaluru,Clothing,Dress,3,1629.94,20,3911.86,2583.19,1328.67,Mobile App,Consumer,Credit Card,Delivered
ORD101881,07-Feb-25,CUST1681,Central,Bhopal,Home & Kitchen,Mixer Grinder,2,3320.93,0,6641.85,4577.14,2064.72,Marketplace,Consumer,Credit Card,Delivered
ORD101882,30-May-25,CUST1682,South,Coimbatore,Clothing,T-Shirt,2,658.39,15,1119.26,722.26,397.01,Website,Consumer,UPI,Delivered
ORD101883,29-Dec-24,CUST1683,East,Kolkata,Beauty,Moisturizer,1,691.74,5,657.15,463.19,193.96,Website,Consumer,UPI,Delivered
ORD101884,16-Jan-25,CUST1684,East,Guwahati,Beauty,Moisturizer,1,705.32,10,0,0,0,Website,Corporate,Net Banking,Cancelled
ORD101885,15-Jun-25,CUST1685,Central,Nagpur,Clothing,Jeans,2,1634.15,25,2451.23,1797.19,654.04,Mobile App,Corporate,UPI,Delivered
ORD101886,31-May-24,CUST1686,South,Coimbatore,Beauty,Moisturizer,1,604.65,0,90.7,62.4,28.3,Marketplace,Consumer,Credit Card,Returned
ORD101887,15-Jul-25,CUST1687,West,Ahmedabad,Electronics,Power Bank,1,1071.24,20,856.99,634.5,222.49,Marketplace,Corporate,Credit Card,Delivered
ORD101888,19-Nov-25,CUST1688,West,Mumbai,Beauty,Shampoo,1,556.21,20,66.74,44.48,22.27,Website,Consumer,Cash on Delivery,Returned
ORD101889,30-Aug-25,CUST1689,West,Pune,Electronics,Smart Watch,1,2617.9,15,333.78,262.57,71.21,Website,Consumer,UPI,Returned
ORD101890,08-Sep-25,CUST1690,North,Jaipur,Electronics,Smart Watch,2,2621.66,0,786.5,513.72,272.78,Website,Corporate,Cash on Delivery,Returned
ORD101891,23-Feb-25,CUST1691,West,Mumbai,Home & Kitchen,Bedsheet,1,907.94,15,771.75,488.67,283.08,Mobile App,Corporate,UPI,Delivered
ORD101892,06-Sep-24,CUST1692,North,Lucknow,Clothing,Jeans,1,1485.85,20,1188.68,832.57,356.11,Marketplace,Student,Net Banking,Delivered
ORD101893,26-Apr-24,CUST1693,East,Patna,Sports,Gym Bag,1,1247.68,25,935.76,643.32,292.45,Mobile App,Consumer,Credit Card,Delivered
ORD101894,26-May-25,CUST1694,West,Ahmedabad,Clothing,Dress,3,1619.17,15,4128.89,2848.47,1280.42,Marketplace,Consumer,UPI,Delivered
ORD101895,31-Jul-25,CUST1695,South,Chennai,Clothing,Hoodie,4,1716.22,10,0,0,0,Marketplace,Corporate,UPI,Cancelled
ORD101896,30-Nov-24,CUST1696,Central,Raipur,Home & Kitchen,Cookware Set,2,2758.48,15,4689.41,3324.42,1364.99,Website,Consumer,Net Banking,Delivered
ORD101897,21-Feb-25,CUST1697,North,Chandigarh,Clothing,Dress,2,1581.05,10,0,0,0,Website,Student,UPI,Cancelled
ORD101898,21-Oct-24,CUST1698,Central,Nagpur,Clothing,Hoodie,1,2000.25,5,1900.24,1362.77,537.47,Website,Consumer,Credit Card,Delivered
ORD101899,05-Jan-25,CUST1699,East,Bhubaneswar,Beauty,Lipstick,2,500.12,10,900.22,500.39,399.82,Mobile App,Consumer,Credit Card,Delivered
ORD101900,04-Jul-24,CUST1700,South,Hyderabad,Beauty,Face Serum,2,850.31,15,216.83,170.21,46.62,Mobile App,Consumer,Credit Card,Returned
ORD101901,02-Sep-24,CUST1701,North,Lucknow,Sports,Dumbbells,2,1679.5,10,0,0,0,Website,Consumer,Credit Card,Cancelled
ORD101902,28-Sep-25,CUST1702,Central,Raipur,Sports,Running Shoes,1,3084.24,15,0,0,0,Website,Consumer,Credit Card,Cancelled
ORD101903,24-Sep-24,CUST1703,North,Lucknow,Clothing,Dress,2,1365.39,0,2730.79,1594.31,1136.48,Website,Consumer,UPI,Delivered
ORD101904,04-Oct-25,CUST1704,South,Hyderabad,Beauty,Sunscreen,4,521.67,5,1982.36,1388.08,594.28,Website,Consumer,Debit Card,Delivered
ORD101905,24-Aug-24,CUST1705,South,Hyderabad,Clothing,Hoodie,3,1811.59,5,0,0,0,Marketplace,Consumer,UPI,Cancelled
ORD101906,13-Jun-25,CUST1706,West,Pune,Home & Kitchen,Water Bottle,3,656.61,5,0,0,0,Mobile App,Consumer,UPI,Cancelled
ORD101907,05-Jul-25,CUST1707,East,Bhubaneswar,Clothing,Jeans,1,1517.45,10,1365.71,1110.79,254.91,Mobile App,Consumer,UPI,Delivered
ORD101908,21-Jan-24,CUST1708,North,Chandigarh,Sports,Cricket Bat,1,1826.52,20,1461.22,871.84,589.38,Website,Consumer,Credit Card,Delivered
ORD101909,03-Jun-25,CUST1709,South,Bengaluru,Beauty,Moisturizer,3,654.58,10,1767.38,1070.41,696.97,Marketplace,Corporate,Debit Card,Delivered
ORD101910,09-Apr-24,CUST1710,South,Coimbatore,Sports,Yoga Mat,1,915.41,5,869.64,637.11,232.53,Mobile App,Consumer,UPI,Delivered
ORD101911,22-Apr-25,CUST1711,South,Chennai,Beauty,Shampoo,2,504.59,5,0,0,0,Mobile App,Corporate,Credit Card,Cancelled
ORD101912,21-Aug-25,CUST1712,South,Coimbatore,Sports,Running Shoes,1,3323.01,10,2990.71,2307.59,683.12,Website,Consumer,Credit Card,Delivered
ORD101913,24-Oct-24,CUST1713,West,Surat,Beauty,Face Serum,1,793.29,5,0,0,0,Marketplace,Consumer,Cash on Delivery,Cancelled
ORD101914,09-Jun-25,CUST1714,South,Hyderabad,Clothing,Hoodie,1,1701.59,10,1531.43,1062.08,469.35,Marketplace,Student,Net Banking,Delivered
ORD101915,29-Nov-24,CUST1715,South,Chennai,Clothing,Sneakers,3,2478.38,5,7063.38,4359.28,2704.1,Marketplace,Consumer,Debit Card,Delivered
ORD101916,02-Jan-24,CUST1716,South,Coimbatore,Clothing,Jeans,1,1592.36,5,0,0,0,Mobile App,Consumer,Credit Card,Cancelled
ORD101917,09-Jan-25,CUST1717,Central,Raipur,Electronics,Keyboard,3,1293.67,15,3298.86,2337.4,961.46,Website,Consumer,Debit Card,Delivered
ORD101918,19-Oct-24,CUST1718,Central,Bhopal,Home & Kitchen,Cookware Set,3,2344.15,10,6329.2,5098.41,1230.78,Website,Consumer,Credit Card,Delivered
ORD101919,06-Jul-25,CUST1719,West,Mumbai,Home & Kitchen,Water Bottle,4,563.92,0,0,0,0,Website,Student,UPI,Cancelled
ORD101920,13-Nov-24,CUST1720,South,Bengaluru,Home & Kitchen,Water Bottle,1,631.55,25,473.66,372.4,101.26,Website,Student,Debit Card,Delivered
ORD101921,16-May-25,CUST1721,North,Jaipur,Sports,Running Shoes,2,2602.96,0,5205.91,3672.62,1533.29,Website,Student,Credit Card,Delivered
ORD101922,15-Jan-25,CUST1722,South,Coimbatore,Sports,Running Shoes,4,2771.63,0,1662.98,1325.23,337.74,Website,Consumer,UPI,Returned
ORD101923,14-Sep-25,CUST1723,South,Coimbatore,Electronics,Keyboard,1,1157.82,15,984.15,618.83,365.32,Marketplace,Student,UPI,Delivered
ORD101924,14-Jan-24,CUST1724,East,Guwahati,Clothing,T-Shirt,2,772.44,15,196.97,137.57,59.4,Mobile App,Consumer,UPI,Returned
ORD101925,18-May-25,CUST1725,West,Mumbai,Clothing,Dress,1,1398.05,0,1398.05,916.15,481.9,Mobile App,Consumer,Debit Card,Delivered
ORD101926,18-Aug-24,CUST1726,Central,Nagpur,Clothing,Dress,1,1686.48,10,1517.83,861.81,656.02,Website,Consumer,Credit Card,Delivered
ORD101927,24-Mar-24,CUST1727,Central,Indore,Beauty,Sunscreen,1,611.11,0,0,0,0,Website,Consumer,UPI,Cancelled
ORD101928,09-May-24,CUST1728,South,Bengaluru,Home & Kitchen,Bedsheet,2,1019.84,25,1529.75,1169.41,360.35,Website,Corporate,Cash on Delivery,Delivered
ORD101929,24-May-24,CUST1729,West,Ahmedabad,Home & Kitchen,Cookware Set,2,2639.26,15,4486.74,3141.51,1345.24,Mobile App,Consumer,Credit Card,Delivered
ORD101930,28-Jan-24,CUST1730,South,Chennai,Sports,Running Shoes,1,2873.44,5,409.46,256.09,153.38,Website,Consumer,Debit Card,Returned
ORD101931,06-Mar-24,CUST1731,North,Jaipur,Beauty,Face Serum,3,765.6,0,0,0,0,Website,Student,Net Banking,Cancelled
ORD101932,11-Jun-24,CUST1732,West,Ahmedabad,Electronics,Power Bank,2,927.02,10,1668.64,1024.91,643.73,Website,Corporate,UPI,Delivered
ORD101933,16-Aug-24,CUST1733,North,Jaipur,Beauty,Sunscreen,2,605.82,10,1090.48,888.2,202.28,Mobile App,Consumer,Credit Card,Delivered
ORD101934,17-Sep-24,CUST1734,South,Coimbatore,Clothing,Jeans,4,1650.47,15,0,0,0,Website,Consumer,Debit Card,Cancelled
ORD101935,24-Mar-25,CUST1735,South,Coimbatore,Clothing,Hoodie,1,1977.96,20,0,0,0,Website,Consumer,Credit Card,Cancelled
ORD101936,27-Feb-25,CUST1736,West,Ahmedabad,Electronics,Wireless Headphones,3,2078.56,5,5923.89,3927.46,1996.43,Mobile App,Consumer,Credit Card,Delivered
ORD101937,04-Apr-25,CUST1737,West,Mumbai,Home & Kitchen,Mixer Grinder,2,3611.32,15,6139.24,3568.53,2570.71,Mobile App,Consumer,Net Banking,Delivered
ORD101938,06-Nov-25,CUST1738,South,Chennai,Clothing,Jeans,2,1664.11,10,2995.41,1806.01,1189.4,Website,Consumer,UPI,Delivered
ORD101939,27-Oct-24,CUST1739,West,Ahmedabad,Clothing,Hoodie,1,1915.36,10,1723.82,1184.96,538.86,Mobile App,Consumer,Debit Card,Delivered
ORD101940,29-Oct-24,CUST1740,South,Hyderabad,Beauty,Sunscreen,1,575.11,15,488.84,374.3,114.54,Website,Consumer,Net Banking,Delivered
ORD101941,13-Oct-24,CUST1741,East,Bhubaneswar,Beauty,Lipstick,2,489.25,0,978.51,769.73,208.78,Marketplace,Consumer,UPI,Delivered
ORD101942,29-Jan-25,CUST1742,West,Pune,Electronics,Keyboard,1,1430.77,5,1359.23,1065.39,293.84,Mobile App,Consumer,Credit Card,Delivered
ORD101943,10-Jan-24,CUST1743,West,Mumbai,Electronics,Bluetooth Speaker,1,1545.32,15,197.03,158.62,38.4,Mobile App,Corporate,Net Banking,Returned
ORD101944,07-Dec-25,CUST1744,Central,Nagpur,Beauty,Sunscreen,3,641.88,10,1733.08,1012.05,721.03,Website,Corporate,UPI,Delivered
ORD101945,21-Sep-25,CUST1745,South,Bengaluru,Electronics,Bluetooth Speaker,1,1321.14,20,1056.92,593,463.92,Mobile App,Consumer,Credit Card,Delivered
ORD101946,26-Sep-24,CUST1746,West,Surat,Sports,Running Shoes,3,2706.16,0,8118.47,4696.92,3421.55,Marketplace,Corporate,Credit Card,Delivered
ORD101947,14-Aug-25,CUST1747,West,Surat,Home & Kitchen,Coffee Maker,1,2073.46,5,1969.78,1402.88,566.9,Mobile App,Consumer,Debit Card,Delivered
ORD101948,27-Aug-25,CUST1748,Central,Bhopal,Clothing,Dress,2,1440.42,5,410.52,287.43,123.09,Mobile App,Student,UPI,Returned
ORD101949,26-Dec-24,CUST1749,North,Chandigarh,Electronics,Power Bank,5,1093.65,10,4921.43,3598.68,1322.75,Website,Consumer,UPI,Delivered
ORD101950,13-Sep-24,CUST1750,West,Surat,Electronics,Wireless Headphones,4,1816.21,25,5448.64,3542.67,1905.96,Website,Consumer,Credit Card,Delivered
ORD101951,12-May-24,CUST1751,East,Patna,Electronics,Wireless Headphones,1,1999.88,5,1899.88,1245.81,654.08,Mobile App,Consumer,UPI,Delivered
ORD101952,02-Oct-24,CUST1752,South,Bengaluru,Electronics,Bluetooth Speaker,3,1308.74,10,530.04,369.6,160.44,Website,Consumer,UPI,Returned
ORD101953,13-Nov-25,CUST1753,East,Guwahati,Home & Kitchen,Mixer Grinder,1,2942.18,10,2647.96,1512.9,1135.06,Website,Consumer,UPI,Delivered
ORD101954,27-May-25,CUST1754,South,Chennai,Electronics,Keyboard,1,1190.93,15,151.84,116.31,35.54,Mobile App,Corporate,Cash on Delivery,Returned
ORD101955,08-Nov-24,CUST1755,East,Guwahati,Home & Kitchen,Cookware Set,2,2787.34,10,5017.21,4009.61,1007.6,Website,Consumer,UPI,Delivered
ORD101956,29-Jul-25,CUST1756,Central,Bhopal,Home & Kitchen,Coffee Maker,5,2342.39,10,1581.11,1034.97,546.14,Mobile App,Student,Cash on Delivery,Returned
ORD101957,10-Oct-24,CUST1757,East,Guwahati,Clothing,Jeans,5,1546.76,15,6573.72,4928.22,1645.5,Mobile App,Consumer,UPI,Delivered
ORD101958,30-Apr-24,CUST1758,West,Ahmedabad,Electronics,Keyboard,1,1425.51,0,213.83,149.29,64.54,Mobile App,Consumer,Debit Card,Returned
ORD101959,16-Apr-24,CUST1759,East,Patna,Electronics,Wireless Headphones,3,2215.24,25,0,0,0,Mobile App,Corporate,Debit Card,Cancelled
ORD101960,17-Nov-25,CUST1760,North,Delhi,Electronics,Smart Watch,3,2430.19,15,0,0,0,Mobile App,Consumer,UPI,Cancelled
ORD101961,22-Jul-24,CUST1761,South,Hyderabad,Beauty,Face Serum,1,749.84,5,712.35,439.09,273.26,Mobile App,Consumer,Credit Card,Delivered
ORD101962,13-Jun-24,CUST1762,East,Guwahati,Clothing,Dress,2,1495.28,15,2541.98,1813.26,728.72,Website,Consumer,UPI,Delivered
ORD101963,31-Oct-24,CUST1763,South,Chennai,Beauty,Sunscreen,2,514.93,15,875.38,490.97,384.41,Marketplace,Corporate,Net Banking,Delivered
ORD101964,11-May-25,CUST1764,North,Chandigarh,Clothing,Hoodie,1,1664.98,20,1331.98,1033.31,298.67,Mobile App,Consumer,Credit Card,Delivered
ORD101965,23-Sep-25,CUST1765,East,Bhubaneswar,Clothing,Sneakers,3,2363.71,5,0,0,0,Mobile App,Student,UPI,Cancelled
ORD101966,09-Jul-25,CUST1766,South,Bengaluru,Home & Kitchen,Mixer Grinder,1,2837.02,15,0,0,0,Website,Corporate,Debit Card,Cancelled
ORD101967,04-Jun-24,CUST1767,South,Bengaluru,Beauty,Face Serum,1,869.55,0,869.55,536.17,333.38,Website,Corporate,Cash on Delivery,Delivered
ORD101968,01-Jan-25,CUST1768,East,Kolkata,Clothing,T-Shirt,1,754.17,0,754.17,552.37,201.8,Marketplace,Student,Debit Card,Delivered
ORD101969,19-Dec-25,CUST1769,North,Chandigarh,Electronics,Wireless Headphones,2,1834.89,15,3119.32,2394.52,724.8,Marketplace,Consumer,UPI,Delivered
ORD101970,11-Sep-25,CUST1770,Central,Bhopal,Home & Kitchen,Water Bottle,1,638.95,15,543.11,349.44,193.66,Marketplace,Corporate,Credit Card,Delivered
ORD101971,07-Sep-24,CUST1771,Central,Indore,Clothing,Dress,1,1702.9,10,1532.61,1056.14,476.47,Marketplace,Consumer,Debit Card,Delivered
ORD101972,29-Nov-24,CUST1772,West,Surat,Clothing,Dress,2,1503.79,10,2706.81,2140.48,566.33,Website,Consumer,Cash on Delivery,Delivered
ORD101973,03-Oct-25,CUST1773,North,Jaipur,Home & Kitchen,Water Bottle,1,621.89,15,79.29,51.84,27.45,Website,Student,UPI,Returned
ORD101974,25-May-25,CUST1774,West,Mumbai,Home & Kitchen,Coffee Maker,3,2041.25,20,734.85,420.34,314.5,Marketplace,Student,UPI,Returned
ORD101975,19-Oct-24,CUST1775,West,Ahmedabad,Home & Kitchen,Water Bottle,1,520.52,10,468.46,383.49,84.97,Website,Consumer,Cash on Delivery,Delivered
ORD101976,20-Jan-24,CUST1776,West,Pune,Home & Kitchen,Coffee Maker,1,2168.86,0,2168.86,1298.45,870.42,Website,Consumer,UPI,Delivered
ORD101977,08-Oct-24,CUST1777,North,Chandigarh,Beauty,Shampoo,1,483.21,15,410.72,231.31,179.42,Marketplace,Corporate,Credit Card,Delivered
ORD101978,01-Jan-24,CUST1778,West,Mumbai,Beauty,Lipstick,1,442.76,5,420.63,277.98,142.64,Mobile App,Consumer,Debit Card,Delivered
ORD101979,28-Apr-24,CUST1779,Central,Bhopal,Home & Kitchen,Bedsheet,4,981.47,0,588.88,343.2,245.68,Website,Student,Net Banking,Returned
ORD101980,04-Feb-24,CUST1780,East,Kolkata,Home & Kitchen,Water Bottle,1,662.69,10,596.42,485.64,110.78,Mobile App,Corporate,Credit Card,Delivered
ORD101981,16-Jul-24,CUST1781,West,Ahmedabad,Sports,Dumbbells,2,1674.91,10,3014.85,1968.13,1046.71,Marketplace,Consumer,Credit Card,Delivered
ORD101982,29-Apr-25,CUST1782,East,Kolkata,Clothing,Sneakers,1,2622.69,10,354.06,273.68,80.38,Mobile App,Corporate,Credit Card,Returned
ORD101983,28-Feb-24,CUST1783,East,Kolkata,Clothing,Hoodie,2,1897.12,20,455.31,272.13,183.18,Mobile App,Corporate,UPI,Returned
ORD101984,09-Jun-24,CUST1784,North,Lucknow,Beauty,Sunscreen,4,629.58,5,2392.4,1405.49,986.91,Marketplace,Consumer,UPI,Delivered
ORD101985,21-Nov-25,CUST1785,West,Mumbai,Home & Kitchen,Mixer Grinder,1,2821.88,0,2821.88,2046.73,775.14,Mobile App,Consumer,Credit Card,Delivered
ORD101986,24-Jul-24,CUST1786,North,Delhi,Electronics,Bluetooth Speaker,2,1648.4,5,3131.96,2491.52,640.44,Website,Student,UPI,Delivered
ORD101987,12-Jan-24,CUST1787,South,Coimbatore,Sports,Yoga Mat,4,965.65,0,3862.6,2243.88,1618.72,Website,Consumer,UPI,Delivered
ORD101988,04-May-25,CUST1788,South,Chennai,Electronics,Power Bank,2,923.21,10,1661.78,1178.37,483.41,Website,Consumer,UPI,Delivered
ORD101989,02-Oct-24,CUST1789,East,Patna,Beauty,Moisturizer,1,698.47,5,0,0,0,Website,Consumer,Credit Card,Cancelled
ORD101990,23-Nov-25,CUST1790,North,Jaipur,Beauty,Sunscreen,1,608.61,15,517.32,397.97,119.35,Website,Consumer,Net Banking,Delivered
ORD101991,29-Aug-24,CUST1791,West,Mumbai,Sports,Running Shoes,1,2655.99,15,2257.59,1795.94,461.65,Website,Consumer,Net Banking,Delivered
ORD101992,03-Aug-24,CUST1792,West,Ahmedabad,Electronics,Bluetooth Speaker,3,1376.94,10,3717.73,2675.93,1041.8,Mobile App,Consumer,Credit Card,Delivered
ORD101993,07-Sep-24,CUST1793,North,Chandigarh,Home & Kitchen,Water Bottle,2,512.91,5,974.53,717.11,257.42,Website,Consumer,Cash on Delivery,Delivered
ORD101994,05-May-24,CUST1794,North,Delhi,Clothing,Sneakers,4,2707.08,10,9745.5,5505.9,4239.61,Website,Consumer,Cash on Delivery,Delivered
ORD101995,04-Aug-24,CUST1795,North,Chandigarh,Clothing,T-Shirt,1,598.85,10,538.97,307.05,231.91,Website,Consumer,Cash on Delivery,Delivered
ORD101996,01-Nov-24,CUST1796,Central,Indore,Electronics,Keyboard,1,1215.93,5,1155.13,691.36,463.77,Website,Student,Credit Card,Delivered
ORD101997,03-Jul-24,CUST1797,East,Patna,Home & Kitchen,Cookware Set,1,2176.95,15,1850.4,1154.53,695.87,Website,Student,Debit Card,Delivered
ORD101998,08-Feb-24,CUST1798,East,Bhubaneswar,Clothing,Hoodie,1,1908.7,5,0,0,0,Website,Consumer,UPI,Cancelled
ORD101999,10-Aug-24,CUST1799,North,Chandigarh,Electronics,Power Bank,1,1098.65,20,878.92,586.73,292.18,Mobile App,Consumer,Credit Card,Delivered
ORD102000,02-Jul-24,CUST1800,West,Surat,Home & Kitchen,Coffee Maker,1,2203.31,10,1982.98,1132.53,850.45,Website,Consumer,Credit Card,Delivered
ORD102001,09-May-25,CUST1801,Central,Raipur,Beauty,Face Serum,3,709.26,15,0,0,0,Mobile App,Consumer,Credit Card,Cancelled
ORD102002,02-Mar-25,CUST1802,Central,Nagpur,Beauty,Face Serum,1,799.56,10,719.61,588.88,130.73,Mobile App,Consumer,Debit Card,Delivered
ORD102003,26-Jun-24,CUST1803,West,Surat,Sports,Running Shoes,1,3172.92,10,0,0,0,Website,Corporate,UPI,Cancelled
ORD102004,03-Mar-25,CUST1804,North,Chandigarh,Clothing,Dress,4,1669.31,15,0,0,0,Website,Consumer,Cash on Delivery,Cancelled
ORD102005,20-Oct-24,CUST1805,North,Lucknow,Sports,Running Shoes,5,3149.74,15,13386.4,7646.28,5740.12,Mobile App,Consumer,UPI,Delivered
ORD102006,30-May-24,CUST1806,North,Chandigarh,Sports,Yoga Mat,1,831.91,10,112.31,73.38,38.92,Marketplace,Corporate,UPI,Returned
ORD102007,18-Jan-25,CUST1807,South,Chennai,Clothing,Hoodie,4,1564.97,15,0,0,0,Marketplace,Consumer,Credit Card,Cancelled
ORD102008,29-Sep-25,CUST1808,North,Chandigarh,Electronics,Keyboard,1,1156.4,5,1098.58,890.69,207.89,Website,Consumer,UPI,Delivered
ORD102009,03-Nov-24,CUST1809,South,Bengaluru,Clothing,Sneakers,1,2768.86,5,394.56,287.37,107.2,Website,Corporate,Net Banking,Returned
ORD102010,01-Dec-24,CUST1810,South,Hyderabad,Clothing,Hoodie,3,1827.15,5,0,0,0,Website,Consumer,UPI,Cancelled
ORD102011,09-Jan-25,CUST1811,Central,Nagpur,Home & Kitchen,Water Bottle,3,626.87,15,1598.53,934.58,663.95,Mobile App,Consumer,UPI,Delivered
ORD102012,08-Jan-24,CUST1812,West,Surat,Home & Kitchen,Mixer Grinder,3,3604.97,0,10814.92,7165.65,3649.28,Mobile App,Consumer,UPI,Delivered
ORD102013,06-Dec-24,CUST1813,Central,Bhopal,Beauty,Face Serum,3,863.11,15,330.14,198.65,131.49,Marketplace,Consumer,UPI,Returned
ORD102014,08-May-24,CUST1814,West,Ahmedabad,Home & Kitchen,Bedsheet,1,908.06,5,862.66,674.81,187.84,Marketplace,Consumer,UPI,Delivered
ORD102015,30-Oct-25,CUST1815,North,Lucknow,Electronics,Keyboard,2,1124.51,0,337.35,199.42,137.93,Mobile App,Student,Credit Card,Returned
ORD102016,17-Dec-24,CUST1816,West,Ahmedabad,Sports,Cricket Bat,1,2198.47,10,0,0,0,Website,Consumer,UPI,Cancelled
ORD102017,23-Dec-24,CUST1817,South,Bengaluru,Clothing,Sneakers,1,2786.51,5,2647.19,1494.3,1152.89,Website,Consumer,Debit Card,Delivered
ORD102018,31-May-25,CUST1818,West,Surat,Sports,Running Shoes,1,3008.55,10,0,0,0,Mobile App,Consumer,Debit Card,Cancelled
ORD102019,09-May-25,CUST1819,South,Hyderabad,Electronics,Bluetooth Speaker,1,1633.71,10,220.55,150,70.55,Mobile App,Consumer,UPI,Returned
ORD102020,26-Mar-24,CUST1820,Central,Bhopal,Sports,Gym Bag,3,1094.2,5,3118.46,2134.43,984.03,Mobile App,Student,Net Banking,Delivered
ORD102021,23-Jun-24,CUST1821,South,Chennai,Electronics,Bluetooth Speaker,3,1319.09,20,474.87,274.21,200.66,Website,Consumer,Debit Card,Returned
ORD102022,11-Jul-24,CUST1822,South,Hyderabad,Electronics,Power Bank,2,983.97,10,0,0,0,Mobile App,Consumer,UPI,Cancelled
ORD102023,06-Nov-24,CUST1823,Central,Indore,Electronics,Keyboard,2,1388.66,10,2499.58,1755.26,744.32,Mobile App,Corporate,Net Banking,Delivered
ORD102024,28-Apr-24,CUST1824,North,Lucknow,Beauty,Face Serum,2,820.38,15,1394.64,1129.61,265.03,Website,Consumer,Cash on Delivery,Delivered
ORD102025,05-Aug-24,CUST1825,West,Surat,Sports,Yoga Mat,2,918.85,0,1837.69,1027.22,810.48,Mobile App,Corporate,Debit Card,Delivered
ORD102026,02-Mar-25,CUST1826,West,Mumbai,Clothing,Dress,5,1366.69,5,6491.77,5187.78,1303.98,Website,Consumer,Debit Card,Delivered
ORD102027,17-Feb-25,CUST1827,Central,Nagpur,Sports,Dumbbells,1,1496.22,10,0,0,0,Mobile App,Consumer,Credit Card,Cancelled
ORD102028,23-Apr-24,CUST1828,Central,Bhopal,Home & Kitchen,Bedsheet,1,1102.56,10,992.3,602.06,390.24,Marketplace,Consumer,Net Banking,Delivered
ORD102029,24-May-24,CUST1829,Central,Indore,Home & Kitchen,Mixer Grinder,4,2923.75,0,11695.01,8533.82,3161.19,Mobile App,Consumer,Credit Card,Delivered
ORD102030,21-Jun-25,CUST1830,North,Lucknow,Beauty,Face Serum,4,835.85,0,3343.4,2305.62,1037.78,Website,Consumer,UPI,Delivered
ORD102031,09-Oct-25,CUST1831,Central,Indore,Clothing,Sneakers,2,2636.48,10,4745.66,2900.66,1845,Mobile App,Consumer,UPI,Delivered
ORD102032,29-Oct-24,CUST1832,West,Pune,Clothing,Dress,1,1675.54,0,1675.54,1205.12,470.42,Website,Corporate,UPI,Delivered
ORD102033,10-Aug-25,CUST1833,West,Pune,Sports,Dumbbells,3,1786.25,5,5090.82,3450.46,1640.36,Website,Consumer,UPI,Delivered
ORD102034,10-Dec-24,CUST1834,North,Chandigarh,Sports,Cricket Bat,2,1920.01,5,3648.02,2685.07,962.95,Website,Corporate,UPI,Delivered
ORD102035,01-Jan-24,CUST1835,West,Mumbai,Sports,Dumbbells,3,1653.67,10,669.74,492.96,176.78,Marketplace,Consumer,UPI,Returned
ORD102036,26-May-24,CUST1836,Central,Nagpur,Sports,Yoga Mat,1,811.16,0,811.16,549.69,261.47,Mobile App,Student,UPI,Delivered
ORD102037,13-Oct-24,CUST1837,Central,Raipur,Electronics,Keyboard,1,1244.34,15,0,0,0,Mobile App,Student,Debit Card,Cancelled
ORD102038,15-Oct-25,CUST1838,South,Chennai,Beauty,Sunscreen,1,588.65,20,70.64,40.06,30.58,Website,Consumer,Debit Card,Returned
ORD102039,22-Feb-24,CUST1839,North,Chandigarh,Clothing,Dress,2,1451.9,15,370.23,253,117.24,Website,Corporate,UPI,Returned
ORD102040,30-Oct-24,CUST1840,South,Chennai,Sports,Running Shoes,1,3283.42,15,0,0,0,Marketplace,Student,UPI,Cancelled
ORD102041,09-Mar-24,CUST1841,Central,Nagpur,Clothing,Sneakers,1,2607.39,10,2346.65,1324.4,1022.26,Website,Consumer,UPI,Delivered
ORD102042,26-Dec-24,CUST1842,West,Ahmedabad,Home & Kitchen,Coffee Maker,1,2037.63,10,1833.86,1172.21,661.65,Website,Consumer,Credit Card,Delivered
ORD102043,24-Aug-25,CUST1843,East,Patna,Home & Kitchen,Coffee Maker,1,1949.28,5,1851.81,1062.23,789.58,Website,Consumer,UPI,Delivered
ORD102044,07-Aug-24,CUST1844,North,Lucknow,Clothing,Sneakers,1,2318.38,5,2202.46,1556.11,646.36,Website,Consumer,Cash on Delivery,Delivered
ORD102045,04-Dec-25,CUST1845,South,Chennai,Electronics,Keyboard,1,1322.65,5,1256.52,861.96,394.56,Mobile App,Student,Cash on Delivery,Delivered
ORD102046,28-Jul-25,CUST1846,East,Guwahati,Sports,Cricket Bat,4,2145.19,0,8580.75,6555.31,2025.44,Mobile App,Student,UPI,Delivered
ORD102047,07-Aug-25,CUST1847,Central,Nagpur,Beauty,Face Serum,1,787.7,20,630.16,392.12,238.04,Mobile App,Student,UPI,Delivered
ORD102048,09-Jun-24,CUST1848,West,Ahmedabad,Electronics,Wireless Headphones,1,1754.47,20,1403.58,912.76,490.81,Mobile App,Consumer,Cash on Delivery,Delivered
ORD102049,11-Nov-25,CUST1849,South,Bengaluru,Beauty,Sunscreen,1,549.47,0,0,0,0,Mobile App,Consumer,Credit Card,Cancelled
ORD102050,29-Mar-24,CUST1850,East,Bhubaneswar,Home & Kitchen,Cookware Set,3,2357.03,10,954.6,780.95,173.65,Website,Consumer,UPI,Returned
ORD102051,18-Nov-25,CUST1851,North,Lucknow,Clothing,Sneakers,1,2553.37,10,2298.03,1824.93,473.11,Marketplace,Student,UPI,Delivered
ORD102052,07-Aug-25,CUST1852,Central,Nagpur,Clothing,Sneakers,1,2290.57,15,1946.98,1344.63,602.35,Mobile App,Consumer,Credit Card,Delivered
ORD102053,11-Aug-25,CUST1853,South,Chennai,Sports,Gym Bag,1,1094.88,10,985.39,722.34,263.05,Website,Student,UPI,Delivered
ORD102054,07-Jun-24,CUST1854,East,Bhubaneswar,Beauty,Shampoo,2,462.71,0,925.42,641.89,283.53,Website,Student,UPI,Delivered
ORD102055,03-May-25,CUST1855,South,Chennai,Home & Kitchen,Bedsheet,2,1008.97,15,1715.25,1144.76,570.5,Mobile App,Consumer,Credit Card,Delivered
ORD102056,19-Nov-24,CUST1856,West,Surat,Home & Kitchen,Bedsheet,1,982.03,10,883.82,629.83,253.99,Website,Consumer,Credit Card,Delivered
ORD102057,01-Sep-25,CUST1857,West,Pune,Electronics,Keyboard,1,1399.34,10,1259.4,824.1,435.31,Marketplace,Consumer,UPI,Delivered
ORD102058,15-Jan-25,CUST1858,West,Mumbai,Clothing,Sneakers,1,2595.07,10,2335.56,1461.24,874.31,Mobile App,Consumer,Debit Card,Delivered
ORD102059,11-Apr-24,CUST1859,South,Chennai,Electronics,Bluetooth Speaker,2,1544.03,25,2316.05,1715.11,600.94,Marketplace,Student,UPI,Delivered
ORD102060,08-May-25,CUST1860,South,Hyderabad,Electronics,Power Bank,2,890.86,15,0,0,0,Mobile App,Consumer,UPI,Cancelled
ORD102061,05-Oct-25,CUST1861,North,Chandigarh,Home & Kitchen,Coffee Maker,1,1901.94,10,1711.75,1074.58,637.17,Marketplace,Student,UPI,Delivered
ORD102062,05-Sep-25,CUST1862,West,Ahmedabad,Sports,Dumbbells,2,1579.33,0,3158.66,2340.13,818.53,Website,Consumer,Credit Card,Delivered
ORD102063,19-Jan-24,CUST1863,North,Lucknow,Clothing,Jeans,1,1303.15,10,1172.83,782.5,390.34,Website,Consumer,Credit Card,Delivered
ORD102064,29-Mar-25,CUST1864,East,Bhubaneswar,Electronics,Keyboard,2,1231.82,15,2094.1,1322.55,771.54,Mobile App,Corporate,Cash on Delivery,Delivered
ORD102065,26-Apr-25,CUST1865,Central,Indore,Home & Kitchen,Mixer Grinder,2,2827.41,0,5654.82,4058.46,1596.36,Website,Consumer,UPI,Delivered
ORD102066,16-Aug-25,CUST1866,Central,Raipur,Sports,Gym Bag,4,1076.39,10,0,0,0,Marketplace,Consumer,Net Banking,Cancelled
ORD102067,31-Jan-25,CUST1867,East,Bhubaneswar,Beauty,Lipstick,1,439.02,5,417.07,268.99,148.08,Website,Corporate,Credit Card,Delivered
ORD102068,05-Oct-24,CUST1868,East,Patna,Sports,Gym Bag,2,1278.45,5,0,0,0,Mobile App,Corporate,UPI,Cancelled
ORD102069,30-Dec-24,CUST1869,North,Chandigarh,Home & Kitchen,Bedsheet,1,942.51,0,141.38,89.77,51.61,Marketplace,Consumer,UPI,Returned
ORD102070,26-Nov-24,CUST1870,West,Mumbai,Beauty,Sunscreen,1,521.9,0,521.9,400.32,121.58,Website,Consumer,UPI,Delivered
ORD102071,02-Oct-25,CUST1871,Central,Raipur,Electronics,Bluetooth Speaker,1,1381.6,10,186.52,140.86,45.66,Marketplace,Consumer,UPI,Returned
ORD102072,09-Dec-24,CUST1872,South,Coimbatore,Clothing,T-Shirt,1,723.02,20,0,0,0,Website,Consumer,Cash on Delivery,Cancelled
ORD102073,30-Mar-25,CUST1873,South,Bengaluru,Clothing,Dress,1,1681.06,10,0,0,0,Mobile App,Consumer,UPI,Cancelled
ORD102074,23-Aug-25,CUST1874,Central,Nagpur,Home & Kitchen,Cookware Set,4,2205.03,10,7938.1,4667.12,3270.97,Mobile App,Consumer,UPI,Delivered
ORD102075,25-Dec-25,CUST1875,Central,Bhopal,Sports,Yoga Mat,2,953.13,15,0,0,0,Website,Consumer,Credit Card,Cancelled
ORD102076,16-Oct-25,CUST1876,South,Chennai,Sports,Running Shoes,1,2849.2,5,2706.74,1949.72,757.02,Website,Consumer,UPI,Delivered
ORD102077,05-Mar-24,CUST1877,East,Guwahati,Electronics,Wireless Headphones,1,2065.83,0,2065.83,1465.56,600.27,Website,Corporate,Credit Card,Delivered
ORD102078,16-Mar-24,CUST1878,South,Bengaluru,Electronics,Bluetooth Speaker,1,1545.93,5,1468.63,1117.29,351.34,Website,Corporate,UPI,Delivered
ORD102079,11-Dec-25,CUST1879,North,Delhi,Clothing,Sneakers,1,2659.61,15,339.1,190.8,148.3,Website,Consumer,UPI,Returned
ORD102080,22-May-24,CUST1880,Central,Bhopal,Clothing,Hoodie,1,1867.79,15,1587.62,1175.42,412.2,Website,Consumer,Cash on Delivery,Delivered
ORD102081,27-Aug-25,CUST1881,Central,Raipur,Home & Kitchen,Water Bottle,1,515.44,0,515.44,386.16,129.28,Mobile App,Consumer,UPI,Delivered
ORD102082,17-Apr-25,CUST1882,West,Surat,Sports,Gym Bag,4,1187.32,15,0,0,0,Website,Consumer,UPI,Cancelled
ORD102083,20-Feb-25,CUST1883,North,Lucknow,Sports,Yoga Mat,2,804.49,20,1287.18,895.16,392.02,Marketplace,Student,UPI,Delivered
ORD102084,31-Oct-24,CUST1884,Central,Indore,Home & Kitchen,Water Bottle,2,666.02,0,1332.04,820.74,511.31,Mobile App,Consumer,UPI,Delivered
ORD102085,11-May-25,CUST1885,South,Coimbatore,Beauty,Lipstick,3,458.62,10,1238.27,949.06,289.21,Website,Consumer,Credit Card,Delivered
ORD102086,17-Oct-24,CUST1886,South,Bengaluru,Home & Kitchen,Coffee Maker,1,2118.58,5,2012.65,1133.92,878.73,Mobile App,Consumer,Cash on Delivery,Delivered
ORD102087,11-Apr-24,CUST1887,East,Bhubaneswar,Electronics,Smart Watch,1,2256.87,10,0,0,0,Mobile App,Consumer,UPI,Cancelled
ORD102088,23-Sep-24,CUST1888,North,Lucknow,Home & Kitchen,Bedsheet,2,885.45,10,0,0,0,Website,Consumer,Credit Card,Cancelled
ORD102089,13-Sep-25,CUST1889,West,Ahmedabad,Home & Kitchen,Bedsheet,2,1011.24,15,0,0,0,Marketplace,Corporate,Debit Card,Cancelled
ORD102090,03-Jan-24,CUST1890,East,Kolkata,Beauty,Sunscreen,2,588.91,10,1060.04,754.77,305.27,Mobile App,Consumer,Debit Card,Delivered
ORD102091,25-Mar-24,CUST1891,North,Jaipur,Electronics,Wireless Headphones,1,1901.37,10,1711.23,1342.47,368.76,Marketplace,Consumer,Credit Card,Delivered
ORD102092,23-Nov-24,CUST1892,North,Lucknow,Clothing,Jeans,4,1308.72,5,0,0,0,Mobile App,Consumer,Credit Card,Cancelled
ORD102093,25-Mar-25,CUST1893,North,Jaipur,Clothing,Hoodie,1,1886.63,0,1886.63,1144.91,741.71,Mobile App,Consumer,Credit Card,Delivered
ORD102094,29-Mar-25,CUST1894,North,Jaipur,Sports,Cricket Bat,3,1702.31,15,0,0,0,Website,Consumer,Credit Card,Cancelled
ORD102095,20-Sep-25,CUST1895,East,Guwahati,Clothing,Dress,3,1556.74,0,4670.21,3023.02,1647.19,Website,Consumer,UPI,Delivered
ORD102096,08-Aug-24,CUST1896,Central,Indore,Beauty,Moisturizer,1,713.54,5,677.86,455.48,222.38,Mobile App,Consumer,Credit Card,Delivered
ORD102097,02-Jun-24,CUST1897,North,Lucknow,Beauty,Moisturizer,3,675.44,5,1925,1277.32,647.67,Website,Consumer,Credit Card,Delivered
ORD102098,26-Oct-25,CUST1898,North,Delhi,Clothing,Dress,2,1413.64,5,2685.91,1963.97,721.94,Mobile App,Consumer,UPI,Delivered
ORD102099,12-Jan-24,CUST1899,East,Bhubaneswar,Home & Kitchen,Coffee Maker,4,2331.22,5,8858.64,5685.26,3173.37,Website,Consumer,UPI,Delivered
ORD102100,12-May-24,CUST1900,West,Ahmedabad,Sports,Yoga Mat,1,842.78,15,716.36,522.23,194.13,Website,Consumer,Credit Card,Delivered
ORD102101,30-Oct-24,CUST1901,South,Hyderabad,Clothing,Wireless Headphones,4,2215.07,5,0,0,0,Website,Consumer,Cash on Delivery,Cancelled
ORD102102,19-Oct-24,CUST1902,South,Coimbatore,Sports,Yoga Mat,1,897.72,10,121.19,68.24,52.95,Website,Corporate,UPI,Returned
ORD102103,26-Oct-24,CUST1903,East,Kolkata,Electronics,Bluetooth Speaker,3,1281.91,10,3461.16,2763.08,698.08,Mobile App,Corporate,Cash on Delivery,Delivered
ORD102104,12-Feb-24,CUST1904,South,Coimbatore,Electronics,Power Bank,1,936.56,15,796.08,476.09,319.98,Website,Consumer,Debit Card,Delivered
ORD102105,08-Dec-24,CUST1905,North,Lucknow,Sports,Dumbbells,1,1683.22,10,227.24,152.68,74.55,Website,Consumer,UPI,Returned
ORD102106,21-Nov-24,CUST1906,West,Pune,Beauty,Sunscreen,1,656.76,20,0,0,0,Website,Consumer,UPI,Cancelled
ORD102107,12-May-25,CUST1907,West,Pune,Sports,Cricket Bat,1,2018.52,0,2018.52,1244.98,773.54,Mobile App,Corporate,UPI,Delivered
ORD102108,29-Dec-24,CUST1908,East,Guwahati,Home & Kitchen,Bedsheet,1,907.85,10,817.06,454.27,362.79,Mobile App,Corporate,Cash on Delivery,Delivered
ORD102109,02-Mar-25,CUST1909,West,Pune,Sports,Dumbbells,1,1454.13,0,218.12,148.83,69.29,Website,Consumer,Cash on Delivery,Returned
ORD102110,21-Jan-24,CUST1910,West,Mumbai,Beauty,Sunscreen,1,606.81,15,515.79,314.87,200.92,Website,Corporate,UPI,Delivered
ORD102111,10-Feb-25,CUST1911,South,Coimbatore,Beauty,Face Serum,1,766.9,5,728.56,515.2,213.36,Mobile App,Consumer,UPI,Delivered
ORD102112,10-Sep-25,CUST1912,South,Hyderabad,Home & Kitchen,Mixer Grinder,1,2962.04,5,2813.94,2168.48,645.46,Marketplace,Student,Cash on Delivery,Delivered
ORD102113,01-Dec-24,CUST1913,North,Lucknow,Clothing,Sneakers,1,2655.43,5,0,0,0,Website,Consumer,UPI,Cancelled
ORD102114,26-Apr-24,CUST1914,North,Jaipur,Sports,Running Shoes,3,2711.29,15,6913.8,5006.68,1907.12,Mobile App,Consumer,Net Banking,Delivered
ORD102115,03-May-24,CUST1915,West,Pune,Clothing,Sneakers,2,2341.17,0,4682.34,3417.46,1264.88,Website,Consumer,Credit Card,Delivered
ORD102116,02-Feb-25,CUST1916,Central,Raipur,Home & Kitchen,Mixer Grinder,1,2858.87,15,364.51,281.23,83.27,Website,Consumer,Debit Card,Returned
ORD102117,15-Dec-25,CUST1917,Central,Raipur,Clothing,Jeans,2,1558.02,25,0,0,0,Mobile App,Corporate,Credit Card,Cancelled
ORD102118,20-Feb-24,CUST1918,West,Surat,Home & Kitchen,Water Bottle,3,553.67,0,1661.01,1351.34,309.67,Website,Consumer,UPI,Delivered
ORD102119,19-Nov-24,CUST1919,North,Jaipur,Clothing,Jeans,1,1368.4,25,1026.3,690.88,335.42,Mobile App,Consumer,UPI,Delivered
ORD102120,20-May-24,CUST1920,North,Delhi,Electronics,Smart Watch,1,2328.83,0,2328.83,1312.46,1016.37,Website,Consumer,Net Banking,Delivered
ORD102121,14-Apr-25,CUST1921,West,Surat,Sports,Gym Bag,1,1302.13,15,166.02,108.97,57.05,Mobile App,Consumer,Credit Card,Returned
ORD102122,29-Nov-24,CUST1922,East,Patna,Clothing,Hoodie,4,1780.77,25,5342.3,4149.72,1192.58,Website,Corporate,UPI,Delivered
ORD102123,07-Jan-25,CUST1923,West,Pune,Home & Kitchen,Bedsheet,1,891.74,25,668.8,391.87,276.93,Website,Student,Debit Card,Delivered
ORD102124,17-Jul-25,CUST1924,West,Ahmedabad,Electronics,Bluetooth Speaker,2,1587.61,10,2857.69,2139.56,718.13,Website,Consumer,Cash on Delivery,Delivered
ORD102125,08-May-25,CUST1925,West,Ahmedabad,Electronics,Wireless Headphones,1,1811.66,20,1449.33,1006.74,442.58,Mobile App,Corporate,UPI,Delivered
ORD102126,22-Jun-25,CUST1926,Central,Bhopal,Electronics,Smart Watch,3,2402.46,0,7207.38,5716.75,1490.63,Website,Consumer,Credit Card,Delivered
ORD102127,30-Oct-25,CUST1927,North,Lucknow,Beauty,Lipstick,1,500.69,10,450.62,336.8,113.82,Website,Student,UPI,Delivered
ORD102128,04-Jun-24,CUST1928,West,Surat,Electronics,Wireless Headphones,1,2014.59,5,287.08,209.09,77.99,Website,Consumer,Cash on Delivery,Returned
ORD102129,17-Oct-24,CUST1929,Central,Raipur,Sports,Gym Bag,1,1041.5,5,989.42,781.11,208.32,Mobile App,Student,UPI,Delivered
ORD102130,09-Oct-25,CUST1930,South,Coimbatore,Electronics,Wireless Headphones,4,2150.8,15,7312.71,5815.21,1497.5,Mobile App,Consumer,UPI,Delivered
ORD102131,23-May-24,CUST1931,West,Mumbai,Electronics,Wireless Headphones,1,1957.91,0,0,0,0,Website,Corporate,UPI,Cancelled
ORD102132,15-Apr-24,CUST1932,South,Chennai,Electronics,Wireless Headphones,1,2233.08,25,1674.81,1340.72,334.09,Mobile App,Consumer,Credit Card,Delivered
ORD102133,23-Feb-25,CUST1933,Central,Nagpur,Electronics,Keyboard,2,1355.78,10,2440.4,1378.26,1062.14,Mobile App,Consumer,UPI,Delivered
ORD102134,31-Oct-25,CUST1934,North,Delhi,Beauty,Moisturizer,2,781.48,20,1250.36,945.14,305.22,Marketplace,Corporate,Credit Card,Delivered
ORD102135,19-Oct-25,CUST1935,East,Patna,Sports,Yoga Mat,1,874.22,15,111.46,71.43,40.03,Website,Consumer,Credit Card,Returned
ORD102136,02-Jan-24,CUST1936,North,Lucknow,Home & Kitchen,Bedsheet,1,887.12,15,754.05,513.96,240.09,Website,Student,Cash on Delivery,Delivered
ORD102137,11-Aug-25,CUST1937,West,Mumbai,Electronics,Smart Watch,1,2614.89,0,0,0,0,Mobile App,Consumer,Credit Card,Cancelled
ORD102138,05-Oct-25,CUST1938,North,Jaipur,Clothing,Sneakers,1,2648.93,10,2384.04,1721.27,662.76,Website,Student,UPI,Delivered
ORD102139,30-Mar-24,CUST1939,South,Bengaluru,Clothing,Sneakers,3,2699.58,5,0,0,0,Website,Consumer,UPI,Cancelled
ORD102140,10-Dec-24,CUST1940,East,Guwahati,Sports,Gym Bag,1,1116.74,0,1116.74,663.63,453.1,Mobile App,Consumer,Net Banking,Delivered
ORD102141,15-Dec-24,CUST1941,Central,Raipur,Electronics,Power Bank,3,986.9,5,0,0,0,Website,Consumer,Net Banking,Cancelled
ORD102142,03-Apr-25,CUST1942,South,Chennai,Beauty,Lipstick,1,539.68,10,485.71,310.74,174.97,Website,Corporate,UPI,Delivered
ORD102143,19-Sep-24,CUST1943,North,Delhi,Clothing,Dress,1,1732.48,5,246.88,142.53,104.35,Mobile App,Student,Debit Card,Returned
ORD102144,16-Dec-24,CUST1944,West,Ahmedabad,Clothing,Hoodie,2,1541.63,10,2774.93,1948.88,826.04,Website,Corporate,UPI,Delivered
ORD102145,17-Apr-24,CUST1945,East,Patna,Clothing,T-Shirt,2,720.77,10,1297.39,855.88,441.51,Mobile App,Corporate,Cash on Delivery,Delivered
ORD102146,08-Aug-25,CUST1946,Central,Raipur,Electronics,Power Bank,1,1011.44,0,1011.44,717.56,293.89,Marketplace,Student,UPI,Delivered
ORD102147,08-Feb-24,CUST1947,North,Lucknow,Beauty,Face Serum,2,697.13,10,1254.83,769.28,485.55,Mobile App,Corporate,Credit Card,Delivered
ORD102148,07-Jun-24,CUST1948,West,Surat,Electronics,Wireless Headphones,3,2201.17,10,5943.17,3876.47,2066.7,Mobile App,Student,Credit Card,Delivered
ORD102149,05-Aug-25,CUST1949,South,Bengaluru,Beauty,Face Serum,1,775.23,25,581.42,472.45,108.97,Mobile App,Corporate,Cash on Delivery,Delivered
ORD102150,07-Nov-24,CUST1950,North,Jaipur,Electronics,Keyboard,1,1340.63,5,1273.6,1022.53,251.07,Marketplace,Corporate,Cash on Delivery,Delivered
ORD102151,28-Aug-24,CUST1951,West,Pune,Sports,Yoga Mat,1,978.43,10,880.59,689.84,190.75,Website,Consumer,UPI,Delivered
ORD102152,20-Mar-25,CUST1952,East,Guwahati,Electronics,Power Bank,3,884.25,10,0,0,0,Website,Corporate,Net Banking,Cancelled
ORD102153,24-Oct-24,CUST1953,West,Pune,Sports,Gym Bag,1,1296.21,20,155.55,92.13,63.42,Marketplace,Consumer,Credit Card,Returned
ORD102154,05-Feb-24,CUST1954,South,Coimbatore,Beauty,Moisturizer,3,730.85,10,295.99,200.11,95.88,Mobile App,Consumer,Debit Card,Returned
ORD102155,24-Mar-24,CUST1955,East,Kolkata,Sports,Gym Bag,2,1290.95,10,2323.71,1734.73,588.98,Website,Consumer,Cash on Delivery,Delivered
ORD102156,27-Mar-25,CUST1956,South,Bengaluru,Clothing,Jeans,3,1474.42,5,0,0,0,Marketplace,Corporate,UPI,Cancelled
ORD102157,19-Jan-25,CUST1957,Central,Bhopal,Beauty,Sunscreen,2,514.57,0,154.37,86.28,68.09,Website,Consumer,Credit Card,Returned
ORD102158,20-Jun-24,CUST1958,South,Hyderabad,Clothing,Jeans,1,1545.53,0,0,0,0,Mobile App,Consumer,Net Banking,Cancelled
ORD102159,10-Jan-25,CUST1959,South,Chennai,Electronics,Smart Watch,4,2376.86,15,1212.2,805.85,406.34,Marketplace,Consumer,UPI,Returned
ORD102160,15-Nov-25,CUST1960,South,Hyderabad,Clothing,Dress,2,1532.88,15,2605.9,1479.05,1126.85,Mobile App,Consumer,Cash on Delivery,Delivered
ORD102161,27-Dec-24,CUST1961,East,Bhubaneswar,Electronics,Wireless Headphones,2,1937.31,5,3680.89,2343.13,1337.76,Mobile App,Consumer,Cash on Delivery,Delivered
ORD102162,12-Jul-25,CUST1962,South,Chennai,Sports,Dumbbells,2,1571.95,10,2829.52,2257.02,572.49,Mobile App,Consumer,UPI,Delivered
ORD102163,20-May-24,CUST1963,Central,Indore,Electronics,Bluetooth Speaker,2,1542.05,5,2929.9,1809.45,1120.45,Marketplace,Consumer,Cash on Delivery,Delivered
ORD102164,27-Apr-24,CUST1964,South,Bengaluru,Home & Kitchen,Coffee Maker,1,2300.66,15,0,0,0,Marketplace,Consumer,UPI,Cancelled
ORD102165,03-Oct-24,CUST1965,Central,Indore,Home & Kitchen,Mixer Grinder,1,3496.11,15,2971.69,2025.89,945.81,Website,Consumer,Credit Card,Delivered
ORD102166,26-Dec-25,CUST1966,North,Lucknow,Home & Kitchen,Cookware Set,1,2577.3,20,2061.84,1613.96,447.89,Website,Consumer,Credit Card,Delivered
ORD102167,07-Aug-24,CUST1967,West,Pune,Home & Kitchen,Mixer Grinder,5,3519.83,0,17599.17,12785.06,4814.1,Mobile App,Consumer,UPI,Delivered
ORD102168,26-Jan-24,CUST1968,Central,Bhopal,Electronics,Power Bank,2,882.1,15,1499.57,888.91,610.66,Marketplace,Consumer,Cash on Delivery,Delivered
ORD102169,04-Jun-25,CUST1969,North,Delhi,Home & Kitchen,Bedsheet,1,1074.86,25,0,0,0,Mobile App,Consumer,Credit Card,Cancelled
ORD102170,10-Jan-24,CUST1970,Central,Indore,Clothing,T-Shirt,2,667.24,15,1134.31,794.61,339.7,Marketplace,Corporate,Credit Card,Delivered
ORD102171,12-Jan-25,CUST1971,East,Guwahati,Sports,Yoga Mat,1,892.5,5,0,0,0,Mobile App,Consumer,Cash on Delivery,Cancelled
ORD102172,24-Sep-25,CUST1972,Central,Raipur,Beauty,Shampoo,1,482.59,10,434.33,285.03,149.3,Mobile App,Corporate,UPI,Delivered
ORD102173,28-Sep-25,CUST1973,West,Ahmedabad,Sports,Yoga Mat,1,879.62,15,747.68,491.77,255.91,Mobile App,Student,Credit Card,Delivered
ORD102174,12-Nov-25,CUST1974,South,Bengaluru,Electronics,Power Bank,2,926.14,5,263.95,159.16,104.79,Website,Corporate,Cash on Delivery,Returned
ORD102175,06-Aug-25,CUST1975,North,Jaipur,Clothing,T-Shirt,5,626.22,0,469.67,296.49,173.18,Website,Corporate,UPI,Returned
ORD102176,31-May-24,CUST1976,South,Chennai,Electronics,Power Bank,5,877.44,10,0,0,0,Marketplace,Consumer,Debit Card,Cancelled
ORD102177,20-Dec-25,CUST1977,North,Lucknow,Electronics,Smart Watch,1,2428.72,15,2064.41,1141.98,922.43,Website,Consumer,Credit Card,Delivered
ORD102178,18-Feb-24,CUST1978,North,Jaipur,Electronics,Wireless Headphones,2,1766.76,25,2650.14,2034.22,615.92,Marketplace,Consumer,UPI,Delivered
ORD102179,02-Jun-24,CUST1979,North,Lucknow,Home & Kitchen,Cookware Set,3,2289.45,5,6524.94,5275.48,1249.46,Website,Corporate,UPI,Delivered
ORD102180,19-Oct-24,CUST1980,South,Chennai,Electronics,Bluetooth Speaker,1,1328.23,15,1128.99,709.12,419.87,Website,Corporate,Debit Card,Delivered
ORD102181,02-Aug-25,CUST1981,West,Ahmedabad,Home & Kitchen,Coffee Maker,2,1933.94,0,580.18,336.64,243.54,Website,Consumer,UPI,Returned
ORD102182,19-Feb-24,CUST1982,North,Jaipur,Sports,Yoga Mat,3,978.35,25,0,0,0,Marketplace,Consumer,Cash on Delivery,Cancelled
ORD102183,25-Oct-25,CUST1983,North,Lucknow,Beauty,Moisturizer,2,721.36,0,1442.72,1081.96,360.75,Website,Corporate,UPI,Delivered
ORD102184,14-Jun-25,CUST1984,West,Surat,Clothing,T-Shirt,1,768.49,5,109.51,86.58,22.93,Mobile App,Consumer,Credit Card,Returned
ORD102185,03-Sep-25,CUST1985,South,Bengaluru,Clothing,Sneakers,4,2558.68,0,10234.74,6626.34,3608.39,Website,Corporate,UPI,Delivered
ORD102186,29-Feb-24,CUST1986,North,Delhi,Clothing,T-Shirt,3,753.43,10,305.14,207.71,97.43,Mobile App,Corporate,Debit Card,Returned
ORD102187,15-Jun-24,CUST1987,North,Delhi,Electronics,Smart Watch,2,2498.83,5,4747.77,3803.75,944.02,Website,Consumer,Debit Card,Delivered
ORD102188,20-Jul-24,CUST1988,Central,Bhopal,Home & Kitchen,Coffee Maker,1,2143.83,15,0,0,0,Website,Consumer,Cash on Delivery,Cancelled
ORD102189,25-May-24,CUST1989,Central,Bhopal,Clothing,T-Shirt,3,693.89,10,1873.5,1370.4,503.1,Website,Consumer,Credit Card,Delivered
ORD102190,06-Nov-25,CUST1990,South,Coimbatore,Sports,Yoga Mat,1,841.88,10,113.65,84.14,29.52,Mobile App,Consumer,UPI,Returned
ORD102191,14-Mar-25,CUST1991,West,Ahmedabad,Beauty,Lipstick,1,512.8,5,487.16,378.05,109.11,Website,Corporate,Cash on Delivery,Delivered
ORD102192,29-Aug-24,CUST1992,East,Patna,Home & Kitchen,Mixer Grinder,2,3603.29,0,7206.58,5861.1,1345.48,Website,Consumer,UPI,Delivered
ORD102193,03-Aug-25,CUST1993,West,Ahmedabad,Clothing,T-Shirt,5,741.8,5,0,0,0,Website,Consumer,Cash on Delivery,Cancelled
ORD102194,17-Nov-25,CUST1994,West,Ahmedabad,Electronics,Smart Watch,3,2435.88,10,0,0,0,Website,Consumer,Net Banking,Cancelled
ORD102195,14-Jul-25,CUST1995,West,Pune,Beauty,Face Serum,2,884.94,10,1592.89,909.51,683.38,Mobile App,Consumer,UPI,Delivered
ORD102196,27-Apr-25,CUST1996,South,Chennai,Home & Kitchen,Bedsheet,1,1114.95,0,1114.95,871.07,243.88,Website,Corporate,UPI,Delivered
ORD102197,17-Apr-24,CUST1997,North,Lucknow,Electronics,Wireless Headphones,1,1965.29,10,0,0,0,Website,Corporate,Cash on Delivery,Cancelled
ORD102198,13-Aug-24,CUST1998,East,Patna,Electronics,Keyboard,3,1407.41,0,4222.22,2378.78,1843.44,Mobile App,Consumer,Cash on Delivery,Delivered
ORD102199,03-Nov-25,CUST1999,Central,Bhopal,Electronics,Power Bank,2,850.44,10,1530.79,1199.56,331.23,Website,Corporate,Credit Card,Delivered
ORD102200,22-Sep-25,CUST2000,East,Guwahati,Beauty,Sunscreen,3,519.93,25,1169.84,804.47,365.37,Website,Consumer,Cash on Delivery,Delivered
ORD102201,22-Oct-25,CUST2001,Central,Raipur,Electronics,Bluetooth Speaker,2,1283.21,5,2438.1,1892.81,545.29,Mobile App,Student,Net Banking,Delivered
ORD102202,23-Oct-25,CUST2002,Central,Bhopal,Home & Kitchen,Cookware Set,2,2645.83,15,4497.9,3147.23,1350.68,Marketplace,Student,Credit Card,Delivered
ORD102203,07-Mar-25,CUST2003,North,Lucknow,Clothing,Hoodie,3,1567.9,15,3998.15,2537.65,1460.5,Mobile App,Student,Debit Card,Delivered
ORD102204,16-Oct-25,CUST2004,West,Mumbai,Home & Kitchen,Coffee Maker,1,1879.27,10,1691.35,989.51,701.84,Website,Corporate,Credit Card,Delivered
ORD102205,22-Feb-25,CUST2005,West,Ahmedabad,Sports,Gym Bag,1,1066.87,10,144.03,96.22,47.81,Website,Corporate,UPI,Returned
ORD102206,30-Mar-25,CUST2006,Central,Nagpur,Sports,Running Shoes,1,2797.17,10,2517.45,1402.64,1114.81,Website,Consumer,Credit Card,Delivered
ORD102207,08-Jun-24,CUST2007,Central,Raipur,Clothing,Hoodie,4,1754.87,5,6668.5,4752.4,1916.1,Marketplace,Consumer,Debit Card,Delivered
ORD102208,06-Jun-25,CUST2008,West,Surat,Electronics,Bluetooth Speaker,2,1300.62,15,331.66,220.71,110.95,Mobile App,Corporate,Credit Card,Returned
ORD102209,11-Oct-25,CUST2009,South,Bengaluru,Clothing,Jeans,2,1476.1,15,2509.38,1476.04,1033.33,Website,Consumer,UPI,Delivered
ORD102210,12-Aug-25,CUST2010,West,Ahmedabad,Home & Kitchen,Mixer Grinder,1,3025.11,20,363.01,251.63,111.39,Website,Consumer,Cash on Delivery,Returned
ORD102211,17-Mar-24,CUST2011,North,Lucknow,Home & Kitchen,Coffee Maker,2,2032.05,10,3657.69,2802.69,855,Website,Student,Debit Card,Delivered
ORD102212,23-May-25,CUST2012,West,Surat,Home & Kitchen,Water Bottle,2,642.08,5,1219.94,992.05,227.89,Marketplace,Consumer,UPI,Delivered
ORD102213,16-Mar-25,CUST2013,Central,Nagpur,Electronics,Smart Watch,1,2790.06,15,2371.55,1642.03,729.52,Mobile App,Consumer,UPI,Delivered
ORD102214,10-Sep-24,CUST2014,South,Chennai,Home & Kitchen,Cookware Set,4,2437.13,10,8773.68,5132.42,3641.26,Marketplace,Consumer,Net Banking,Delivered
ORD102215,15-Nov-24,CUST2015,West,Pune,Electronics,Wireless Headphones,1,1872.82,10,0,0,0,Mobile App,Consumer,UPI,Cancelled
ORD102216,19-Sep-24,CUST2016,South,Coimbatore,Beauty,Moisturizer,1,769.94,15,654.45,482.9,171.56,Marketplace,Consumer,Debit Card,Delivered
ORD102217,19-Aug-25,CUST2017,South,Bengaluru,Clothing,Jeans,1,1476.7,20,1181.36,954.03,227.33,Website,Consumer,UPI,Delivered
ORD102218,19-Oct-25,CUST2018,South,Chennai,Beauty,Face Serum,1,836.71,5,794.87,552.05,242.83,Website,Consumer,UPI,Delivered
ORD102219,07-Jul-25,CUST2019,West,Ahmedabad,Electronics,Power Bank,2,960.75,5,1825.42,1179.99,645.44,Website,Corporate,Cash on Delivery,Delivered
ORD102220,08-Jan-25,CUST2020,Central,Bhopal,Clothing,Sneakers,1,2260.82,15,1921.69,1556.51,365.19,Marketplace,Corporate,Credit Card,Delivered
ORD102221,28-Sep-25,CUST2021,Central,Raipur,Beauty,Face Serum,3,820.43,10,0,0,0,Website,Student,Cash on Delivery,Cancelled
ORD102222,15-Jun-24,CUST2022,North,Chandigarh,Electronics,Wireless Headphones,1,2057.99,15,1749.29,969.62,779.67,Website,Consumer,UPI,Delivered
ORD102223,03-Apr-25,CUST2023,Central,Nagpur,Beauty,Shampoo,1,486.15,10,437.54,296.6,140.93,Mobile App,Consumer,Debit Card,Delivered
ORD102224,06-Oct-24,CUST2024,West,Surat,Home & Kitchen,Mixer Grinder,2,3044.6,10,5480.28,3017.67,2462.61,Marketplace,Student,UPI,Delivered
ORD102225,30-Nov-25,CUST2025,South,Bengaluru,Home & Kitchen,Coffee Maker,3,2363.02,0,7089.07,5311,1778.07,Marketplace,Consumer,Cash on Delivery,Delivered
ORD102226,28-Oct-24,CUST2026,North,Jaipur,Clothing,Dress,1,1478.01,10,1330.21,934.88,395.33,Website,Student,Net Banking,Delivered
ORD102227,14-Jun-25,CUST2027,South,Chennai,Home & Kitchen,Bedsheet,4,1026.91,0,0,0,0,Marketplace,Student,Debit Card,Cancelled
ORD102228,02-Aug-25,CUST2028,Central,Bhopal,Home & Kitchen,Mixer Grinder,2,3146.18,15,5348.5,4115.74,1232.76,Mobile App,Student,UPI,Delivered
ORD102229,05-Aug-24,CUST2029,West,Pune,Clothing,Dress,1,1563.13,25,1172.35,814.59,357.76,Marketplace,Student,Credit Card,Delivered
ORD102230,11-Apr-24,CUST2030,West,Pune,Beauty,Shampoo,1,452.63,5,64.5,37.46,27.04,Marketplace,Consumer,Credit Card,Returned
ORD102231,07-Jul-25,CUST2031,South,Coimbatore,Clothing,Jeans,1,1537.01,0,1537.01,911.76,625.25,Website,Consumer,Cash on Delivery,Delivered
ORD102232,14-Oct-24,CUST2032,West,Pune,Electronics,Keyboard,3,1183.35,0,532.51,411.08,121.43,Mobile App,Consumer,Credit Card,Returned
ORD102233,15-Jun-24,CUST2033,North,Chandigarh,Electronics,Wireless Headphones,1,1961.3,5,1863.24,1203.62,659.62,Mobile App,Corporate,UPI,Delivered
ORD102234,12-Sep-25,CUST2034,South,Chennai,Electronics,Wireless Headphones,1,1876.43,5,0,0,0,Marketplace,Consumer,Credit Card,Cancelled
ORD102235,05-Feb-24,CUST2035,West,Mumbai,Clothing,Jeans,1,1664.15,10,224.66,127.78,96.88,Website,Corporate,Credit Card,Returned
ORD102236,18-Dec-24,CUST2036,North,Jaipur,Beauty,Shampoo,1,556.48,10,0,0,0,Website,Consumer,Cash on Delivery,Cancelled
ORD102237,06-Nov-25,CUST2037,Central,Nagpur,Beauty,Lipstick,2,525.67,5,998.77,755.51,243.26,Mobile App,Corporate,Cash on Delivery,Delivered
ORD102238,13-Mar-24,CUST2038,South,Bengaluru,Electronics,Smart Watch,2,2788.03,15,4739.65,3428,1311.65,Mobile App,Consumer,Cash on Delivery,Delivered
ORD102239,09-Oct-25,CUST2039,West,Ahmedabad,Sports,Dumbbells,1,1408.17,20,1126.54,712.92,413.62,Marketplace,Consumer,Credit Card,Delivered
ORD102240,18-Dec-24,CUST2040,South,Bengaluru,Home & Kitchen,Cookware Set,1,2793.7,5,2654.02,2130.45,523.57,Mobile App,Student,Credit Card,Delivered
ORD102241,10-Mar-24,CUST2041,East,Guwahati,Sports,Cricket Bat,1,1755.04,15,223.77,135.82,87.94,Website,Consumer,Cash on Delivery,Returned
ORD102242,28-Feb-25,CUST2042,North,Delhi,Beauty,Shampoo,2,480.12,0,960.25,748.46,211.79,Marketplace,Consumer,UPI,Delivered
ORD102243,08-Dec-25,CUST2043,North,Delhi,Beauty,Face Serum,3,730.7,5,0,0,0,Mobile App,Student,Debit Card,Cancelled
ORD102244,14-Jul-25,CUST2044,Central,Bhopal,Electronics,Wireless Headphones,1,2213.97,10,1992.57,1161.08,831.5,Mobile App,Consumer,Credit Card,Delivered
ORD102245,03-Oct-25,CUST2045,South,Bengaluru,Electronics,Power Bank,1,1020.64,5,969.61,678.61,291,Marketplace,Consumer,UPI,Delivered
ORD102246,31-May-25,CUST2046,West,Pune,Electronics,Wireless Headphones,1,2021.44,0,303.22,242.9,60.32,Mobile App,Corporate,Debit Card,Returned
ORD102247,03-Mar-25,CUST2047,Central,Nagpur,Beauty,Face Serum,4,894.33,5,3398.44,2437.03,961.41,Mobile App,Corporate,Credit Card,Delivered
ORD102248,22-Jun-25,CUST2048,South,Chennai,Clothing,Hoodie,2,1826.62,20,2922.6,2024.71,897.89,Website,Consumer,UPI,Delivered
ORD102249,08-Jun-24,CUST2049,South,Bengaluru,Beauty,Shampoo,1,511.21,0,76.68,49.76,26.92,Marketplace,Corporate,Credit Card,Returned
ORD102250,28-May-24,CUST2050,West,Pune,Clothing,T-Shirt,1,602.6,15,512.21,390.8,121.41,Website,Consumer,Credit Card,Delivered
ORD102251,17-Aug-24,CUST2051,Central,Indore,Beauty,Shampoo,1,539.89,15,458.91,365.53,93.38,Website,Consumer,Debit Card,Delivered
ORD102252,12-Dec-25,CUST2052,Central,Nagpur,Electronics,Keyboard,2,1444.39,0,2888.78,2176.39,712.39,Marketplace,Consumer,Debit Card,Delivered
ORD102253,15-Jul-25,CUST2053,East,Kolkata,Electronics,Power Bank,1,1108.17,5,157.91,117.78,40.14,Mobile App,Consumer,UPI,Returned
ORD102254,07-Mar-24,CUST2054,West,Surat,Clothing,Dress,1,1454.61,5,207.28,124.78,82.5,Website,Consumer,UPI,Returned
ORD102255,15-Jan-25,CUST2055,North,Delhi,Clothing,Dress,2,1456.68,0,2913.37,2258.37,654.99,Website,Student,Debit Card,Delivered
ORD102256,27-Feb-24,CUST2056,Central,Raipur,Clothing,T-Shirt,1,663.23,0,663.23,372.07,291.17,Marketplace,Consumer,Net Banking,Delivered
ORD102257,15-Sep-24,CUST2057,Central,Bhopal,Beauty,Face Serum,2,746.07,5,1417.54,1069.51,348.02,Mobile App,Student,Net Banking,Delivered
ORD102258,07-Dec-24,CUST2058,North,Lucknow,Electronics,Keyboard,1,1211.34,0,0,0,0,Website,Consumer,Credit Card,Cancelled
ORD102259,09-May-24,CUST2059,South,Hyderabad,Clothing,Dress,2,1620.44,0,3240.88,2208.86,1032.02,Marketplace,Consumer,Credit Card,Delivered
ORD102260,27-Dec-25,CUST2060,North,Delhi,Beauty,Sunscreen,1,639.44,10,86.32,63.68,22.64,Mobile App,Consumer,Net Banking,Returned
ORD102261,20-Jun-24,CUST2061,South,Bengaluru,Electronics,Smart Watch,4,2756.22,5,1571.04,1186.06,384.98,Website,Consumer,Credit Card,Returned
ORD102262,05-Sep-25,CUST2062,West,Mumbai,Sports,Cricket Bat,1,1735.78,20,208.29,164.51,43.79,Website,Corporate,UPI,Returned
ORD102263,27-Jul-24,CUST2063,South,Coimbatore,Sports,Gym Bag,1,1109.14,5,158.05,98.99,59.06,Mobile App,Corporate,Debit Card,Returned
ORD102264,19-Dec-24,CUST2064,North,Jaipur,Electronics,Bluetooth Speaker,3,1377.36,10,0,0,0,Mobile App,Corporate,Credit Card,Cancelled
ORD102265,15-Apr-25,CUST2065,South,Chennai,Clothing,Jeans,3,1418.82,20,3405.16,2788.78,616.38,Website,Consumer,Debit Card,Delivered
ORD102266,25-Apr-24,CUST2066,Central,Nagpur,Clothing,T-Shirt,1,674.23,0,674.23,408.61,265.62,Mobile App,Consumer,Debit Card,Delivered
ORD102267,20-Sep-24,CUST2067,West,Mumbai,Beauty,Lipstick,4,476.58,10,1715.7,1251.91,463.79,Website,Consumer,Net Banking,Delivered
ORD102268,23-Oct-25,CUST2068,South,Bengaluru,Home & Kitchen,Bedsheet,1,1105.97,10,995.38,803.51,191.87,Marketplace,Consumer,UPI,Delivered
ORD102269,17-Mar-25,CUST2069,North,Chandigarh,Home & Kitchen,Bedsheet,2,967.06,20,1547.29,1225.56,321.73,Website,Student,Credit Card,Delivered
ORD102270,01-Jul-25,CUST2070,Central,Indore,Beauty,Shampoo,1,498.47,15,63.55,42.56,20.99,Mobile App,Consumer,Debit Card,Returned
ORD102271,28-Mar-25,CUST2071,Central,Raipur,Electronics,Wireless Headphones,1,2103.21,5,1998.05,1442.89,555.16,Mobile App,Consumer,Credit Card,Delivered
ORD102272,21-Apr-25,CUST2072,South,Bengaluru,Beauty,Sunscreen,1,626.42,15,532.46,368.91,163.54,Mobile App,Consumer,Credit Card,Delivered
ORD102273,13-Oct-24,CUST2073,North,Delhi,Beauty,Shampoo,2,502.69,10,904.85,582.36,322.49,Website,Consumer,Cash on Delivery,Delivered
ORD102274,29-Oct-24,CUST2074,North,Jaipur,Home & Kitchen,Coffee Maker,2,2380.25,5,0,0,0,Website,Corporate,Credit Card,Cancelled
ORD102275,06-Nov-24,CUST2075,North,Lucknow,Sports,Cricket Bat,1,2036.04,15,1730.63,1327.25,403.38,Marketplace,Student,Credit Card,Delivered
ORD102276,26-Jul-24,CUST2076,East,Patna,Beauty,Face Serum,4,867.86,15,2950.73,1694.96,1255.77,Website,Consumer,UPI,Delivered
ORD102277,09-Sep-25,CUST2077,Central,Indore,Electronics,Smart Watch,1,2328.44,0,2328.44,1663.9,664.54,Mobile App,Student,Cash on Delivery,Delivered
ORD102278,21-Mar-25,CUST2078,East,Kolkata,Clothing,Jeans,1,1327.58,20,1062.07,754.58,307.49,Website,Consumer,Debit Card,Delivered
ORD102279,31-Oct-25,CUST2079,Central,Indore,Home & Kitchen,Bedsheet,2,1070.2,5,0,0,0,Website,Consumer,Debit Card,Cancelled
ORD102280,24-Sep-25,CUST2080,East,Kolkata,Electronics,Bluetooth Speaker,1,1428.97,10,1286.07,754.36,531.71,Mobile App,Student,UPI,Delivered
ORD102281,24-Feb-24,CUST2081,West,Mumbai,Sports,Yoga Mat,2,922.19,5,1752.16,1341.98,410.18,Website,Consumer,Credit Card,Delivered
ORD102282,12-Jan-24,CUST2082,West,Ahmedabad,Electronics,Smart Watch,2,2621.64,20,4194.62,2830.19,1364.43,Marketplace,Consumer,UPI,Delivered
ORD102283,18-Oct-25,CUST2083,North,Delhi,Beauty,Lipstick,1,468.17,15,397.94,296.79,101.15,Marketplace,Consumer,UPI,Delivered
ORD102284,03-Feb-25,CUST2084,South,Chennai,Home & Kitchen,Bedsheet,4,985.41,10,3547.47,1966.9,1580.57,Marketplace,Consumer,Credit Card,Delivered
ORD102285,09-Oct-25,CUST2085,West,Pune,Electronics,Bluetooth Speaker,1,1636.35,25,1227.27,699.68,527.58,Mobile App,Consumer,UPI,Delivered
ORD102286,29-May-25,CUST2086,North,Jaipur,Sports,Cricket Bat,1,2174,5,2065.3,1233.97,831.33,Website,Corporate,UPI,Delivered
ORD102287,17-Oct-25,CUST2087,South,Chennai,Sports,Yoga Mat,1,946.04,0,946.04,549.4,396.64,Mobile App,Corporate,Cash on Delivery,Delivered
ORD102288,25-Jun-25,CUST2088,East,Patna,Home & Kitchen,Coffee Maker,1,2322.01,10,0,0,0,Mobile App,Corporate,Net Banking,Cancelled
ORD102289,24-Aug-24,CUST2089,Central,Indore,Electronics,Smart Watch,1,2729.84,10,2456.86,1806.66,650.2,Website,Consumer,UPI,Delivered
ORD102290,05-Oct-24,CUST2090,East,Guwahati,Electronics,Smart Watch,2,2620.98,10,4717.76,2654.63,2063.13,Marketplace,Consumer,UPI,Delivered
ORD102291,13-Dec-24,CUST2091,West,Ahmedabad,Clothing,Hoodie,2,1694.1,10,0,0,0,Mobile App,Consumer,Net Banking,Cancelled
ORD102292,18-Sep-25,CUST2092,South,Coimbatore,Clothing,T-Shirt,3,616.95,10,1665.75,930.4,735.35,Mobile App,Student,Cash on Delivery,Delivered
ORD102293,13-Apr-24,CUST2093,West,Pune,Home & Kitchen,Coffee Maker,1,2119.64,5,2013.65,1486.81,526.84,Mobile App,Corporate,Debit Card,Delivered
ORD102294,21-Sep-25,CUST2094,East,Guwahati,Sports,Gym Bag,1,1047.43,20,837.94,582.16,255.78,Marketplace,Consumer,UPI,Delivered
ORD102295,31-May-25,CUST2095,Central,Bhopal,Home & Kitchen,Cookware Set,5,2202.26,15,9359.62,6083.43,3276.19,Website,Corporate,UPI,Delivered
ORD102296,04-Sep-24,CUST2096,South,Coimbatore,Sports,Cricket Bat,1,2211.99,20,1769.59,1296.07,473.52,Website,Consumer,Net Banking,Delivered
ORD102297,29-Dec-24,CUST2097,West,Surat,Home & Kitchen,Coffee Maker,4,2270.44,20,7265.42,5081.97,2183.45,Mobile App,Consumer,Net Banking,Delivered
ORD102298,16-Nov-24,CUST2098,West,Surat,Clothing,Hoodie,3,1942.8,0,0,0,0,Mobile App,Consumer,Debit Card,Cancelled
ORD102299,24-Sep-25,CUST2099,South,Coimbatore,Sports,Cricket Bat,4,2046.14,15,0,0,0,Marketplace,Student,Net Banking,Cancelled
ORD102300,12-Oct-24,CUST2100,North,Lucknow,Clothing,Sneakers,1,2406.55,5,342.93,221.04,121.9,Website,Consumer,UPI,Returned
ORD102301,28-May-24,CUST2101,North,Jaipur,Sports,Cricket Bat,1,1712.73,15,218.37,143.66,74.71,Marketplace,Student,UPI,Returned
ORD102302,24-Mar-24,CUST2102,North,Chandigarh,Clothing,Sneakers,2,2769.08,15,4707.44,3583.39,1124.05,Mobile App,Consumer,UPI,Delivered
ORD102303,09-Feb-25,CUST2103,Central,Indore,Electronics,Smart Watch,2,2172.01,5,619.02,371.73,247.29,Mobile App,Consumer,UPI,Returned
ORD102304,31-Mar-25,CUST2104,South,Bengaluru,Sports,Yoga Mat,1,912.25,20,0,0,0,Website,Consumer,Cash on Delivery,Cancelled
ORD102305,09-Jun-24,CUST2105,South,Chennai,Home & Kitchen,Mixer Grinder,3,2895.19,15,1107.41,880.82,226.59,Mobile App,Consumer,Net Banking,Returned
ORD102306,04-Apr-25,CUST2106,West,Mumbai,Sports,Dumbbells,1,1481.83,20,177.82,122.07,55.75,Mobile App,Consumer,UPI,Returned
ORD102307,03-Jul-25,CUST2107,South,Coimbatore,Sports,Gym Bag,2,1079.3,5,2050.68,1321.4,729.28,Website,Consumer,Credit Card,Delivered
ORD102308,14-May-25,CUST2108,East,Bhubaneswar,Electronics,Wireless Headphones,3,1998.01,20,0,0,0,Mobile App,Consumer,Credit Card,Cancelled
ORD102309,23-May-25,CUST2109,North,Chandigarh,Home & Kitchen,Water Bottle,1,652.62,15,554.72,309.04,245.69,Website,Consumer,UPI,Delivered
ORD102310,15-Oct-25,CUST2110,Central,Nagpur,Clothing,T-Shirt,1,714.11,10,0,0,0,Mobile App,Consumer,Cash on Delivery,Cancelled
ORD102311,25-Apr-25,CUST2111,Central,Unknown,Home & Kitchen,Mixer Grinder,1,3395.76,15,2886.4,1708.54,1177.86,Mobile App,Consumer,Credit Card,Delivered
ORD102312,24-Oct-25,CUST2112,Central,Raipur,Beauty,Shampoo,1,546.61,10,491.95,368.58,123.37,Mobile App,Consumer,Credit Card,Delivered
ORD102313,23-Apr-24,CUST2113,South,Chennai,Clothing,Sneakers,1,2629.81,15,335.3,212.67,122.63,Website,Student,UPI,Returned
ORD102314,31-Jul-25,CUST2114,West,Surat,Home & Kitchen,Bedsheet,1,1082.72,5,154.29,117.06,37.23,Website,Corporate,Credit Card,Returned
ORD102315,26-Dec-24,CUST2115,North,Chandigarh,Beauty,Face Serum,1,768.98,15,653.63,366.82,286.81,Marketplace,Consumer,Debit Card,Delivered
ORD102316,06-Dec-24,CUST2116,North,Delhi,Electronics,Power Bank,3,1082.56,15,414.08,295.73,118.35,Website,Student,UPI,Returned
ORD102317,24-Mar-25,CUST2117,North,Delhi,Beauty,Moisturizer,4,716.04,15,2434.55,1548.18,886.37,Marketplace,Corporate,UPI,Delivered
ORD102318,28-Jun-24,CUST2118,East,Patna,Home & Kitchen,Cookware Set,1,2215.65,5,2104.87,1263.91,840.96,Website,Consumer,Credit Card,Delivered
ORD102319,02-Dec-25,CUST2119,East,Patna,Sports,Gym Bag,1,1031.68,5,0,0,0,Mobile App,Consumer,Credit Card,Cancelled
ORD102320,10-Feb-25,CUST2120,East,Patna,Clothing,T-Shirt,1,640.21,0,640.21,423.37,216.83,Website,Student,UPI,Delivered
ORD102321,27-Oct-25,CUST2121,North,Jaipur,Electronics,Smart Watch,2,2379.43,15,4045.04,2849.08,1195.96,Mobile App,Consumer,UPI,Delivered
ORD102322,14-Jul-24,CUST2122,South,Chennai,Home & Kitchen,Bedsheet,2,1075.07,5,0,0,0,Marketplace,Consumer,UPI,Cancelled
ORD102323,10-Apr-25,CUST2123,West,Pune,Electronics,Keyboard,4,1364.13,5,5183.68,3958.98,1224.7,Website,Consumer,Net Banking,Delivered
ORD102324,06-Nov-24,CUST2124,East,Bhubaneswar,Sports,Dumbbells,1,1771.61,15,225.88,141.73,84.15,Website,Consumer,UPI,Returned
ORD102325,18-Sep-24,CUST2125,West,Ahmedabad,Electronics,Smart Watch,2,2501.44,5,4752.74,3503.81,1248.93,Mobile App,Consumer,UPI,Delivered
ORD102326,22-Feb-25,CUST2126,South,Chennai,Beauty,Moisturizer,2,735.27,20,1176.43,888.59,287.84,Marketplace,Corporate,Cash on Delivery,Delivered
ORD102327,09-Feb-25,CUST2127,West,Pune,Home & Kitchen,Coffee Maker,4,2032.59,10,0,0,0,Website,Consumer,Cash on Delivery,Cancelled
ORD102328,22-May-24,CUST2128,East,Guwahati,Clothing,Hoodie,2,1859.24,25,2788.86,1756.69,1032.18,Marketplace,Consumer,Credit Card,Delivered
ORD102329,07-Dec-24,CUST2129,South,Hyderabad,Electronics,Smart Watch,1,2600.61,0,2600.61,1938.31,662.3,Mobile App,Consumer,Debit Card,Delivered
ORD102330,11-Nov-24,CUST2130,South,Chennai,Home & Kitchen,Mixer Grinder,2,3559.86,5,0,0,0,Website,Corporate,Credit Card,Cancelled
ORD102331,10-Apr-24,CUST2131,West,Pune,Home & Kitchen,Coffee Maker,3,2187.63,5,6234.74,4856.91,1377.83,Website,Student,UPI,Delivered
ORD102332,31-Aug-24,CUST2132,Central,Nagpur,Clothing,T-Shirt,1,716.64,15,609.14,386.34,222.8,Website,Consumer,Credit Card,Delivered
ORD102333,04-May-25,CUST2133,South,Coimbatore,Sports,Running Shoes,1,2713.56,5,2577.89,1697.87,880.02,Mobile App,Corporate,Credit Card,Delivered
ORD102334,12-Jan-24,CUST2134,South,Hyderabad,Clothing,T-Shirt,1,733.2,5,696.54,401.85,294.68,Mobile App,Consumer,UPI,Delivered
ORD102335,26-Aug-24,CUST2135,Central,Raipur,Clothing,T-Shirt,1,752.38,20,601.91,355.05,246.86,Website,Student,UPI,Delivered
ORD102336,14-Jul-25,CUST2136,West,Ahmedabad,Home & Kitchen,Coffee Maker,1,2221.67,0,2221.67,1387.13,834.54,Mobile App,Consumer,Cash on Delivery,Delivered
ORD102337,11-Feb-24,CUST2137,East,Kolkata,Electronics,Keyboard,5,1144.72,15,0,0,0,Mobile App,Student,UPI,Cancelled
ORD102338,08-Nov-25,CUST2138,East,Bhubaneswar,Sports,Cricket Bat,2,1868.01,15,476.34,286.81,189.53,Website,Corporate,UPI,Returned
ORD102339,16-Aug-25,CUST2139,South,Hyderabad,Clothing,Sneakers,2,2444.99,0,4889.99,3229.42,1660.57,Marketplace,Corporate,Cash on Delivery,Delivered
ORD102340,04-Mar-25,CUST2140,West,Pune,Electronics,Power Bank,2,1031.8,15,0,0,0,Marketplace,Consumer,UPI,Cancelled
ORD102341,06-Jun-24,CUST2141,South,Bengaluru,Clothing,T-Shirt,3,654.61,10,1767.43,1066.91,700.53,Website,Corporate,UPI,Delivered
ORD102342,03-Aug-24,CUST2142,Central,Nagpur,Home & Kitchen,Cookware Set,4,2691.12,5,1533.94,876.99,656.95,Marketplace,Consumer,Cash on Delivery,Returned
ORD102343,31-Oct-25,CUST2143,East,Kolkata,Home & Kitchen,Mixer Grinder,2,3135.31,5,0,0,0,Marketplace,Consumer,UPI,Cancelled
ORD102344,06-Apr-25,CUST2144,East,Patna,Beauty,Lipstick,1,429.92,15,365.43,274.53,90.9,Website,Corporate,Credit Card,Delivered
ORD102345,13-May-24,CUST2145,East,Kolkata,Electronics,Smart Watch,1,2659.88,5,379.03,260.67,118.36,Website,Student,Debit Card,Returned
ORD102346,07-Mar-24,CUST2146,Central,Indore,Clothing,Jeans,1,1534.89,10,1381.4,1112.91,268.49,Mobile App,Consumer,UPI,Delivered
ORD102347,07-Jan-24,CUST2147,West,Surat,Beauty,Face Serum,1,852.16,15,724.33,425.74,298.59,Marketplace,Consumer,UPI,Delivered
ORD102348,09-Jun-25,CUST2148,East,Guwahati,Electronics,Wireless Headphones,1,1887.46,0,0,0,0,Marketplace,Corporate,Credit Card,Cancelled
ORD102349,13-Mar-24,CUST2149,West,Mumbai,Sports,Gym Bag,2,1024.86,20,0,0,0,Website,Corporate,Debit Card,Cancelled
ORD102350,02-Feb-25,CUST2150,East,Guwahati,Electronics,Power Bank,2,869.04,5,247.68,137.09,110.59,Website,Consumer,Credit Card,Returned
ORD102351,08-Feb-25,CUST2151,East,Kolkata,Beauty,Lipstick,1,439.21,5,417.25,335.77,81.48,Mobile App,Student,UPI,Delivered
ORD102352,05-Nov-25,CUST2152,South,Chennai,Clothing,Jeans,4,1600.02,15,0,0,0,Website,Student,UPI,Cancelled
ORD102353,31-Jul-25,CUST2153,East,Bhubaneswar,Home & Kitchen,Coffee Maker,1,2048.12,0,0,0,0,Website,Consumer,UPI,Cancelled
ORD102354,09-May-24,CUST2154,South,Coimbatore,Electronics,Power Bank,2,1118.31,10,301.94,178.94,123.01,Mobile App,Consumer,Cash on Delivery,Returned
ORD102355,10-Apr-25,CUST2155,Central,Nagpur,Electronics,Smart Watch,2,2635.86,20,4217.37,3313.29,904.08,Mobile App,Student,UPI,Delivered
ORD102356,24-Jul-24,CUST2156,South,Chennai,Electronics,Wireless Headphones,2,2023.61,5,576.73,425.06,151.67,Website,Consumer,Cash on Delivery,Returned
ORD102357,22-Sep-24,CUST2157,Central,Indore,Electronics,Smart Watch,1,2787.83,5,397.27,264.76,132.5,Marketplace,Consumer,UPI,Returned
ORD102358,20-Jun-25,CUST2158,East,Kolkata,Clothing,Hoodie,3,1682.79,5,719.39,566.2,153.19,Website,Consumer,UPI,Returned
ORD102359,09-Sep-24,CUST2159,West,Mumbai,Home & Kitchen,Cookware Set,1,2235.9,15,1900.51,1509.91,390.61,Mobile App,Student,Credit Card,Delivered
ORD102360,15-Oct-24,CUST2160,East,Kolkata,Home & Kitchen,Cookware Set,2,2621.61,0,5243.22,2953.82,2289.4,Mobile App,Student,UPI,Delivered
ORD102361,12-Jun-24,CUST2161,North,Jaipur,Beauty,Moisturizer,1,646.63,5,614.3,357.66,256.64,Website,Corporate,Credit Card,Delivered
ORD102362,04-Apr-24,CUST2162,South,Chennai,Home & Kitchen,Bedsheet,2,1108.37,10,0,0,0,Mobile App,Consumer,Cash on Delivery,Cancelled
ORD102363,19-Apr-24,CUST2163,North,Delhi,Home & Kitchen,Water Bottle,1,668.95,10,90.31,63.85,26.45,Marketplace,Corporate,Net Banking,Returned
ORD102364,01-Dec-24,CUST2164,West,Ahmedabad,Clothing,T-Shirt,3,768.99,0,0,0,0,Mobile App,Consumer,UPI,Cancelled
ORD102365,25-Aug-24,CUST2165,East,Kolkata,Clothing,Sneakers,1,2761.61,20,2209.29,1719.11,490.17,Mobile App,Consumer,UPI,Delivered
ORD102366,15-Jan-25,CUST2166,West,Ahmedabad,Clothing,Jeans,3,1523.32,5,0,0,0,Website,Corporate,Net Banking,Cancelled
ORD102367,11-Mar-25,CUST2167,South,Chennai,Beauty,Face Serum,3,828.46,10,2236.84,1736.2,500.65,Website,Consumer,Cash on Delivery,Delivered
ORD102368,27-Apr-25,CUST2168,North,Lucknow,Electronics,Smart Watch,1,2187.74,0,2187.74,1531.45,656.29,Mobile App,Consumer,UPI,Delivered
ORD102369,25-Jan-24,CUST2169,South,Coimbatore,Electronics,Wireless Headphones,1,2110.99,20,1688.79,1291.87,396.92,Marketplace,Consumer,Cash on Delivery,Delivered
ORD102370,14-Oct-25,CUST2170,Central,Indore,Home & Kitchen,Mixer Grinder,2,2984.13,5,5669.85,3687.68,1982.18,Mobile App,Corporate,Debit Card,Delivered
ORD102371,26-Apr-24,CUST2171,West,Surat,Electronics,Smart Watch,1,2691.14,0,2691.14,2167.06,524.08,Website,Consumer,UPI,Delivered
ORD102372,26-Apr-25,CUST2172,South,Chennai,Sports,Running Shoes,1,3327.73,5,3161.34,2308.2,853.14,Mobile App,Corporate,Cash on Delivery,Delivered
ORD102373,26-Jan-25,CUST2173,East,Guwahati,Sports,Yoga Mat,1,815.7,25,611.78,434.84,176.94,Website,Consumer,UPI,Delivered
ORD102374,20-Jun-25,CUST2174,North,Chandigarh,Electronics,Power Bank,2,870.2,0,1740.39,1122.79,617.6,Mobile App,Consumer,Credit Card,Delivered
ORD102375,19-Mar-24,CUST2175,Central,Nagpur,Electronics,Smart Watch,1,2450.65,0,367.6,295.19,72.4,Website,Consumer,Credit Card,Returned
ORD102376,02-Aug-25,CUST2176,West,Pune,Home & Kitchen,Bedsheet,1,1062.65,10,0,0,0,Mobile App,Consumer,UPI,Cancelled
ORD102377,21-Jun-24,CUST2177,South,Chennai,Home & Kitchen,Bedsheet,2,1057.01,5,0,0,0,Mobile App,Corporate,Credit Card,Cancelled
ORD102378,12-Jan-24,CUST2178,East,Kolkata,Clothing,T-Shirt,1,725.66,15,616.81,406.58,210.23,Website,Consumer,Debit Card,Delivered
ORD102379,07-May-24,CUST2179,North,Lucknow,Beauty,Lipstick,1,534.72,15,68.18,51.62,16.56,Marketplace,Consumer,UPI,Returned
ORD102380,30-Aug-25,CUST2180,Central,Raipur,Home & Kitchen,Mixer Grinder,4,2960.02,5,11248.07,8955.79,2292.28,Website,Student,UPI,Delivered
ORD102381,01-Apr-24,CUST2181,North,Lucknow,Clothing,T-Shirt,2,717.19,10,1290.94,872.31,418.63,Website,Consumer,Credit Card,Delivered
ORD102382,14-Oct-25,CUST2182,West,Surat,Electronics,Power Bank,1,1012.52,0,151.88,105.11,46.77,Mobile App,Consumer,Net Banking,Returned
ORD102383,26-Jun-25,CUST2183,South,Chennai,Beauty,Moisturizer,1,623.11,10,84.12,53.77,30.35,Marketplace,Consumer,Cash on Delivery,Returned
ORD102384,15-Jun-25,CUST2184,West,Ahmedabad,Electronics,Keyboard,2,1249.5,15,0,0,0,Website,Consumer,UPI,Cancelled
ORD102385,19-Oct-25,CUST2185,West,Surat,Beauty,Lipstick,1,539.01,10,485.11,352.27,132.84,Marketplace,Consumer,Credit Card,Delivered
ORD102386,22-Mar-25,CUST2186,West,Ahmedabad,Clothing,Dress,4,1778.71,0,7114.82,4142.99,2971.84,Mobile App,Consumer,UPI,Delivered
ORD102387,24-Jan-25,CUST2187,West,Pune,Home & Kitchen,Water Bottle,2,616.77,0,1233.54,796.37,437.17,Mobile App,Corporate,UPI,Delivered
ORD102388,02-Nov-25,CUST2188,Central,Nagpur,Sports,Gym Bag,5,1317.61,20,5270.44,3396.08,1874.36,Marketplace,Consumer,Credit Card,Delivered
ORD102389,12-Feb-24,CUST2189,North,Delhi,Sports,Yoga Mat,3,796.2,20,1910.89,1128.9,781.99,Mobile App,Corporate,UPI,Delivered
ORD102390,10-Sep-24,CUST2190,South,Bengaluru,Clothing,T-Shirt,2,778.17,5,0,0,0,Mobile App,Consumer,Cash on Delivery,Cancelled
ORD102391,09-May-24,CUST2191,South,Chennai,Electronics,Bluetooth Speaker,2,1287.71,0,2575.42,1537.89,1037.53,Mobile App,Corporate,Cash on Delivery,Delivered
ORD102392,29-Feb-24,CUST2192,Central,Bhopal,Beauty,Shampoo,3,495.19,25,1114.17,846.94,267.23,Mobile App,Consumer,Credit Card,Delivered
ORD102393,24-Oct-25,CUST2193,South,Bengaluru,Clothing,Jeans,2,1391.93,10,2505.47,1546.64,958.83,Website,Consumer,Credit Card,Delivered
ORD102394,11-Apr-25,CUST2194,West,Ahmedabad,Electronics,Wireless Headphones,1,2138.44,10,1924.6,1207.81,716.78,Mobile App,Corporate,Cash on Delivery,Delivered
ORD102395,13-Oct-24,CUST2195,West,Ahmedabad,Sports,Gym Bag,1,1089.58,15,138.92,89.3,49.62,Mobile App,Corporate,UPI,Returned
ORD102396,31-May-25,CUST2196,South,Coimbatore,Electronics,Smart Watch,1,2131.93,0,2131.93,1260.49,871.44,Mobile App,Student,UPI,Delivered
ORD102397,11-Apr-25,CUST2197,South,Coimbatore,Electronics,Power Bank,2,960.98,10,0,0,0,Website,Consumer,UPI,Cancelled
ORD102398,10-Dec-24,CUST2198,South,Hyderabad,Electronics,Wireless Headphones,2,1733.75,20,0,0,0,Mobile App,Consumer,UPI,Cancelled
ORD102399,03-Oct-25,CUST2199,South,Bengaluru,Home & Kitchen,Bedsheet,5,927.4,0,0,0,0,Website,Consumer,Net Banking,Cancelled
ORD102400,16-Jan-25,CUST2200,South,Hyderabad,Home & Kitchen,Mixer Grinder,2,3377.56,15,5741.84,3684.98,2056.86,Marketplace,Student,UPI,Delivered
ORD102401,20-Nov-25,CUST1001,North,Chandigarh,Clothing,T-Shirt,3,649.77,10,1754.38,1125.14,629.24,Website,Consumer,UPI,Delivered
ORD102402,09-Sep-24,CUST1002,Central,Bhopal,Clothing,T-Shirt,1,640.54,25,480.4,349.92,130.49,Mobile App,Student,Cash on Delivery,Delivered
ORD102403,25-Feb-24,CUST1003,Central,Raipur,Clothing,T-Shirt,1,623.5,5,88.85,67.31,21.53,Website,Corporate,Debit Card,Returned
ORD102404,07-Apr-25,CUST1004,South,Bengaluru,Beauty,Moisturizer,4,619.66,20,1982.92,1281.2,701.71,Mobile App,Student,Debit Card,Delivered
ORD102405,01-Apr-25,CUST1005,South,Coimbatore,Electronics,Bluetooth Speaker,2,1486.98,5,2825.26,1753.76,1071.5,Mobile App,Consumer,UPI,Delivered
ORD102406,23-Mar-24,CUST1006,North,Chandigarh,Sports,Yoga Mat,2,929.57,10,0,0,0,Mobile App,Consumer,UPI,Cancelled
ORD102407,08-Apr-24,CUST1007,West,Surat,Electronics,Power Bank,1,971.27,5,138.41,105.56,32.85,Website,Consumer,Net Banking,Returned
ORD102408,28-May-24,CUST1008,Central,Indore,Sports,Running Shoes,2,2649.24,20,0,0,0,Marketplace,Consumer,UPI,Cancelled
ORD102409,24-Nov-24,CUST1009,North,Chandigarh,Electronics,Wireless Headphones,3,2048.76,5,5838.98,3271.35,2567.63,Website,Student,Cash on Delivery,Delivered
ORD102410,04-Jun-24,CUST1010,North,Lucknow,Beauty,Moisturizer,1,699.3,20,559.44,380.18,179.25,Marketplace,Consumer,Cash on Delivery,Delivered
ORD102411,08-Jul-24,CUST1011,West,Surat,Electronics,Keyboard,2,1237.87,10,2228.17,1821.67,406.51,Mobile App,Consumer,Credit Card,Delivered
ORD102412,08-May-25,CUST1012,West,Mumbai,Electronics,Smart Watch,1,2346.84,15,1994.82,1287.34,707.47,Website,Consumer,Cash on Delivery,Delivered
ORD102413,19-Sep-24,CUST1013,North,Chandigarh,Sports,Dumbbells,1,1438.22,5,1366.31,914.05,452.26,Mobile App,Consumer,UPI,Delivered
ORD102414,20-Mar-24,CUST1014,West,Mumbai,Sports,Yoga Mat,3,799.66,0,2398.98,1505.6,893.38,Mobile App,Corporate,Cash on Delivery,Delivered
ORD102415,03-Feb-25,CUST1015,South,Coimbatore,Clothing,T-Shirt,1,658.09,10,592.28,405.34,186.94,Mobile App,Consumer,Credit Card,Delivered
ORD102416,31-Aug-25,CUST1016,South,Coimbatore,Beauty,Moisturizer,1,602.01,10,541.81,321.53,220.27,Website,Consumer,UPI,Delivered
ORD102417,16-Sep-24,CUST1017,West,Surat,Home & Kitchen,Bedsheet,3,966.92,5,0,0,0,Marketplace,Consumer,Debit Card,Cancelled
ORD102418,06-Sep-25,CUST1018,West,Surat,Sports,Gym Bag,2,1213.9,15,2063.63,1531.56,532.07,Mobile App,Consumer,Cash on Delivery,Delivered
ORD102419,05-Jul-25,CUST1019,South,Coimbatore,Clothing,Jeans,1,1655.27,0,248.29,145.83,102.46,Website,Student,Credit Card,Returned
ORD102420,10-Apr-24,CUST1020,Central,Bhopal,Home & Kitchen,Bedsheet,4,1017.95,10,549.7,439.79,109.91,Mobile App,Consumer,Debit Card,Returned
ORD102421,24-Dec-24,CUST1021,South,Coimbatore,Home & Kitchen,Mixer Grinder,1,3360.03,5,3192.03,2021.03,1171,Website,Consumer,Debit Card,Delivered
ORD102422,14-Jan-25,CUST1022,West,Pune,Clothing,Sneakers,5,2376.78,0,11883.89,8381.2,3502.7,Website,Corporate,Debit Card,Delivered
ORD102423,08-Aug-24,CUST1023,East,Kolkata,Sports,Gym Bag,2,1062.31,20,1699.69,1082.53,617.17,Website,Consumer,Credit Card,Delivered
ORD102424,23-Feb-25,CUST1024,Central,Indore,Electronics,Power Bank,1,969.7,10,872.73,592.64,280.09,Marketplace,Consumer,Debit Card,Delivered
ORD102425,03-May-24,CUST1025,Central,Raipur,Electronics,Smart Watch,1,2528.09,15,322.33,255.94,66.39,Website,Student,Credit Card,Returned
ORD102426,25-Feb-25,CUST1026,North,Chandigarh,Home & Kitchen,Bedsheet,1,1044.44,0,1044.44,593.78,450.66,Mobile App,Consumer,Credit Card,Delivered
ORD102427,18-Aug-24,CUST1027,Central,Indore,Home & Kitchen,Cookware Set,1,2681.54,0,2681.54,2094.85,586.69,Website,Consumer,UPI,Delivered
ORD102428,20-Nov-25,CUST1028,Central,Raipur,Electronics,Power Bank,2,918.18,10,247.91,173.67,74.24,Website,Consumer,Cash on Delivery,Returned
ORD102429,03-Mar-24,CUST1029,West,Ahmedabad,Clothing,T-Shirt,1,639.68,5,0,0,0,Website,Consumer,Credit Card,Cancelled
ORD102430,29-Apr-25,CUST1030,South,Coimbatore,Sports,Cricket Bat,1,2004.26,0,2004.26,1132.59,871.67,Marketplace,Corporate,UPI,Delivered
ORD102431,19-Sep-25,CUST1031,West,Ahmedabad,Electronics,Keyboard,2,1302.67,5,2475.07,1870.11,604.96,Website,Consumer,UPI,Delivered
ORD102432,03-Dec-25,CUST1032,Central,Indore,Home & Kitchen,Bedsheet,1,907.94,5,0,0,0,Website,Consumer,UPI,Cancelled
ORD102433,27-Jul-25,CUST1033,South,Coimbatore,Beauty,Sunscreen,2,604.16,5,1147.91,930.38,217.53,Website,Corporate,UPI,Delivered
ORD102434,27-Apr-25,CUST1034,Central,Nagpur,Clothing,Sneakers,1,2357.52,20,1886.02,1444.33,441.69,Website,Consumer,Credit Card,Delivered
ORD102435,02-Jun-25,CUST1035,North,Jaipur,Sports,Gym Bag,2,1226.12,10,2207.01,1507.55,699.46,Marketplace,Corporate,Cash on Delivery,Delivered
ORD102436,03-Jun-24,CUST1036,North,Chandigarh,Beauty,Sunscreen,2,556.22,15,0,0,0,Marketplace,Consumer,UPI,Cancelled
ORD102437,01-Apr-24,CUST1037,East,Patna,Clothing,Dress,3,1614.86,0,726.69,432.85,293.84,Website,Consumer,Net Banking,Returned
ORD102438,09-Jun-25,CUST1038,East,Bhubaneswar,Home & Kitchen,Cookware Set,1,2642.55,15,336.93,275.52,61.4,Website,Student,UPI,Returned
ORD102439,30-Mar-25,CUST1039,West,Surat,Beauty,Moisturizer,1,779.14,5,0,0,0,Mobile App,Corporate,Debit Card,Cancelled
ORD102440,20-Aug-25,CUST1040,North,Lucknow,Home & Kitchen,Bedsheet,1,1094.89,5,1040.15,599.71,440.44,Website,Consumer,Debit Card,Delivered
ORD102441,06-Oct-25,CUST1041,Central,Nagpur,Sports,Yoga Mat,1,886.37,0,0,0,0,Marketplace,Corporate,Debit Card,Cancelled
ORD102442,24-May-25,CUST1042,North,Chandigarh,Clothing,Dress,1,1569.98,10,211.95,157.25,54.7,Website,Corporate,UPI,Returned
ORD102443,01-Jul-24,CUST1043,North,Jaipur,Clothing,T-Shirt,2,676.76,20,0,0,0,Mobile App,Student,Debit Card,Cancelled
ORD102444,20-Jan-25,CUST1044,North,Jaipur,Electronics,Wireless Headphones,2,1714.13,5,3256.84,2164.06,1092.78,Website,Corporate,Credit Card,Delivered
ORD102445,27-Jul-25,CUST1045,East,Patna,Electronics,Smart Watch,3,2236.12,20,5366.7,3311.25,2055.45,Marketplace,Corporate,UPI,Delivered
ORD102446,31-Dec-25,CUST1046,Central,Bhopal,Electronics,Smart Watch,1,2164.09,20,259.69,159.53,100.16,Website,Consumer,UPI,Returned
ORD102447,08-Feb-25,CUST1047,West,Pune,Sports,Gym Bag,2,1244.58,0,2489.16,1992.02,497.14,Website,Consumer,UPI,Delivered
ORD102448,02-Sep-24,CUST1048,Central,Indore,Home & Kitchen,Mixer Grinder,5,3172.23,5,15068.09,9242.47,5825.63,Mobile App,Consumer,UPI,Delivered
ORD102449,13-Aug-25,CUST1049,North,Chandigarh,Home & Kitchen,Bedsheet,2,866.35,20,1386.16,1122.58,263.58,Website,Corporate,Debit Card,Delivered
ORD102450,22-Oct-25,CUST1050,East,Kolkata,Home & Kitchen,Mixer Grinder,2,3419.27,0,6838.53,4149.35,2689.18,Website,Consumer,Net Banking,Delivered
ORD102451,11-Oct-25,CUST1051,East,Kolkata,Beauty,Sunscreen,5,613.37,15,391.03,255.64,135.39,Website,Consumer,UPI,Returned
ORD102452,15-Apr-25,CUST1052,East,Patna,Home & Kitchen,Mixer Grinder,5,3445.44,20,13781.77,7625.83,6155.94,Marketplace,Student,UPI,Delivered
ORD102453,26-Feb-25,CUST1053,North,Chandigarh,Sports,Cricket Bat,1,2022.9,15,1719.46,1364.99,354.47,Website,Consumer,UPI,Delivered
ORD102454,05-Mar-24,CUST1054,West,Surat,Clothing,Sneakers,2,2233.15,15,0,0,0,Website,Consumer,Debit Card,Cancelled
ORD102455,13-Jan-24,CUST1055,East,Bhubaneswar,Sports,Dumbbells,2,1385.65,15,2355.61,1522.85,832.76,Marketplace,Consumer,Cash on Delivery,Delivered
ORD102456,31-Jul-24,CUST1056,West,Ahmedabad,Beauty,Lipstick,2,534.24,15,908.21,706.12,202.1,Marketplace,Consumer,UPI,Delivered
ORD102457,29-Aug-24,CUST1057,East,Bhubaneswar,Clothing,T-Shirt,4,634.88,10,0,0,0,Mobile App,Corporate,Cash on Delivery,Cancelled
ORD102458,07-May-25,CUST1058,North,Delhi,Home & Kitchen,Cookware Set,1,2490.21,0,2490.21,1935.4,554.81,Mobile App,Consumer,UPI,Delivered
ORD102459,31-Jul-24,CUST1059,West,Surat,Home & Kitchen,Water Bottle,3,587.62,15,0,0,0,Marketplace,Consumer,UPI,Cancelled
ORD102460,23-Nov-25,CUST1060,North,Lucknow,Electronics,Power Bank,2,1097.59,20,1756.14,1397.87,358.27,Website,Consumer,UPI,Delivered
ORD102461,03-Dec-24,CUST1061,Central,Indore,Home & Kitchen,Water Bottle,1,598.5,10,538.65,408.31,130.33,Mobile App,Student,UPI,Delivered
ORD102462,21-Jun-24,CUST1062,West,Pune,Clothing,Dress,3,1609.56,10,4345.81,3073.6,1272.22,Website,Consumer,UPI,Delivered
ORD102463,02-Nov-25,CUST1063,North,Delhi,Electronics,Power Bank,1,935.33,10,841.8,590.62,251.18,Website,Student,Credit Card,Delivered
ORD102464,12-Jun-24,CUST1064,Central,Raipur,Sports,Running Shoes,1,3325.43,20,2660.35,1472.47,1187.88,Website,Corporate,Debit Card,Delivered
ORD102465,09-Apr-25,CUST1065,East,Kolkata,Home & Kitchen,Water Bottle,5,608.19,0,3040.95,2265.79,775.16,Mobile App,Consumer,UPI,Delivered
ORD102466,11-May-25,CUST1066,North,Jaipur,Sports,Yoga Mat,1,765.36,10,688.82,421.01,267.81,Marketplace,Consumer,UPI,Delivered
ORD102467,30-Nov-25,CUST1067,West,Surat,Home & Kitchen,Cookware Set,2,2499.36,20,3998.97,3094.2,904.77,Mobile App,Corporate,UPI,Delivered
ORD102468,29-Jan-25,CUST1068,South,Hyderabad,Clothing,Jeans,3,1421.42,0,0,0,0,Website,Corporate,Cash on Delivery,Cancelled
ORD102469,03-Dec-25,CUST1069,West,Mumbai,Home & Kitchen,Cookware Set,4,2145.82,25,965.62,788.48,177.14,Mobile App,Consumer,UPI,Returned
ORD102470,03-Nov-24,CUST1070,West,Surat,Home & Kitchen,Bedsheet,3,965.55,25,2172.49,1318.21,854.28,Mobile App,Consumer,UPI,Delivered
ORD102471,01-Jul-24,CUST1071,Central,Bhopal,Sports,Yoga Mat,2,951.92,20,0,0,0,Mobile App,Corporate,UPI,Cancelled
ORD102472,20-Sep-25,CUST1072,East,Guwahati,Clothing,Hoodie,2,1773.86,10,3192.94,2228.14,964.8,Mobile App,Corporate,UPI,Delivered
ORD102473,24-May-25,CUST1073,East,Guwahati,Sports,Gym Bag,1,1226.16,5,1164.85,933.73,231.12,Website,Consumer,Credit Card,Delivered
ORD102474,08-Dec-25,CUST1074,West,Ahmedabad,Sports,Gym Bag,1,1226.25,15,1042.32,648.13,394.18,Mobile App,Consumer,UPI,Delivered
ORD102475,29-Jun-25,CUST1075,North,Chandigarh,Home & Kitchen,Bedsheet,4,1030.14,5,0,0,0,Website,Corporate,UPI,Cancelled
ORD102476,17-Jul-25,CUST1076,East,Bhubaneswar,Sports,Dumbbells,2,1526.49,0,3052.97,2127.45,925.53,Mobile App,Corporate,Cash on Delivery,Delivered
ORD102477,15-Sep-25,CUST1077,East,Patna,Clothing,Dress,1,1518.89,20,1215.11,839.44,375.67,Marketplace,Consumer,Net Banking,Delivered
ORD102478,16-Aug-25,CUST1078,North,Delhi,Sports,Running Shoes,1,2552.86,10,2297.58,1457.03,840.54,Website,Consumer,Cash on Delivery,Delivered
ORD102479,14-Aug-24,CUST1079,South,Coimbatore,Beauty,Face Serum,4,712.42,5,2707.2,2210.06,497.14,Website,Student,Net Banking,Delivered
ORD102480,11-Mar-25,CUST1080,Central,Bhopal,Electronics,Power Bank,3,1105.61,0,3316.84,1886.69,1430.15,Marketplace,Corporate,Debit Card,Delivered
ORD102481,25-Feb-25,CUST1081,Central,Bhopal,Sports,Dumbbells,2,1722.85,15,2928.84,2061.23,867.61,Marketplace,Consumer,Net Banking,Delivered
ORD102482,07-Jul-25,CUST1082,North,Jaipur,Home & Kitchen,Mixer Grinder,2,3049.2,20,0,0,0,Website,Consumer,Credit Card,Cancelled
ORD102483,21-Jan-24,CUST1083,North,Delhi,Clothing,Sneakers,1,2394.85,10,2155.36,1186.56,968.8,Website,Consumer,Debit Card,Delivered
ORD102484,07-Jul-25,CUST1084,South,Bengaluru,Home & Kitchen,Cookware Set,3,2758.34,0,8275.03,6758.38,1516.65,Website,Corporate,Net Banking,Delivered
ORD102485,31-Jan-25,CUST1085,Central,Indore,Electronics,Bluetooth Speaker,2,1375.51,10,2475.92,1683.71,792.21,Website,Consumer,Debit Card,Delivered
ORD102486,16-Sep-25,CUST1086,North,Delhi,Clothing,Jeans,2,1489.68,5,2830.4,2211.79,618.61,Marketplace,Student,Net Banking,Delivered
ORD102487,14-Apr-24,CUST1087,West,Mumbai,Beauty,Sunscreen,1,512.72,0,76.91,59.74,17.16,Website,Consumer,UPI,Returned
ORD102488,10-Jul-24,CUST1088,North,Chandigarh,Electronics,Wireless Headphones,1,2033.64,10,0,0,0,Mobile App,Consumer,UPI,Cancelled
ORD102489,17-Jan-24,CUST1089,West,Surat,Clothing,T-Shirt,1,769.68,10,692.71,466.84,225.87,Marketplace,Corporate,UPI,Delivered
ORD102490,29-Apr-24,CUST1090,South,Chennai,Electronics,Keyboard,4,1414.46,10,5092.04,4032.39,1059.65,Website,Consumer,Credit Card,Delivered
ORD102491,27-Jan-25,CUST1091,West,Pune,Clothing,Jeans,4,1477.31,15,5022.86,3260.66,1762.2,Website,Corporate,Cash on Delivery,Delivered
ORD102492,28-Feb-25,CUST1092,South,Bengaluru,Beauty,Face Serum,3,819.3,10,2212.1,1460.57,751.53,Marketplace,Corporate,Cash on Delivery,Delivered
ORD102493,08-May-24,CUST1093,West,Mumbai,Beauty,Lipstick,4,500.92,20,0,0,0,Mobile App,Consumer,Debit Card,Cancelled
ORD102494,09-May-24,CUST1094,South,Chennai,Sports,Cricket Bat,2,1735.3,15,2950.01,1979.4,970.6,Website,Student,UPI,Delivered
ORD102495,25-Jul-25,CUST1095,West,Mumbai,Home & Kitchen,Mixer Grinder,1,2945.53,15,2503.7,2043.91,459.79,Mobile App,Corporate,UPI,Delivered
ORD102496,13-Jul-25,CUST1096,Central,Raipur,Clothing,Dress,3,1775.26,0,5325.78,3753.47,1572.3,Marketplace,Consumer,Credit Card,Delivered
ORD102497,29-Jan-24,CUST1097,North,Jaipur,Sports,Running Shoes,1,2756.42,20,2205.13,1707.65,497.49,Website,Consumer,Credit Card,Delivered
ORD102498,06-Apr-24,CUST1098,Central,Bhopal,Beauty,Moisturizer,1,666.71,20,0,0,0,Website,Corporate,UPI,Cancelled
ORD102499,10-Jan-24,CUST1099,East,Guwahati,Home & Kitchen,Mixer Grinder,1,3257.48,5,0,0,0,Website,Consumer,UPI,Cancelled
ORD102500,29-Aug-24,CUST1100,North,Delhi,Beauty,Sunscreen,1,667.51,10,600.75,332.55,268.2,Marketplace,Consumer,Debit Card,Delivered
ORD102501,19-Aug-24,CUST1101,South,Chennai,Sports,Cricket Bat,2,2071.56,5,3935.96,3153.36,782.6,Website,Consumer,Cash on Delivery,Delivered
ORD102502,10-Oct-24,CUST1102,North,Jaipur,Beauty,Shampoo,1,508.98,0,508.98,403.34,105.63,Website,Consumer,UPI,Delivered
ORD102503,15-Dec-25,CUST1103,West,Surat,Clothing,Jeans,1,1486.39,10,200.66,114.01,86.65,Website,Student,Credit Card,Returned
ORD102504,26-Dec-25,CUST1104,West,Ahmedabad,Beauty,Shampoo,2,518.55,0,1037.1,739.78,297.33,Marketplace,Consumer,Debit Card,Delivered
ORD102505,18-Jul-24,CUST1105,North,Jaipur,Electronics,Wireless Headphones,3,2057.54,5,5863.99,4468.45,1395.54,Website,Consumer,Credit Card,Delivered
ORD102506,19-Mar-24,CUST1106,East,Patna,Clothing,Dress,2,1748.93,10,3148.08,2074.67,1073.41,Mobile App,Consumer,Net Banking,Delivered
ORD102507,21-Jun-24,CUST1107,West,Surat,Clothing,T-Shirt,1,696.41,20,557.13,320.24,236.89,Website,Consumer,UPI,Delivered
ORD102508,11-Apr-25,CUST1108,Central,Raipur,Electronics,Smart Watch,1,2408.55,15,0,0,0,Mobile App,Consumer,Cash on Delivery,Cancelled
ORD102509,03-Aug-25,CUST1109,East,Patna,Electronics,Bluetooth Speaker,2,1600.83,25,0,0,0,Mobile App,Student,UPI,Cancelled
ORD102510,19-Feb-25,CUST1110,Central,Raipur,Electronics,Bluetooth Speaker,2,1597.85,10,2876.12,1786.3,1089.83,Website,Consumer,Debit Card,Delivered
ORD102511,24-Mar-25,CUST1111,East,Bhubaneswar,Home & Kitchen,Cookware Set,1,2238.74,10,2014.87,1146.72,868.14,Website,Student,UPI,Delivered
ORD102512,27-Mar-24,CUST1112,South,Chennai,Beauty,Face Serum,4,730.23,15,2482.79,1794.68,688.11,Website,Consumer,Net Banking,Delivered
ORD102513,10-Apr-24,CUST1113,Central,Nagpur,Sports,Yoga Mat,1,996.84,15,127.1,71.36,55.74,Website,Consumer,UPI,Returned
ORD102514,08-Jan-24,CUST1114,East,Kolkata,Clothing,Jeans,1,1453.89,5,0,0,0,Mobile App,Corporate,Credit Card,Cancelled
ORD102515,18-Jul-24,CUST1115,East,Patna,Home & Kitchen,Bedsheet,1,989.32,5,939.85,712.5,227.35,Website,Consumer,Cash on Delivery,Delivered
ORD102516,19-May-25,CUST1116,East,Kolkata,Sports,Running Shoes,1,2800.3,20,2240.24,1427.47,812.77,Mobile App,Consumer,Credit Card,Delivered
ORD102517,27-Mar-24,CUST1117,Central,Bhopal,Electronics,Smart Watch,5,2448.74,0,12243.72,8295.33,3948.38,Website,Corporate,Cash on Delivery,Delivered
ORD102518,12-Feb-24,CUST1118,Central,Indore,Beauty,Shampoo,1,524.3,5,0,0,0,Website,Consumer,Net Banking,Cancelled
ORD102519,19-Jan-25,CUST1119,South,Chennai,Beauty,Sunscreen,1,587.16,10,528.44,427.49,100.95,Website,Consumer,UPI,Delivered
ORD102520,12-Sep-25,CUST1120,South,Bengaluru,Electronics,Bluetooth Speaker,1,1401.55,20,1121.24,774.15,347.09,Website,Corporate,Credit Card,Delivered
ORD102521,10-Mar-25,CUST1121,East,Kolkata,Sports,Running Shoes,2,2626.88,0,5253.77,4303.38,950.39,Website,Student,Debit Card,Delivered
ORD102522,11-Feb-25,CUST1122,East,Guwahati,Beauty,Lipstick,1,549.21,15,466.83,297.74,169.1,Mobile App,Consumer,Cash on Delivery,Delivered
ORD102523,27-Apr-25,CUST1123,South,Chennai,Electronics,Smart Watch,1,2712.28,0,0,0,0,Website,Consumer,UPI,Cancelled
ORD102524,25-Oct-25,CUST1124,West,Mumbai,Electronics,Smart Watch,1,2658.11,10,2392.3,1390.44,1001.86,Marketplace,Corporate,Credit Card,Delivered
ORD102525,17-Jan-24,CUST1125,East,Guwahati,Electronics,Keyboard,2,1347.58,10,2425.65,1698.53,727.12,Marketplace,Corporate,UPI,Delivered
ORD102526,06-Oct-25,CUST1126,South,Hyderabad,Clothing,T-Shirt,3,691.44,0,2074.33,1441.25,633.07,Marketplace,Consumer,Debit Card,Delivered
ORD102527,27-May-24,CUST1127,North,Lucknow,Home & Kitchen,Bedsheet,2,1091.2,25,1636.81,1275.37,361.44,Marketplace,Consumer,UPI,Delivered
ORD102528,03-Oct-24,CUST1128,South,Hyderabad,Home & Kitchen,Cookware Set,2,2658.33,15,4519.17,3701.51,817.66,Marketplace,Consumer,UPI,Delivered
ORD102529,19-Aug-24,CUST1129,Central,Raipur,Clothing,Dress,1,1711.45,5,1625.87,1327.15,298.72,Website,Consumer,Debit Card,Delivered
ORD102530,31-Dec-24,CUST1130,South,Bengaluru,Sports,Yoga Mat,3,839.29,0,2517.86,1545.47,972.39,Website,Corporate,Cash on Delivery,Delivered
ORD102531,15-Aug-24,CUST1131,North,Lucknow,Clothing,Jeans,1,1445.54,5,1373.26,880.78,492.48,Mobile App,Consumer,UPI,Delivered
ORD102532,12-Oct-25,CUST1132,East,Kolkata,Electronics,Wireless Headphones,1,2080.63,20,1664.51,1038.91,625.59,Website,Consumer,Credit Card,Delivered
ORD102533,11-Mar-25,CUST1133,South,Coimbatore,Clothing,Dress,2,1519.35,0,3038.7,1835.11,1203.59,Marketplace,Consumer,Debit Card,Delivered
ORD102534,02-Feb-25,CUST1134,North,Lucknow,Home & Kitchen,Coffee Maker,2,2162.44,5,4108.63,2426.3,1682.33,Website,Consumer,Debit Card,Delivered
ORD102535,29-Jul-24,CUST1135,South,Hyderabad,Clothing,T-Shirt,1,716.17,10,644.55,443.56,200.99,Mobile App,Student,Debit Card,Delivered
ORD102536,25-Jan-25,CUST1136,East,Kolkata,Clothing,Sneakers,1,2419.52,0,0,0,0,Mobile App,Consumer,UPI,Cancelled
ORD102537,13-May-25,CUST1137,East,Guwahati,Electronics,Bluetooth Speaker,1,1595.12,5,0,0,0,Marketplace,Consumer,Credit Card,Cancelled
ORD102538,23-Jun-25,CUST1138,South,Bengaluru,Beauty,Shampoo,3,439.82,10,0,0,0,Mobile App,Student,UPI,Cancelled
ORD102539,16-Jul-25,CUST1139,East,Bhubaneswar,Sports,Gym Bag,1,1251.61,5,1189.03,962,227.03,Website,Corporate,Net Banking,Delivered
ORD102540,05-May-25,CUST1140,Central,Bhopal,Clothing,Jeans,2,1332.92,20,0,0,0,Website,Corporate,Debit Card,Cancelled
ORD102541,17-Mar-25,CUST1141,South,Bengaluru,Clothing,Jeans,1,1653.72,20,0,0,0,Marketplace,Consumer,UPI,Cancelled
ORD102542,17-Sep-24,CUST1142,South,Bengaluru,Home & Kitchen,Bedsheet,1,933.86,10,840.47,474.13,366.34,Marketplace,Consumer,UPI,Delivered
ORD102543,15-Dec-24,CUST1143,South,Hyderabad,Beauty,Face Serum,1,850.75,10,765.67,520.57,245.1,Marketplace,Corporate,UPI,Delivered
ORD102544,17-Dec-24,CUST1144,East,Bhubaneswar,Clothing,Jeans,1,1485.18,10,200.5,130.21,70.29,Mobile App,Consumer,Credit Card,Returned
ORD102545,03-Jun-25,CUST1145,West,Ahmedabad,Sports,Cricket Bat,1,1748.31,15,1486.07,899.53,586.54,Website,Consumer,Debit Card,Delivered
ORD102546,15-Nov-24,CUST1146,South,Hyderabad,Home & Kitchen,Cookware Set,2,2517.24,0,5034.48,3364.87,1669.6,Mobile App,Consumer,Net Banking,Delivered
ORD102547,17-May-24,CUST1147,West,Mumbai,Clothing,Jeans,2,1643.34,0,493,330.21,162.79,Marketplace,Student,Credit Card,Returned
ORD102548,03-Jul-25,CUST1148,North,Chandigarh,Home & Kitchen,Coffee Maker,3,1962.5,20,706.5,542.81,163.69,Website,Student,Debit Card,Returned
ORD102549,14-Sep-25,CUST1149,South,Chennai,Sports,Dumbbells,1,1497.87,5,0,0,0,Mobile App,Corporate,Debit Card,Cancelled
ORD102550,02-Jan-25,CUST1150,West,Surat,Beauty,Lipstick,3,483.32,10,1304.96,949.2,355.76,Website,Corporate,Credit Card,Delivered
ORD102551,07-Aug-24,CUST1151,South,Coimbatore,Electronics,Bluetooth Speaker,5,1385.47,10,6234.63,4495.26,1739.37,Mobile App,Consumer,UPI,Delivered
ORD102552,02-Dec-24,CUST1152,East,Guwahati,Clothing,Dress,1,1766.61,0,1766.61,1024.19,742.42,Mobile App,Student,Cash on Delivery,Delivered
ORD102553,10-Aug-24,CUST1153,South,Coimbatore,Clothing,Sneakers,4,2378.86,15,8088.13,5704.72,2383.4,Mobile App,Corporate,Credit Card,Delivered
ORD102554,09-Oct-25,CUST1154,West,Pune,Clothing,Dress,1,1643.26,20,1314.6,820.44,494.16,Website,Consumer,Net Banking,Delivered
ORD102555,25-Dec-24,CUST1155,North,Delhi,Beauty,Shampoo,2,454.32,5,863.2,543.46,319.74,Website,Consumer,Credit Card,Delivered
ORD102556,24-Nov-24,CUST1156,Central,Raipur,Beauty,Sunscreen,1,544.68,20,65.36,37.62,27.74,Mobile App,Student,Debit Card,Returned
ORD102557,07-Apr-25,CUST1157,South,Hyderabad,Beauty,Lipstick,2,447.84,0,0,0,0,Marketplace,Student,Credit Card,Cancelled
ORD102558,14-Jul-25,CUST1158,Central,Raipur,Sports,Dumbbells,2,1546.87,15,2629.68,1860.84,768.84,Website,Consumer,UPI,Delivered
ORD102559,16-Jan-25,CUST1159,South,Coimbatore,Clothing,Sneakers,1,2483.69,10,335.3,204.35,130.94,Website,Consumer,Net Banking,Returned
ORD102560,12-Aug-25,CUST1160,West,Ahmedabad,Sports,Gym Bag,2,1022.63,10,1840.73,1143.13,697.6,Mobile App,Consumer,Credit Card,Delivered
ORD102561,08-Sep-25,CUST1161,South,Hyderabad,Beauty,Moisturizer,2,751.35,5,1427.56,1083.1,344.46,Website,Corporate,Credit Card,Delivered
ORD102562,17-Jun-24,CUST1162,Central,Raipur,Clothing,Sneakers,2,2470.12,5,4693.23,3586.06,1107.17,Website,Consumer,UPI,Delivered
ORD102563,04-Aug-24,CUST1163,North,Lucknow,Beauty,Face Serum,5,713.06,20,2852.26,1948.47,903.79,Mobile App,Corporate,Net Banking,Delivered
ORD102564,12-Jan-25,CUST1164,North,Delhi,Electronics,Keyboard,4,1127.75,10,4059.91,2396.28,1663.62,Mobile App,Consumer,Cash on Delivery,Delivered
ORD102565,28-Apr-24,CUST1165,East,Guwahati,Beauty,Shampoo,4,432.66,10,0,0,0,Website,Consumer,Credit Card,Cancelled
ORD102566,08-Jul-24,CUST1166,North,Lucknow,Home & Kitchen,Water Bottle,3,550.82,20,1321.96,823.98,497.99,Marketplace,Consumer,UPI,Delivered
ORD102567,04-Jan-25,CUST1167,South,Hyderabad,Clothing,Dress,1,1574.71,10,1417.24,1059.27,357.97,Website,Corporate,UPI,Delivered
ORD102568,28-May-24,CUST1168,Central,Indore,Home & Kitchen,Cookware Set,1,2704.58,5,2569.35,1829.94,739.41,Website,Consumer,UPI,Delivered
ORD102569,06-Nov-25,CUST1169,Central,Nagpur,Home & Kitchen,Cookware Set,1,2733.41,20,0,0,0,Website,Consumer,Credit Card,Cancelled
ORD102570,13-Oct-25,CUST1170,South,Coimbatore,Electronics,Power Bank,5,1073.65,20,4294.62,2909.05,1385.56,Mobile App,Consumer,Cash on Delivery,Delivered
ORD102571,02-May-25,CUST1171,Central,Nagpur,Electronics,Power Bank,1,937.77,5,890.88,671.52,219.36,Marketplace,Corporate,UPI,Delivered
ORD102572,08-Jan-25,CUST1172,East,Kolkata,Clothing,Hoodie,1,1678.05,10,226.54,154,72.53,Website,Corporate,Credit Card,Returned
ORD102573,23-Nov-25,CUST1173,South,Coimbatore,Home & Kitchen,Coffee Maker,1,2455.43,25,0,0,0,Website,Consumer,Credit Card,Cancelled
ORD102574,08-Jun-24,CUST1174,West,Surat,Sports,Yoga Mat,1,929.52,0,139.43,79.69,59.74,Website,Consumer,UPI,Returned
ORD102575,16-Dec-24,CUST1175,West,Ahmedabad,Sports,Cricket Bat,1,1863.74,0,1863.74,1443.48,420.26,Website,Corporate,UPI,Delivered
ORD102576,14-Oct-24,CUST1176,Central,Raipur,Home & Kitchen,Cookware Set,2,2346.19,10,4223.14,3040.66,1182.49,Mobile App,Consumer,Credit Card,Delivered
ORD102577,14-Oct-24,CUST1177,South,Chennai,Beauty,Face Serum,1,772.92,5,734.27,459.19,275.08,Mobile App,Student,UPI,Delivered
ORD102578,13-Aug-24,CUST1178,West,Ahmedabad,Clothing,Sneakers,2,2543.7,10,4578.66,3454.31,1124.35,Website,Consumer,Credit Card,Delivered
ORD102579,06-Jun-25,CUST1179,North,Delhi,Beauty,Sunscreen,3,654.38,15,1668.67,978.92,689.75,Marketplace,Corporate,UPI,Delivered
ORD102580,05-Jun-25,CUST1180,North,Lucknow,Electronics,Keyboard,3,1173.7,0,3521.11,2550.04,971.07,Mobile App,Consumer,Cash on Delivery,Delivered
ORD102581,29-Sep-24,CUST1181,North,Jaipur,Clothing,T-Shirt,1,610.08,20,73.21,59.82,13.39,Website,Corporate,Debit Card,Returned
ORD102582,05-Feb-25,CUST1182,Central,Raipur,Home & Kitchen,Bedsheet,4,958.59,5,3642.66,2151.01,1491.65,Website,Corporate,Debit Card,Delivered
ORD102583,01-Jul-24,CUST1183,West,Pune,Electronics,Wireless Headphones,3,1831.63,5,5220.14,3071.14,2149,Mobile App,Consumer,Credit Card,Delivered
ORD102584,26-Oct-25,CUST1184,West,Pune,Beauty,Sunscreen,1,602.31,5,572.2,386.99,185.21,Mobile App,Student,UPI,Delivered
ORD102585,02-May-25,CUST1185,East,Bhubaneswar,Beauty,Shampoo,2,518.36,15,881.2,637.57,243.64,Mobile App,Student,Debit Card,Delivered
ORD102586,03-May-24,CUST1186,South,Coimbatore,Clothing,Dress,2,1493.3,0,0,0,0,Mobile App,Student,Debit Card,Cancelled
ORD102587,17-Sep-25,CUST1187,North,Lucknow,Clothing,Sneakers,2,2586.64,0,5173.29,3543.24,1630.05,Website,Consumer,Cash on Delivery,Delivered
ORD102588,17-Feb-25,CUST1188,South,Hyderabad,Sports,Yoga Mat,1,847.44,25,635.58,363.84,271.74,Website,Consumer,UPI,Delivered
ORD102589,25-Dec-25,CUST1189,South,Bengaluru,Beauty,Shampoo,2,509.7,25,764.55,470.32,294.23,Marketplace,Consumer,UPI,Delivered
ORD102590,20-Jun-24,CUST1190,West,Ahmedabad,Clothing,T-Shirt,3,713.63,5,2033.84,1509.81,524.02,Marketplace,Consumer,UPI,Delivered
ORD102591,14-Oct-24,CUST1191,East,Patna,Clothing,Dress,1,1479.24,0,1479.24,1108.68,370.56,Marketplace,Consumer,UPI,Delivered
ORD102592,10-Mar-25,CUST1192,North,Jaipur,Home & Kitchen,Mixer Grinder,2,3370.41,10,0,0,0,Marketplace,Consumer,Credit Card,Cancelled
ORD102593,16-Nov-25,CUST1193,North,Delhi,Home & Kitchen,Bedsheet,1,951.91,10,856.71,486.26,370.45,Website,Consumer,UPI,Delivered
ORD102594,22-Apr-24,CUST1194,North,Jaipur,Electronics,Smart Watch,2,2351.17,20,564.28,430.22,134.06,Website,Consumer,Debit Card,Returned
ORD102595,01-May-24,CUST1195,South,Bengaluru,Clothing,Hoodie,1,1669.67,5,1586.18,1057.5,528.68,Marketplace,Consumer,Debit Card,Delivered
ORD102596,27-Jun-25,CUST1196,Central,Indore,Sports,Yoga Mat,1,848.05,5,120.85,81.97,38.87,Marketplace,Consumer,UPI,Returned
ORD102597,09-Aug-24,CUST1197,West,Surat,Beauty,Lipstick,3,530.15,10,1431.4,949.47,481.93,Website,Corporate,UPI,Delivered
ORD102598,22-Sep-25,CUST1198,West,Surat,Sports,Cricket Bat,2,1831.48,10,3296.66,2576,720.66,Website,Corporate,Credit Card,Delivered
ORD102599,08-Feb-24,CUST1199,East,Bhubaneswar,Beauty,Moisturizer,1,722.86,15,0,0,0,Website,Consumer,Credit Card,Cancelled
ORD102600,11-May-25,CUST1200,South,Coimbatore,Sports,Gym Bag,1,1310.71,20,1048.57,718.28,330.29,Mobile App,Consumer,Debit Card,Delivered
ORD102601,20-Aug-24,CUST1201,North,Delhi,Electronics,Wireless Headphones,2,1888.29,10,509.84,395.26,114.58,Mobile App,Consumer,Net Banking,Returned
ORD102602,13-Jun-25,CUST1202,Central,Indore,Beauty,Lipstick,3,428.13,0,1284.38,985.69,298.68,Mobile App,Consumer,Debit Card,Delivered
ORD102603,28-May-24,CUST1203,West,Pune,Electronics,Wireless Headphones,2,1712.43,10,0,0,0,Website,Corporate,Credit Card,Cancelled
ORD102604,31-Jan-25,CUST1204,North,Delhi,Home & Kitchen,Bedsheet,2,886.78,5,0,0,0,Website,Corporate,Credit Card,Cancelled
ORD102605,22-Oct-25,CUST1205,East,Bhubaneswar,Clothing,Jeans,4,1318.69,10,4747.28,2665.15,2082.13,Website,Consumer,Debit Card,Delivered
ORD102606,29-Sep-25,CUST1206,East,Bhubaneswar,Clothing,T-Shirt,3,735.34,25,0,0,0,Website,Corporate,Net Banking,Cancelled
ORD102607,28-Oct-24,CUST1207,West,Pune,Sports,Cricket Bat,1,1858.29,10,1672.46,1282.84,389.62,Marketplace,Student,Credit Card,Delivered
ORD102608,25-Dec-24,CUST1208,Central,Indore,Sports,Cricket Bat,2,2051.33,0,4102.66,3302.21,800.45,Website,Consumer,Credit Card,Delivered
ORD102609,25-Aug-24,CUST1209,East,Bhubaneswar,Electronics,Smart Watch,1,2152.8,10,1937.52,1192.27,745.25,Website,Consumer,UPI,Delivered
ORD102610,08-Oct-25,CUST1210,East,Patna,Home & Kitchen,Mixer Grinder,3,3067.57,5,8742.59,4859,3883.59,Mobile App,Consumer,Cash on Delivery,Delivered
ORD102611,24-Oct-25,CUST1211,North,Jaipur,Clothing,Jeans,1,1368.92,0,1368.92,901.61,467.31,Website,Consumer,Debit Card,Delivered
ORD102612,23-Aug-24,CUST1212,North,Delhi,Clothing,Hoodie,1,1663.64,15,1414.09,905.7,508.39,Marketplace,Consumer,UPI,Delivered
ORD102613,21-Jul-24,CUST1213,North,Jaipur,Beauty,Sunscreen,1,539.99,10,486,356.13,129.87,Website,Consumer,Cash on Delivery,Delivered
ORD102614,12-Sep-24,CUST1214,North,Lucknow,Clothing,Hoodie,1,1829.29,10,0,0,0,Marketplace,Consumer,Net Banking,Cancelled
ORD102615,20-Aug-25,CUST1215,West,Mumbai,Sports,Cricket Bat,1,2056.81,10,1851.13,1217.47,633.66,Marketplace,Consumer,UPI,Delivered
ORD102616,23-Oct-25,CUST1216,West,Mumbai,Electronics,Bluetooth Speaker,2,1334.24,5,0,0,0,Website,Corporate,UPI,Cancelled
ORD102617,22-Aug-24,CUST1217,North,Jaipur,Home & Kitchen,Mixer Grinder,1,3464.31,0,3464.31,2680.3,784.01,Website,Consumer,Cash on Delivery,Delivered
ORD102618,10-Dec-24,CUST1218,Central,Raipur,Home & Kitchen,Mixer Grinder,2,3026.87,5,5751.06,3548.78,2202.28,Website,Consumer,Credit Card,Delivered
ORD102619,17-Jun-25,CUST1219,North,Lucknow,Clothing,T-Shirt,2,647.55,15,1100.83,621.72,479.1,Mobile App,Consumer,Cash on Delivery,Delivered
ORD102620,10-Apr-25,CUST1220,South,Hyderabad,Clothing,T-Shirt,2,750.57,15,1275.97,896.3,379.67,Mobile App,Consumer,UPI,Delivered
ORD102621,24-Jun-25,CUST1221,South,Coimbatore,Beauty,Lipstick,2,545.56,25,818.35,520.21,298.14,Marketplace,Consumer,Credit Card,Delivered
ORD102622,31-Jul-24,CUST1222,South,Bengaluru,Beauty,Shampoo,1,535.27,15,0,0,0,Website,Consumer,Credit Card,Cancelled
ORD102623,07-Apr-25,CUST1223,South,Hyderabad,Clothing,T-Shirt,1,622.04,10,559.83,320.13,239.7,Website,Consumer,UPI,Delivered
ORD102624,11-Mar-25,CUST1224,East,Patna,Home & Kitchen,Coffee Maker,3,2462.45,5,0,0,0,Website,Consumer,Net Banking,Cancelled
ORD102625,09-Oct-24,CUST1225,South,Coimbatore,Electronics,Smart Watch,2,2577.67,0,5155.35,3095.54,2059.81,Mobile App,Corporate,Debit Card,Delivered
ORD102626,15-Jul-25,CUST1226,Central,Nagpur,Electronics,Keyboard,2,1283.26,10,2309.86,1493.11,816.75,Marketplace,Corporate,Debit Card,Delivered
ORD102627,29-Aug-25,CUST1227,North,Jaipur,Home & Kitchen,Bedsheet,2,1106.7,10,1992.06,1354.32,637.74,Website,Corporate,UPI,Delivered
ORD102628,07-Apr-25,CUST1228,North,Chandigarh,Electronics,Bluetooth Speaker,1,1604.97,15,1364.22,1078.19,286.03,Website,Corporate,Debit Card,Delivered
ORD102629,10-Feb-25,CUST1229,North,Lucknow,Beauty,Shampoo,3,517.35,10,1396.84,1040.77,356.07,Website,Student,Cash on Delivery,Delivered
ORD102630,28-Mar-24,CUST1230,West,Mumbai,Beauty,Lipstick,1,537.11,25,402.83,237.31,165.52,Website,Consumer,Cash on Delivery,Delivered
ORD102631,13-Feb-24,CUST1231,North,Jaipur,Sports,Dumbbells,4,1525.57,5,5797.16,3874.97,1922.19,Mobile App,Consumer,Cash on Delivery,Delivered
ORD102632,05-Apr-25,CUST1232,Central,Nagpur,Beauty,Shampoo,1,516.36,5,490.55,341.71,148.84,Website,Consumer,UPI,Delivered
ORD102633,04-Oct-24,CUST1233,East,Kolkata,Sports,Yoga Mat,2,810.41,20,0,0,0,Marketplace,Consumer,UPI,Cancelled
ORD102634,13-Nov-25,CUST1234,East,Kolkata,Home & Kitchen,Bedsheet,1,1115.64,5,1059.86,746.56,313.31,Website,Corporate,Debit Card,Delivered
ORD102635,24-Feb-25,CUST1235,East,Kolkata,Home & Kitchen,Mixer Grinder,3,3328.77,20,7989.06,5380.47,2608.58,Marketplace,Consumer,Cash on Delivery,Delivered
ORD102636,01-Dec-25,CUST1236,North,Delhi,Sports,Yoga Mat,5,961.79,0,4808.95,3638.92,1170.03,Website,Consumer,Debit Card,Delivered
ORD102637,18-Dec-24,CUST1237,South,Coimbatore,Home & Kitchen,Bedsheet,1,959.02,15,815.17,531.55,283.62,Marketplace,Corporate,UPI,Delivered
ORD102638,26-Nov-25,CUST1238,South,Bengaluru,Electronics,Smart Watch,1,2635.99,0,395.4,322.86,72.54,Marketplace,Corporate,Credit Card,Returned
ORD102639,29-May-25,CUST1239,East,Kolkata,Beauty,Moisturizer,1,667.26,0,667.26,537.75,129.51,Marketplace,Consumer,Debit Card,Delivered
ORD102640,03-Dec-25,CUST1240,South,Bengaluru,Sports,Running Shoes,3,3026.89,15,7718.58,5719.41,1999.17,Marketplace,Consumer,UPI,Delivered
ORD102641,21-Sep-25,CUST1241,North,Lucknow,Beauty,Shampoo,1,528.99,5,75.38,59.42,15.96,Website,Student,UPI,Returned
ORD102642,19-Jan-24,CUST1242,Central,Raipur,Home & Kitchen,Bedsheet,2,880.57,5,250.96,164.67,86.29,Website,Consumer,UPI,Returned
ORD102643,23-Jan-24,CUST1243,North,Lucknow,Home & Kitchen,Coffee Maker,1,2080.98,15,265.33,187.58,77.74,Mobile App,Consumer,UPI,Returned
ORD102644,16-Feb-25,CUST1244,West,Pune,Sports,Dumbbells,2,1594.42,20,0,0,0,Marketplace,Corporate,UPI,Cancelled
ORD102645,30-Jan-24,CUST1245,West,Pune,Electronics,Wireless Headphones,2,1879.42,5,3570.9,2817.87,753.02,Website,Consumer,UPI,Delivered
ORD102646,17-Apr-24,CUST1246,South,Chennai,Home & Kitchen,Water Bottle,2,559.15,5,1062.39,719.42,342.96,Marketplace,Student,Credit Card,Delivered
ORD102647,01-Jan-25,CUST1247,North,Lucknow,Clothing,Hoodie,3,1665.96,15,4248.2,2951.48,1296.73,Mobile App,Consumer,UPI,Delivered
ORD102648,07-Oct-24,CUST1248,North,Jaipur,Home & Kitchen,Bedsheet,1,910.59,15,774,606.38,167.62,Website,Consumer,Credit Card,Delivered
ORD102649,07-May-24,CUST1249,West,Pune,Home & Kitchen,Coffee Maker,2,2373.17,25,3559.76,2724.16,835.6,Website,Consumer,UPI,Delivered
ORD102650,16-Aug-24,CUST1250,West,Pune,Electronics,Wireless Headphones,2,2197.69,5,626.34,398.9,227.44,Website,Consumer,UPI,Returned
ORD102651,20-Apr-24,CUST1251,West,Mumbai,Electronics,Smart Watch,2,2596.58,10,0,0,0,Website,Corporate,Net Banking,Cancelled
ORD102652,15-May-24,CUST1252,Central,Indore,Home & Kitchen,Coffee Maker,1,1886.96,0,1886.96,1120.41,766.55,Mobile App,Consumer,Cash on Delivery,Delivered
ORD102653,27-Dec-24,CUST1253,West,Ahmedabad,Electronics,Bluetooth Speaker,3,1592.36,5,4538.23,2911.53,1626.7,Website,Consumer,Credit Card,Delivered
ORD102654,04-Jul-24,CUST1254,North,Jaipur,Clothing,T-Shirt,5,694.54,0,3472.72,2196.24,1276.47,Mobile App,Student,Credit Card,Delivered
ORD102655,17-Oct-25,CUST1255,South,Coimbatore,Beauty,Shampoo,4,526.29,5,1999.9,1120.63,879.27,Mobile App,Corporate,UPI,Delivered
ORD102656,06-Aug-25,CUST1256,Central,Bhopal,Clothing,Hoodie,3,1741.58,10,4702.26,3134.8,1567.46,Marketplace,Consumer,Cash on Delivery,Delivered
ORD102657,08-May-24,CUST1257,South,Bengaluru,Home & Kitchen,Bedsheet,1,860.28,0,0,0,0,Mobile App,Student,UPI,Cancelled
ORD102658,17-Sep-24,CUST1258,North,Jaipur,Sports,Dumbbells,1,1653.48,20,0,0,0,Mobile App,Corporate,UPI,Cancelled
ORD102659,29-May-25,CUST1259,West,Ahmedabad,Electronics,Keyboard,1,1259.92,15,1070.93,816.71,254.22,Marketplace,Student,Credit Card,Delivered
ORD102660,24-Mar-25,CUST1260,South,Bengaluru,Clothing,Sneakers,1,2713.89,0,2713.89,1855.26,858.63,Website,Consumer,UPI,Delivered
ORD102661,13-Apr-24,CUST1261,Central,Indore,Home & Kitchen,Mixer Grinder,1,3461.63,20,2769.31,1801.98,967.33,Website,Consumer,Credit Card,Delivered
ORD102662,27-Apr-25,CUST1262,West,Mumbai,Beauty,Lipstick,1,472.59,25,53.17,31.9,21.26,Marketplace,Consumer,UPI,Returned
ORD102663,11-Aug-24,CUST1263,North,Lucknow,Sports,Cricket Bat,3,2089.96,10,5642.89,4423.44,1219.45,Website,Consumer,UPI,Delivered
ORD102664,05-May-25,CUST1264,Central,Raipur,Sports,Cricket Bat,4,1966.43,5,7472.43,5933.08,1539.35,Website,Student,Debit Card,Delivered
ORD102665,17-Apr-25,CUST1265,South,Coimbatore,Beauty,Moisturizer,4,631.79,5,0,0,0,Website,Consumer,Credit Card,Cancelled
ORD102666,10-Jan-24,CUST1266,South,Bengaluru,Electronics,Keyboard,1,1251.42,0,1251.42,999.56,251.85,Website,Consumer,UPI,Delivered
ORD102667,08-Feb-25,CUST1267,South,Bengaluru,Electronics,Wireless Headphones,4,1819.27,10,0,0,0,Mobile App,Consumer,UPI,Cancelled
ORD102668,28-Oct-24,CUST1268,North,Lucknow,Clothing,Jeans,1,1276.16,0,1276.16,738.84,537.32,Website,Consumer,UPI,Delivered
ORD102669,18-Aug-24,CUST1269,East,Bhubaneswar,Electronics,Power Bank,2,915.72,10,1648.29,914.14,734.15,Mobile App,Consumer,Cash on Delivery,Delivered
ORD102670,31-Dec-25,CUST1270,North,Chandigarh,Beauty,Sunscreen,2,543.04,5,1031.77,603.24,428.53,Marketplace,Consumer,Credit Card,Delivered
ORD102671,06-Mar-24,CUST1271,South,Bengaluru,Home & Kitchen,Coffee Maker,1,1871.72,10,252.68,181.46,71.23,Mobile App,Consumer,Credit Card,Returned
ORD102672,21-Apr-24,CUST1272,South,Bengaluru,Electronics,Bluetooth Speaker,4,1591.43,10,5729.14,3647.43,2081.72,Mobile App,Consumer,UPI,Delivered
ORD102673,13-Jan-24,CUST1273,West,Mumbai,Beauty,Sunscreen,1,521.6,5,495.52,359.27,136.25,Website,Student,Debit Card,Delivered
ORD102674,27-Jan-25,CUST1274,West,Pune,Electronics,Bluetooth Speaker,2,1455.9,10,393.09,270.11,122.98,Website,Corporate,UPI,Returned
ORD102675,14-May-25,CUST1275,North,Jaipur,Clothing,T-Shirt,1,673.02,10,90.86,58.14,32.72,Website,Consumer,Credit Card,Returned
ORD102676,20-Aug-25,CUST1276,South,Bengaluru,Home & Kitchen,Mixer Grinder,3,2965.74,15,1134.39,690.9,443.5,Mobile App,Consumer,Credit Card,Returned
ORD102677,21-Aug-24,CUST1277,South,Chennai,Clothing,Hoodie,1,1998.79,15,0,0,0,Mobile App,Consumer,Cash on Delivery,Cancelled
ORD102678,24-Aug-25,CUST1278,North,Lucknow,Clothing,T-Shirt,2,708.09,10,0,0,0,Mobile App,Student,Cash on Delivery,Cancelled
ORD102679,09-Nov-24,CUST1279,West,Ahmedabad,Electronics,Power Bank,2,1068.58,20,1709.73,1318.42,391.3,Marketplace,Corporate,UPI,Delivered
ORD102680,19-Jul-25,CUST1280,West,Pune,Clothing,T-Shirt,2,687.79,15,0,0,0,Website,Consumer,Cash on Delivery,Cancelled
ORD102681,12-Jan-24,CUST1281,South,Chennai,Beauty,Shampoo,2,521.53,0,1043.07,617.93,425.14,Website,Student,UPI,Delivered
ORD102682,27-Jul-24,CUST1282,South,Bengaluru,Sports,Cricket Bat,1,2222.57,0,2222.57,1380.56,842.01,Mobile App,Corporate,UPI,Delivered
ORD102683,14-Jan-24,CUST1283,North,Jaipur,Clothing,Jeans,2,1415.16,0,2830.32,2286.59,543.74,Mobile App,Consumer,UPI,Delivered
ORD102684,24-Sep-25,CUST1284,West,Ahmedabad,Clothing,Jeans,4,1478.24,5,5617.31,3432.2,2185.11,Website,Consumer,Debit Card,Delivered
ORD102685,21-Feb-25,CUST1285,North,Lucknow,Beauty,Sunscreen,3,592.37,10,1599.39,904.19,695.19,Website,Corporate,Credit Card,Delivered
ORD102686,12-Mar-25,CUST1286,Central,Bhopal,Sports,Dumbbells,1,1787.42,10,1608.68,1123.69,485,Marketplace,Consumer,UPI,Delivered
ORD102687,11-Jan-25,CUST1287,West,Mumbai,Clothing,Jeans,1,1368.49,20,1094.79,679.56,415.24,Mobile App,Consumer,UPI,Delivered
ORD102688,20-Jan-24,CUST1288,South,Chennai,Clothing,T-Shirt,2,721.6,0,216.48,175.03,41.45,Website,Consumer,UPI,Returned
ORD102689,09-Aug-25,CUST1289,East,Patna,Beauty,Sunscreen,3,531.51,10,1435.07,1011.99,423.08,Marketplace,Corporate,Net Banking,Delivered
ORD102690,10-Mar-24,CUST1290,Central,Raipur,Home & Kitchen,Water Bottle,1,659.09,10,593.18,480.93,112.25,Website,Student,Debit Card,Delivered
ORD102691,29-Jul-24,CUST1291,East,Kolkata,Electronics,Keyboard,2,1311.21,20,2097.94,1598.85,499.09,Marketplace,Consumer,UPI,Delivered
ORD102692,10-Apr-24,CUST1292,North,Chandigarh,Home & Kitchen,Coffee Maker,4,2379.41,5,9041.75,6738.21,2303.54,Website,Consumer,Cash on Delivery,Delivered
ORD102693,28-Nov-25,CUST1293,South,Hyderabad,Electronics,Smart Watch,1,2728.2,0,2728.2,2112.17,616.03,Mobile App,Student,UPI,Delivered
ORD102694,11-May-24,CUST1294,Central,Raipur,Home & Kitchen,Water Bottle,1,599.25,0,89.89,64.12,25.77,Mobile App,Corporate,Debit Card,Returned
ORD102695,14-Sep-25,CUST1295,West,Pune,Home & Kitchen,Coffee Maker,4,2274.08,10,8186.68,4527.26,3659.42,Mobile App,Consumer,Credit Card,Delivered
ORD102696,15-Jan-25,CUST1296,West,Ahmedabad,Sports,Cricket Bat,1,2076.27,5,1972.46,1293.86,678.59,Website,Consumer,UPI,Delivered
ORD102697,11-May-24,CUST1297,Central,Bhopal,Clothing,Dress,1,1557.95,15,1324.26,806.65,517.61,Mobile App,Corporate,UPI,Delivered
ORD102698,20-Jan-24,CUST1298,Central,Nagpur,Clothing,Hoodie,1,1740.36,5,248,165.48,82.52,Website,Consumer,Credit Card,Returned
ORD102699,19-Jun-25,CUST1299,Central,Nagpur,Electronics,Keyboard,1,1169.45,0,1169.45,791.78,377.68,Website,Consumer,Net Banking,Delivered
ORD102700,14-Aug-24,CUST1300,North,Jaipur,Sports,Yoga Mat,2,857.34,5,1628.94,952.14,676.8,Website,Student,Debit Card,Delivered
ORD102701,02-Jun-24,CUST1301,East,Bhubaneswar,Electronics,Power Bank,1,1116.39,20,893.11,496.86,396.25,Mobile App,Student,Debit Card,Delivered
ORD102702,13-Apr-25,CUST1302,West,Pune,Clothing,Hoodie,1,1660.23,10,1494.21,877.57,616.64,Website,Consumer,Cash on Delivery,Delivered
ORD102703,08-Feb-25,CUST1303,West,Ahmedabad,Electronics,Smart Watch,2,2638.59,15,4485.61,3505.52,980.08,Website,Corporate,Credit Card,Delivered
ORD102704,20-Jul-24,CUST1304,West,Surat,Beauty,Face Serum,1,691.95,5,0,0,0,Website,Consumer,UPI,Cancelled
ORD102705,07-Feb-24,CUST1305,North,Lucknow,Clothing,T-Shirt,1,682.38,5,97.24,74.46,22.78,Website,Consumer,Net Banking,Returned
ORD102706,06-Jul-24,CUST1306,West,Pune,Clothing,Sneakers,2,2163.56,15,3678.05,2297.32,1380.73,Mobile App,Consumer,Credit Card,Delivered
ORD102707,26-Feb-24,CUST1307,West,Ahmedabad,Clothing,Hoodie,3,1760.26,5,5016.74,3079.01,1937.73,Mobile App,Student,UPI,Delivered
ORD102708,20-Jan-24,CUST1308,North,Jaipur,Sports,Yoga Mat,1,770.84,5,732.3,410.15,322.14,Website,Consumer,Debit Card,Delivered
ORD102709,29-Sep-24,CUST1309,East,Bhubaneswar,Home & Kitchen,Bedsheet,1,1014.57,0,0,0,0,Marketplace,Consumer,Credit Card,Cancelled
ORD102710,28-Apr-24,CUST1310,North,Delhi,Beauty,Shampoo,2,503.17,5,143.4,93.68,49.73,Mobile App,Consumer,UPI,Returned
ORD102711,05-Aug-25,CUST1311,South,Hyderabad,Sports,Yoga Mat,2,957.81,5,1819.84,1411.63,408.21,Marketplace,Consumer,UPI,Delivered
ORD102712,30-May-25,CUST1312,North,Jaipur,Sports,Dumbbells,1,1610.97,5,1530.42,1123.49,406.93,Mobile App,Consumer,Credit Card,Delivered
ORD102713,08-Aug-24,CUST1313,South,Chennai,Clothing,Sneakers,1,2748.95,10,2474.05,1457.11,1016.94,Website,Student,UPI,Delivered
ORD102714,09-Jun-25,CUST1314,East,Guwahati,Sports,Yoga Mat,1,954.23,10,128.82,105.19,23.63,Mobile App,Consumer,Credit Card,Returned
ORD102715,29-May-25,CUST1315,West,Pune,Electronics,Power Bank,3,884.93,10,2389.31,1811.28,578.04,Website,Consumer,UPI,Delivered
ORD102716,28-Dec-25,CUST1316,West,Surat,Clothing,Sneakers,1,2303.27,5,2188.11,1628.97,559.14,Mobile App,Consumer,Credit Card,Delivered
ORD102717,01-Dec-24,CUST1317,Central,Raipur,Sports,Dumbbells,3,1370.47,10,3700.28,2251.57,1448.71,Marketplace,Consumer,Net Banking,Delivered
ORD102718,28-Nov-25,CUST1318,South,Bengaluru,Clothing,Hoodie,2,1716.71,5,489.26,388.67,100.6,Website,Corporate,Debit Card,Returned
ORD102719,24-Feb-24,CUST1319,North,Delhi,Clothing,T-Shirt,2,690.31,15,0,0,0,Website,Student,Debit Card,Cancelled
ORD102720,14-May-25,CUST1320,Central,Raipur,Clothing,Jeans,4,1657,10,5965.21,3760.27,2204.94,Website,Consumer,UPI,Delivered
ORD102721,19-Jun-25,CUST1321,North,Lucknow,Home & Kitchen,Mixer Grinder,1,3269.35,10,2942.41,2138.56,803.85,Mobile App,Student,Credit Card,Delivered
ORD102722,10-Jun-24,CUST1322,Central,Raipur,Clothing,Sneakers,2,2651.13,15,4506.93,2736.48,1770.44,Mobile App,Consumer,Cash on Delivery,Delivered
ORD102723,31-Oct-25,CUST1323,Central,Nagpur,Beauty,Shampoo,1,460.26,5,0,0,0,Website,Student,UPI,Cancelled
ORD102724,16-Aug-25,CUST1324,East,Bhubaneswar,Sports,Cricket Bat,1,1781.81,10,0,0,0,Website,Student,UPI,Cancelled
ORD102725,07-Jun-24,CUST1325,Central,Indore,Home & Kitchen,Water Bottle,1,640.29,10,576.26,389.28,186.98,Mobile App,Consumer,Debit Card,Delivered
ORD102726,06-Jul-24,CUST1326,North,Lucknow,Electronics,Keyboard,1,1190.93,10,0,0,0,Mobile App,Corporate,Debit Card,Cancelled
ORD102727,29-Feb-24,CUST1327,South,Coimbatore,Sports,Cricket Bat,4,2169.44,10,7809.97,5342.46,2467.51,Mobile App,Student,Cash on Delivery,Delivered
ORD102728,14-Nov-24,CUST1328,West,Pune,Clothing,Jeans,2,1342.89,5,382.72,225.91,156.81,Website,Consumer,Credit Card,Returned
ORD102729,29-Jul-24,CUST1329,South,Coimbatore,Electronics,Smart Watch,3,2698.74,5,7691.41,4790.67,2900.75,Mobile App,Consumer,Cash on Delivery,Delivered
ORD102730,09-Feb-25,CUST1330,Central,Raipur,Electronics,Wireless Headphones,1,2116.28,15,0,0,0,Website,Consumer,UPI,Cancelled
ORD102731,25-Oct-25,CUST1331,North,Lucknow,Home & Kitchen,Mixer Grinder,2,3348.58,0,0,0,0,Website,Consumer,UPI,Cancelled
ORD102732,18-Apr-24,CUST1332,East,Kolkata,Electronics,Wireless Headphones,1,2158.04,0,2158.04,1633.09,524.95,Website,Corporate,Debit Card,Delivered
ORD102733,16-Mar-24,CUST1333,East,Kolkata,Electronics,Bluetooth Speaker,1,1408,20,1126.4,679.41,446.99,Mobile App,Consumer,UPI,Delivered
ORD102734,25-Jun-25,CUST1334,West,Ahmedabad,Clothing,Jeans,2,1341.35,5,0,0,0,Website,Student,UPI,Cancelled
ORD102735,09-Nov-24,CUST1335,South,Hyderabad,Clothing,Sneakers,1,2230.11,10,2007.1,1115.97,891.13,Website,Consumer,UPI,Delivered
ORD102736,26-Apr-24,CUST1336,South,Coimbatore,Home & Kitchen,Water Bottle,3,552.88,15,1409.83,977.97,431.87,Mobile App,Consumer,Debit Card,Delivered
ORD102737,04-Dec-25,CUST1337,Central,Indore,Beauty,Sunscreen,1,581.32,0,581.32,441.63,139.69,Website,Corporate,Cash on Delivery,Delivered
ORD102738,19-Jan-24,CUST1338,South,Hyderabad,Beauty,Sunscreen,1,650.83,20,0,0,0,Marketplace,Consumer,UPI,Cancelled
ORD102739,07-Mar-25,CUST1339,Central,Bhopal,Clothing,Jeans,2,1310.39,0,2620.78,1942.1,678.68,Marketplace,Consumer,Cash on Delivery,Delivered
ORD102740,15-Nov-25,CUST1340,East,Patna,Electronics,Wireless Headphones,5,2193.13,0,10965.67,8165.41,2800.26,Mobile App,Consumer,Credit Card,Delivered
ORD102741,15-Dec-24,CUST1341,West,Ahmedabad,Sports,Dumbbells,1,1758.71,0,0,0,0,Mobile App,Consumer,Net Banking,Cancelled
ORD102742,01-Jul-24,CUST1342,West,Surat,Electronics,Power Bank,2,1045.31,10,1881.55,1219.9,661.65,Mobile App,Corporate,Net Banking,Delivered
ORD102743,22-Apr-24,CUST1343,South,Coimbatore,Sports,Yoga Mat,2,982.68,20,235.84,179.7,56.14,Website,Consumer,Cash on Delivery,Returned
ORD102744,01-Jul-24,CUST1344,East,Bhubaneswar,Electronics,Bluetooth Speaker,1,1585.79,15,0,0,0,Mobile App,Student,UPI,Cancelled
ORD102745,25-Apr-25,CUST1345,Central,Indore,Sports,Running Shoes,2,2976.93,10,0,0,0,Mobile App,Student,UPI,Cancelled
ORD102746,25-May-24,CUST1346,South,Bengaluru,Clothing,Hoodie,1,1820.95,5,259.49,200.11,59.38,Mobile App,Consumer,Credit Card,Returned
ORD102747,19-Sep-25,CUST1347,Central,Bhopal,Clothing,T-Shirt,1,712.71,20,570.17,351.26,218.92,Marketplace,Consumer,UPI,Delivered
ORD102748,22-Apr-24,CUST1348,East,Patna,Beauty,Sunscreen,1,529.67,15,450.22,275.88,174.34,Marketplace,Consumer,Cash on Delivery,Delivered
ORD102749,20-Apr-25,CUST1349,North,Chandigarh,Home & Kitchen,Mixer Grinder,3,2976.11,5,8481.91,5550.06,2931.85,Website,Corporate,Net Banking,Delivered
ORD102750,29-Oct-24,CUST1350,South,Bengaluru,Clothing,Sneakers,1,2477.28,15,2105.69,1199.71,905.98,Mobile App,Corporate,Net Banking,Delivered
ORD102751,27-Apr-24,CUST1351,Central,Raipur,Home & Kitchen,Coffee Maker,1,1937.56,20,1550.05,993.73,556.32,Mobile App,Consumer,UPI,Delivered
ORD102752,09-Jun-24,CUST1352,South,Bengaluru,Beauty,Shampoo,1,554.16,15,471.04,310.74,160.3,Marketplace,Consumer,UPI,Delivered
ORD102753,04-Feb-25,CUST1353,Central,Bhopal,Electronics,Wireless Headphones,1,1972.86,0,1972.86,1348.78,624.08,Website,Consumer,UPI,Delivered
ORD102754,16-Jul-24,CUST1354,Central,Raipur,Electronics,Keyboard,1,1237.46,25,0,0,0,Mobile App,Consumer,UPI,Cancelled
ORD102755,16-Sep-24,CUST1355,South,Coimbatore,Clothing,Hoodie,2,1605.67,0,3211.34,2552.53,658.82,Website,Consumer,UPI,Delivered
ORD102756,21-Oct-25,CUST1356,North,Jaipur,Electronics,Bluetooth Speaker,1,1442.73,15,1226.32,768.87,457.45,Website,Corporate,UPI,Delivered
ORD102757,16-Feb-24,CUST1357,West,Ahmedabad,Home & Kitchen,Coffee Maker,1,2048.71,0,0,0,0,Website,Consumer,UPI,Cancelled
ORD102758,02-Feb-25,CUST1358,South,Bengaluru,Electronics,Bluetooth Speaker,3,1309.74,20,471.51,315.97,155.53,Marketplace,Consumer,UPI,Returned
ORD102759,10-Dec-25,CUST1359,West,Mumbai,Clothing,T-Shirt,2,776.65,5,221.35,164.66,56.69,Mobile App,Student,Cash on Delivery,Returned
ORD102760,12-Jul-25,CUST1360,East,Kolkata,Electronics,Keyboard,1,1197.09,10,161.61,93.72,67.88,Mobile App,Student,Credit Card,Returned
ORD102761,18-Mar-24,CUST1361,East,Bhubaneswar,Home & Kitchen,Cookware Set,1,2590.03,0,2590.03,1805.39,784.64,Website,Consumer,Credit Card,Delivered
ORD102762,03-May-24,CUST1362,West,Ahmedabad,Electronics,Keyboard,1,1136.18,10,153.38,124.15,29.23,Mobile App,Corporate,Credit Card,Returned
ORD102763,15-Mar-24,CUST1363,South,Hyderabad,Electronics,Wireless Headphones,2,2192.01,20,3507.22,2559.88,947.34,Marketplace,Consumer,UPI,Delivered
ORD102764,16-May-24,CUST1364,East,Kolkata,Electronics,Smart Watch,1,2522.75,20,2018.2,1557,461.2,Website,Student,Net Banking,Delivered
ORD102765,24-Aug-25,CUST1365,South,Hyderabad,Sports,Yoga Mat,1,923.59,0,138.54,85.96,52.58,Marketplace,Student,UPI,Returned
ORD102766,03-Feb-25,CUST1366,South,Hyderabad,Electronics,Bluetooth Speaker,1,1590.56,5,0,0,0,Website,Corporate,Debit Card,Cancelled
ORD102767,19-May-25,CUST1367,East,Kolkata,Beauty,Sunscreen,1,607.14,5,576.79,371.93,204.85,Marketplace,Consumer,UPI,Delivered
ORD102768,14-May-25,CUST1368,West,Ahmedabad,Electronics,Power Bank,3,868.28,10,2344.34,1596.43,747.91,Mobile App,Consumer,Net Banking,Delivered
ORD102769,26-Jul-25,CUST1369,South,Hyderabad,Electronics,Power Bank,1,965.02,15,123.04,73.92,49.12,Website,Consumer,Cash on Delivery,Returned
ORD102770,17-May-24,CUST1370,East,Patna,Home & Kitchen,Mixer Grinder,1,3037.55,15,2581.92,1758.64,823.27,Website,Corporate,UPI,Delivered
ORD102771,19-Feb-24,CUST1371,West,Surat,Clothing,Hoodie,2,1765.56,5,3354.57,2312.1,1042.47,Website,Consumer,Net Banking,Delivered
ORD102772,10-Sep-25,CUST1372,South,Bengaluru,Sports,Cricket Bat,2,1917.38,5,0,0,0,Website,Consumer,Credit Card,Cancelled
ORD102773,16-Sep-25,CUST1373,South,Bengaluru,Sports,Gym Bag,1,1286.72,15,1093.72,858.05,235.66,Mobile App,Consumer,Debit Card,Delivered
ORD102774,10-Sep-24,CUST1374,Central,Nagpur,Beauty,Sunscreen,1,549.11,5,521.65,329.84,191.81,Website,Corporate,UPI,Delivered
ORD102775,21-Sep-25,CUST1375,West,Ahmedabad,Home & Kitchen,Water Bottle,1,541.71,0,81.26,66.28,14.97,Marketplace,Corporate,UPI,Returned
ORD102776,10-Dec-25,CUST1376,East,Kolkata,Clothing,Sneakers,1,2770.6,5,0,0,0,Mobile App,Consumer,Cash on Delivery,Cancelled
ORD102777,16-Jul-25,CUST1377,West,Surat,Clothing,Sneakers,1,2764.82,0,2764.82,1821.43,943.39,Marketplace,Corporate,UPI,Delivered
ORD102778,01-Mar-25,CUST1378,North,Lucknow,Sports,Yoga Mat,1,1005.29,5,143.25,87.56,55.7,Mobile App,Consumer,Cash on Delivery,Returned
ORD102779,30-Jun-25,CUST1379,West,Pune,Home & Kitchen,Mixer Grinder,2,3310.42,20,5296.68,3015.42,2281.26,Mobile App,Consumer,UPI,Delivered
ORD102780,28-Oct-24,CUST1380,East,Guwahati,Home & Kitchen,Coffee Maker,5,1936.33,0,9681.63,5937.54,3744.1,Website,Consumer,UPI,Delivered
ORD102781,03-Aug-25,CUST1381,East,Guwahati,Electronics,Wireless Headphones,2,2174.2,15,3696.14,2915.6,780.55,Mobile App,Consumer,Credit Card,Delivered
ORD102782,14-Dec-24,CUST1382,South,Bengaluru,Electronics,Bluetooth Speaker,1,1332.88,10,179.94,113.15,66.78,Mobile App,Consumer,UPI,Returned
ORD102783,18-Feb-24,CUST1383,North,Chandigarh,Sports,Running Shoes,2,2675.14,10,4815.25,2827.78,1987.47,Marketplace,Consumer,Net Banking,Delivered
ORD102784,14-Mar-24,CUST1384,South,Coimbatore,Clothing,Hoodie,2,1623.09,0,3246.18,1805.27,1440.91,Website,Consumer,UPI,Delivered
ORD102785,04-Dec-25,CUST1385,Central,Indore,Clothing,T-Shirt,3,717.47,0,322.86,203.52,119.34,Mobile App,Student,UPI,Returned
ORD102786,17-Sep-24,CUST1386,South,Coimbatore,Electronics,Smart Watch,2,2196.48,0,658.94,400.88,258.07,Mobile App,Consumer,Credit Card,Returned
ORD102787,21-Dec-24,CUST1387,East,Guwahati,Beauty,Moisturizer,2,741.04,15,1259.76,727.63,532.13,Mobile App,Consumer,Debit Card,Delivered
ORD102788,04-Aug-25,CUST1388,North,Chandigarh,Electronics,Keyboard,1,1124.58,15,955.89,771.21,184.69,Website,Corporate,Net Banking,Delivered
ORD102789,24-Aug-25,CUST1389,North,Lucknow,Beauty,Moisturizer,1,614.99,20,0,0,0,Mobile App,Corporate,UPI,Cancelled
ORD102790,16-Sep-24,CUST1390,West,Surat,Electronics,Bluetooth Speaker,1,1450,5,1377.5,759.92,617.58,Marketplace,Consumer,Credit Card,Delivered
ORD102791,29-Sep-25,CUST1391,East,Guwahati,Sports,Cricket Bat,1,1903.8,10,1713.42,1379.23,334.2,Marketplace,Consumer,Debit Card,Delivered
ORD102792,21-Oct-24,CUST1392,East,Patna,Beauty,Moisturizer,1,780.94,10,702.84,496.35,206.5,Mobile App,Consumer,UPI,Delivered
ORD102793,02-Oct-25,CUST1393,South,Coimbatore,Electronics,Keyboard,2,1443.26,5,0,0,0,Marketplace,Consumer,Credit Card,Cancelled
ORD102794,08-Nov-24,CUST1394,West,Ahmedabad,Home & Kitchen,Water Bottle,2,539.83,5,0,0,0,Marketplace,Consumer,Cash on Delivery,Cancelled
ORD102795,03-Sep-25,CUST1395,North,Delhi,Clothing,Sneakers,4,2762.89,15,9393.84,5440.15,3953.69,Mobile App,Consumer,UPI,Delivered
ORD102796,30-Jun-24,CUST1396,North,Chandigarh,Electronics,Keyboard,1,1346.95,5,1279.6,908.14,371.46,Mobile App,Consumer,UPI,Delivered
ORD102797,16-Nov-25,CUST1397,East,Guwahati,Sports,Cricket Bat,1,1919.81,20,1535.85,870.38,665.48,Mobile App,Consumer,Credit Card,Delivered
ORD102798,29-Dec-24,CUST1398,South,Chennai,Clothing,Jeans,3,1573.5,5,4484.48,3154.37,1330.11,Website,Consumer,Debit Card,Delivered
ORD102799,06-Jul-24,CUST1399,South,Chennai,Clothing,Sneakers,4,2731.5,5,10379.71,7537.6,2842.11,Mobile App,Corporate,UPI,Delivered
ORD102800,22-Jul-25,CUST1400,West,Mumbai,Electronics,Wireless Headphones,2,1796.38,10,485.02,286.09,198.93,Mobile App,Consumer,UPI,Returned
ORD102801,26-Jun-25,CUST1401,West,Ahmedabad,Clothing,Dress,1,1443.76,0,0,0,0,Website,Corporate,UPI,Cancelled
ORD102802,18-Aug-25,CUST1402,Central,Indore,Sports,Gym Bag,2,1151.47,20,1842.34,1492.75,349.59,Marketplace,Corporate,Net Banking,Delivered
ORD102803,25-Oct-25,CUST1403,South,Bengaluru,Clothing,Hoodie,1,1611.34,15,205.45,159.4,46.05,Website,Consumer,Credit Card,Returned
ORD102804,01-Jul-25,CUST1404,North,Delhi,Sports,Dumbbells,3,1514.74,15,3862.6,2878.83,983.77,Website,Consumer,UPI,Delivered
ORD102805,25-Dec-25,CUST1405,South,Bengaluru,Sports,Yoga Mat,2,920.88,25,0,0,0,Mobile App,Corporate,UPI,Cancelled
ORD102806,11-Feb-25,CUST1406,Central,Raipur,Electronics,Keyboard,1,1389.23,0,0,0,0,Mobile App,Student,UPI,Cancelled
ORD102807,09-Sep-25,CUST1407,East,Patna,Electronics,Keyboard,3,1210.05,10,490.07,329.27,160.8,Website,Consumer,UPI,Returned
ORD102808,17-Feb-25,CUST1408,West,Mumbai,Sports,Dumbbells,2,1480.78,20,2369.25,1792.21,577.04,Website,Consumer,Debit Card,Delivered
ORD102809,07-Dec-24,CUST1409,North,Chandigarh,Clothing,Hoodie,4,1907.89,10,6868.42,4805.56,2062.86,Website,Corporate,Credit Card,Delivered
ORD102810,07-Aug-24,CUST1410,East,Bhubaneswar,Electronics,Power Bank,5,951.92,0,4759.62,3600.45,1159.17,Website,Consumer,Debit Card,Delivered
ORD102811,11-Jun-24,CUST1411,North,Lucknow,Clothing,Dress,1,1712.51,0,1712.51,1390.33,322.18,Website,Consumer,UPI,Delivered
ORD102812,07-Aug-24,CUST1412,East,Patna,Home & Kitchen,Water Bottle,1,669.81,10,0,0,0,Mobile App,Student,UPI,Cancelled
ORD102813,26-Sep-24,CUST1413,Central,Bhopal,Beauty,Moisturizer,2,779.04,15,1324.37,944.06,380.31,Website,Corporate,Credit Card,Delivered
ORD102814,23-Sep-25,CUST1414,Central,Indore,Electronics,Keyboard,4,1336.57,0,5346.3,3526.76,1819.54,Website,Corporate,Credit Card,Delivered
ORD102815,03-Feb-25,CUST1415,East,Guwahati,Electronics,Wireless Headphones,5,1901.66,10,0,0,0,Mobile App,Corporate,UPI,Cancelled
ORD102816,30-Jun-24,CUST1416,East,Kolkata,Sports,Dumbbells,2,1387.42,0,2774.85,1806.52,968.33,Website,Consumer,Credit Card,Delivered
ORD102817,09-Sep-25,CUST1417,Central,Bhopal,Beauty,Shampoo,1,523.59,10,0,0,0,Website,Consumer,UPI,Cancelled
ORD102818,29-Dec-25,CUST1418,West,Ahmedabad,Home & Kitchen,Bedsheet,1,1112.94,20,133.55,74.71,58.84,Website,Consumer,UPI,Returned
ORD102819,23-Jul-24,CUST1419,North,Jaipur,Beauty,Sunscreen,3,520.15,10,1404.39,952.83,451.56,Website,Corporate,Debit Card,Delivered
ORD102820,04-Aug-25,CUST1420,East,Kolkata,Clothing,T-Shirt,2,595.31,10,1071.57,838.8,232.77,Marketplace,Consumer,UPI,Delivered
ORD102821,09-Jul-25,CUST1421,South,Bengaluru,Beauty,Face Serum,2,858.59,0,0,0,0,Website,Corporate,Cash on Delivery,Cancelled
ORD102822,15-Aug-24,CUST1422,East,Guwahati,Clothing,Sneakers,1,2193.15,5,2083.49,1627.2,456.29,Marketplace,Consumer,Cash on Delivery,Delivered
ORD102823,26-Nov-25,CUST1423,East,Kolkata,Electronics,Smart Watch,2,2179.22,0,4358.45,2599.53,1758.92,Website,Corporate,UPI,Delivered
ORD102824,10-Sep-25,CUST1424,East,Guwahati,Beauty,Lipstick,3,546.8,15,1394.34,825.24,569.09,Mobile App,Corporate,Net Banking,Delivered
ORD102825,18-Aug-25,CUST1425,South,Hyderabad,Clothing,T-Shirt,1,609.17,0,91.37,59.96,31.42,Marketplace,Corporate,Credit Card,Returned
ORD102826,06-Sep-24,CUST1426,North,Lucknow,Sports,Running Shoes,1,2641.47,5,2509.4,1532.91,976.49,Marketplace,Consumer,Net Banking,Delivered
ORD102827,16-Mar-25,CUST1427,East,Bhubaneswar,Clothing,Jeans,2,1504.67,15,2557.95,1873.74,684.2,Website,Consumer,Net Banking,Delivered
ORD102828,16-Jun-25,CUST1428,Central,Raipur,Sports,Yoga Mat,4,947.85,15,0,0,0,Website,Student,Cash on Delivery,Cancelled
ORD102829,14-Jul-24,CUST1429,West,Mumbai,Sports,Cricket Bat,1,1914.81,10,1723.33,1154.29,569.04,Mobile App,Consumer,UPI,Delivered
ORD102830,20-Nov-25,CUST1430,South,Coimbatore,Electronics,Smart Watch,1,2407.93,10,2167.14,1355.97,811.17,Mobile App,Student,Credit Card,Delivered
ORD102831,02-Jun-25,CUST1431,Central,Indore,Beauty,Shampoo,1,509.38,0,509.38,362.05,147.33,Marketplace,Consumer,Debit Card,Delivered
ORD102832,10-Mar-24,CUST1432,Central,Nagpur,Clothing,Jeans,1,1478.71,0,0,0,0,Website,Student,UPI,Cancelled
ORD102833,30-Sep-25,CUST1433,South,Chennai,Sports,Gym Bag,1,1025.18,10,0,0,0,Website,Student,Cash on Delivery,Cancelled
ORD102834,02-Feb-25,CUST1434,North,Delhi,Clothing,T-Shirt,2,615.59,5,1169.61,947.67,221.95,Mobile App,Corporate,Cash on Delivery,Delivered
ORD102835,02-Nov-25,CUST1435,West,Ahmedabad,Beauty,Lipstick,1,502.51,0,502.51,324.03,178.48,Website,Consumer,Net Banking,Delivered
ORD102836,21-Jul-24,CUST1436,Central,Nagpur,Clothing,Sneakers,2,2659.66,15,4521.42,3531.58,989.83,Website,Consumer,Credit Card,Delivered
ORD102837,27-May-24,CUST1437,Central,Indore,Electronics,Bluetooth Speaker,1,1583,15,1345.55,955.11,390.44,Website,Consumer,UPI,Delivered
ORD102838,16-Apr-25,CUST1438,Central,Raipur,Electronics,Wireless Headphones,1,2098.58,5,1993.65,1469.14,524.51,Website,Corporate,Credit Card,Delivered
ORD102839,16-Oct-25,CUST1439,West,Surat,Clothing,Jeans,2,1586.31,0,3172.61,2474.02,698.59,Marketplace,Consumer,Debit Card,Delivered
ORD102840,17-Jul-24,CUST1440,East,Guwahati,Beauty,Shampoo,2,430.14,10,774.25,453.04,321.21,Website,Consumer,Credit Card,Delivered
ORD102841,01-Mar-25,CUST1441,North,Chandigarh,Home & Kitchen,Coffee Maker,1,2400.6,5,2280.57,1837.68,442.89,Marketplace,Corporate,UPI,Delivered
ORD102842,27-Oct-25,CUST1442,South,Chennai,Beauty,Moisturizer,3,761.98,5,0,0,0,Mobile App,Consumer,UPI,Cancelled
ORD102843,06-May-25,CUST1443,East,Kolkata,Clothing,T-Shirt,1,694.54,15,590.36,378.26,212.1,Marketplace,Corporate,Credit Card,Delivered
ORD102844,21-May-24,CUST1444,West,Ahmedabad,Home & Kitchen,Cookware Set,1,2291.88,5,2177.29,1396.64,780.65,Mobile App,Consumer,UPI,Delivered
ORD102845,08-Nov-24,CUST1445,East,Patna,Electronics,Power Bank,2,1008.88,0,0,0,0,Marketplace,Consumer,Debit Card,Cancelled
ORD102846,13-Jun-24,CUST1446,West,Surat,Beauty,Moisturizer,3,699.44,10,0,0,0,Mobile App,Corporate,Credit Card,Cancelled
ORD102847,09-Nov-24,CUST1447,South,Bengaluru,Sports,Cricket Bat,1,1819.49,15,1546.56,1155.22,391.34,Website,Corporate,UPI,Delivered
ORD102848,21-Jan-24,CUST1448,East,Kolkata,Clothing,Jeans,1,1518.25,15,1290.52,797.94,492.58,Website,Consumer,Credit Card,Delivered
ORD102849,22-Mar-24,CUST1449,North,Chandigarh,Electronics,Keyboard,2,1383.78,15,352.87,210.29,142.57,Marketplace,Consumer,Debit Card,Returned
ORD102850,03-Aug-25,CUST1450,South,Hyderabad,Electronics,Smart Watch,1,2668.05,10,2401.25,1788.7,612.55,Mobile App,Student,Net Banking,Delivered
ORD102851,10-May-24,CUST1451,West,Mumbai,Home & Kitchen,Bedsheet,2,865.25,15,1470.93,927.55,543.38,Website,Consumer,UPI,Delivered
ORD102852,21-Aug-25,CUST1452,West,Pune,Home & Kitchen,Cookware Set,1,2257.18,20,1805.75,1101.61,704.14,Mobile App,Consumer,Credit Card,Delivered
ORD102853,30-Dec-25,CUST1453,Central,Raipur,Beauty,Shampoo,3,514.18,10,0,0,0,Website,Consumer,Cash on Delivery,Cancelled
ORD102854,31-Oct-24,CUST1454,South,Bengaluru,Clothing,Jeans,1,1622.15,5,231.16,136.4,94.76,Marketplace,Student,UPI,Returned
ORD102855,05-Jan-25,CUST1455,East,Bhubaneswar,Beauty,Moisturizer,5,692.52,15,2943.21,1957.94,985.27,Mobile App,Consumer,UPI,Delivered
ORD102856,18-Jan-25,CUST1456,South,Chennai,Beauty,Sunscreen,1,623.58,20,0,0,0,Website,Consumer,Credit Card,Cancelled
ORD102857,20-Mar-25,CUST1457,East,Bhubaneswar,Clothing,Sneakers,3,2138.37,25,0,0,0,Website,Corporate,UPI,Cancelled
ORD102858,28-Feb-25,CUST1458,Central,Indore,Home & Kitchen,Coffee Maker,1,2230.39,5,2118.87,1559.63,559.24,Mobile App,Consumer,Credit Card,Delivered
ORD102859,09-Jun-24,CUST1459,West,Surat,Electronics,Wireless Headphones,1,2218.32,25,0,0,0,Marketplace,Consumer,Net Banking,Cancelled
ORD102860,26-Jun-24,CUST1460,Central,Indore,Clothing,Dress,1,1644.53,10,0,0,0,Mobile App,Student,UPI,Cancelled
ORD102861,20-Sep-25,CUST1461,South,Bengaluru,Sports,Gym Bag,3,1317.72,5,0,0,0,Mobile App,Consumer,UPI,Cancelled
ORD102862,08-Dec-25,CUST1462,Central,Raipur,Clothing,Sneakers,1,2506.05,25,281.93,193.18,88.75,Mobile App,Corporate,UPI,Returned
ORD102863,04-May-25,CUST1463,North,Delhi,Beauty,Face Serum,1,861.09,20,688.87,410.03,278.85,Website,Consumer,UPI,Delivered
ORD102864,22-Nov-24,CUST1464,Central,Nagpur,Home & Kitchen,Bedsheet,1,882.64,15,750.24,422.33,327.92,Marketplace,Student,Credit Card,Delivered
ORD102865,20-Aug-25,CUST1465,South,Hyderabad,Electronics,Wireless Headphones,4,1765.81,20,847.59,622.6,224.99,Mobile App,Consumer,UPI,Returned
ORD102866,15-Oct-24,CUST1466,South,Coimbatore,Home & Kitchen,Cookware Set,1,2205.24,15,281.17,163.84,117.33,Website,Corporate,Cash on Delivery,Returned
ORD102867,15-Aug-25,CUST1467,East,Patna,Home & Kitchen,Mixer Grinder,1,3239.58,10,2915.62,1648.74,1266.88,Website,Consumer,Debit Card,Delivered
ORD102868,25-Oct-25,CUST1468,Central,Raipur,Clothing,Hoodie,4,1689.57,20,5406.62,3618.67,1787.95,Mobile App,Consumer,UPI,Delivered
ORD102869,26-Jul-25,CUST1469,North,Chandigarh,Electronics,Power Bank,4,1043.14,25,3129.41,2344.76,784.65,Website,Consumer,UPI,Delivered
ORD102870,26-Jul-25,CUST1470,South,Chennai,Clothing,Dress,1,1748.84,5,249.21,188.8,60.41,Website,Consumer,UPI,Returned
ORD102871,19-Dec-24,CUST1471,Central,Raipur,Electronics,Wireless Headphones,3,2033.45,5,869.3,683.13,186.17,Mobile App,Consumer,UPI,Returned
ORD102872,28-Jan-24,CUST1472,South,Chennai,Electronics,Keyboard,1,1178.93,5,1119.98,676.23,443.75,Mobile App,Consumer,UPI,Delivered
ORD102873,12-Feb-24,CUST1473,South,Coimbatore,Clothing,Dress,1,1761.04,15,1496.88,1221.63,275.25,Website,Corporate,Credit Card,Delivered
ORD102874,11-Nov-25,CUST1474,South,Hyderabad,Clothing,Jeans,3,1487.79,15,3793.86,2868.41,925.45,Website,Corporate,Credit Card,Delivered
ORD102875,26-Feb-25,CUST1475,South,Hyderabad,Sports,Dumbbells,3,1669.97,25,3757.44,2226.08,1531.35,Mobile App,Consumer,Net Banking,Delivered
ORD102876,20-Aug-25,CUST1476,Central,Indore,Clothing,T-Shirt,1,762.22,10,685.99,533.01,152.98,Marketplace,Consumer,Debit Card,Delivered
ORD102877,25-Jun-24,CUST1477,West,Surat,Beauty,Lipstick,1,557.51,15,71.08,48.67,22.41,Website,Consumer,UPI,Returned
ORD102878,12-Jun-25,CUST1478,East,Guwahati,Home & Kitchen,Water Bottle,1,591,20,70.92,40.28,30.64,Website,Consumer,Debit Card,Returned
ORD102879,01-Sep-25,CUST1479,Central,Nagpur,Beauty,Shampoo,3,533.02,5,0,0,0,Website,Consumer,UPI,Cancelled
ORD102880,08-May-25,CUST1480,East,Kolkata,Clothing,Dress,4,1603.88,10,5773.98,3852.12,1921.86,Website,Consumer,UPI,Delivered
ORD102881,16-Jul-24,CUST1481,North,Chandigarh,Sports,Gym Bag,1,1176.63,10,1058.97,734.11,324.85,Website,Consumer,Credit Card,Delivered
ORD102882,01-Sep-25,CUST1482,South,Hyderabad,Home & Kitchen,Water Bottle,3,596.11,15,0,0,0,Mobile App,Student,Credit Card,Cancelled
ORD102883,30-Jul-25,CUST1483,South,Chennai,Beauty,Lipstick,1,489.4,15,415.99,253.02,162.97,Mobile App,Consumer,Debit Card,Delivered
ORD102884,31-May-25,CUST1484,North,Lucknow,Clothing,Jeans,2,1444.55,15,368.36,249.75,118.61,Mobile App,Consumer,Cash on Delivery,Returned
ORD102885,28-May-25,CUST1485,Central,Bhopal,Electronics,Smart Watch,1,2612.47,5,2481.84,1516.38,965.46,Website,Corporate,Cash on Delivery,Delivered
ORD102886,22-Jan-24,CUST1486,West,Surat,Home & Kitchen,Cookware Set,2,2292.61,5,4355.97,3052.52,1303.44,Mobile App,Consumer,UPI,Delivered
ORD102887,21-Apr-24,CUST1487,South,Coimbatore,Electronics,Wireless Headphones,1,2031.83,15,1727.06,1373.9,353.16,Website,Consumer,Credit Card,Delivered
ORD102888,26-Feb-24,CUST1488,East,Bhubaneswar,Clothing,Hoodie,4,1875.46,5,7126.73,5012.18,2114.55,Website,Consumer,Net Banking,Delivered
ORD102889,06-Mar-24,CUST1489,West,Ahmedabad,Electronics,Power Bank,1,1089.77,5,0,0,0,Mobile App,Consumer,Debit Card,Cancelled
ORD102890,07-Apr-24,CUST1490,Central,Nagpur,Home & Kitchen,Coffee Maker,1,2066.2,5,0,0,0,Website,Corporate,Credit Card,Cancelled
ORD102891,23-May-24,CUST1491,Central,Raipur,Sports,Running Shoes,3,3246,0,9738.01,5744.02,3993.99,Website,Consumer,Net Banking,Delivered
ORD102892,10-Mar-25,CUST1492,East,Patna,Clothing,Jeans,1,1656.74,15,1408.23,1118.86,289.37,Mobile App,Consumer,UPI,Delivered
ORD102893,28-Sep-25,CUST1493,West,Surat,Beauty,Moisturizer,1,716.58,15,0,0,0,Mobile App,Consumer,UPI,Cancelled
ORD102894,09-Nov-25,CUST1494,East,Bhubaneswar,Home & Kitchen,Coffee Maker,2,2327.17,10,4188.91,3080.12,1108.79,Website,Corporate,Debit Card,Delivered
ORD102895,26-Mar-24,CUST1495,East,Patna,Home & Kitchen,Cookware Set,3,2397.89,15,6114.63,4715.11,1399.52,Website,Consumer,Credit Card,Delivered
ORD102896,10-Aug-25,CUST1496,North,Chandigarh,Sports,Running Shoes,1,3320.12,5,0,0,0,Mobile App,Student,UPI,Cancelled
ORD102897,09-Dec-24,CUST1497,North,Delhi,Sports,Gym Bag,1,1236.33,5,176.18,127.4,48.78,Marketplace,Student,UPI,Returned
ORD102898,20-Oct-24,CUST1498,East,Patna,Beauty,Lipstick,1,465.94,20,372.75,278.44,94.31,Marketplace,Consumer,UPI,Delivered
ORD102899,24-Jul-25,CUST1499,South,Hyderabad,Clothing,T-Shirt,4,670.45,10,0,0,0,Marketplace,Consumer,Credit Card,Cancelled
ORD102900,11-Oct-25,CUST1500,North,Chandigarh,Home & Kitchen,Coffee Maker,1,2235.93,5,2124.13,1387.48,736.66,Website,Consumer,UPI,Delivered
ORD102901,02-Sep-25,CUST1501,West,Mumbai,Electronics,Wireless Headphones,1,1825.52,15,1551.69,1256.86,294.83,Website,consumer,UPI,Delivered
ORD102902,04-Dec-25,CUST1502,North,Jaipur,Clothing,Sneakers,2,2632.84,5,5002.39,3099.7,1902.7,Website,Consumer,UPI,Delivered
ORD102903,30-Aug-24,CUST1503,East,Kolkata,Home & Kitchen,Mixer Grinder,1,3004.29,5,428.11,298.14,129.97,Website,Consumer,UPI,Returned
ORD102904,14-Jul-25,CUST1504,East,Guwahati,Beauty,Sunscreen,1,604.86,0,604.86,361.32,243.54,Website,Consumer,UPI,Delivered
ORD102905,01-Feb-24,CUST1505,Central,Bhopal,Sports,Cricket Bat,4,2075.35,25,0,0,0,Mobile App,Corporate,UPI,Cancelled
ORD102906,25-Jan-25,CUST1506,East,Kolkata,Clothing,Sneakers,1,2704.25,10,2433.82,1809.82,624,Website,Corporate,Credit Card,Delivered
ORD102907,03-Oct-24,CUST1507,North,Chandigarh,Electronics,Keyboard,2,1361.55,0,2723.1,1970.53,752.57,Website,Consumer,Debit Card,Delivered
ORD102908,15-Jun-25,CUST1508,East,Bhubaneswar,Sports,Cricket Bat,3,2130.3,15,5432.26,3595.43,1836.84,Mobile App,Consumer,UPI,Delivered
ORD102909,02-Jun-24,CUST1509,Central,Bhopal,Electronics,Power Bank,1,1095.4,20,0,0,0,Website,Consumer,Credit Card,Cancelled
ORD102910,17-Jan-25,CUST1510,Central,Bhopal,Home & Kitchen,Mixer Grinder,1,3336.6,10,3002.94,2280.02,722.92,Website,Consumer,Cash on Delivery,Delivered
ORD102911,08-Mar-24,CUST1511,South,Bengaluru,Electronics,Power Bank,4,1077.42,0,4309.67,2682.08,1627.59,Mobile App,Corporate,UPI,Delivered
ORD102912,01-Aug-24,CUST1512,South,Bengaluru,Clothing,Hoodie,3,1641.78,5,4679.07,3161.51,1517.56,Website,Corporate,Net Banking,Delivered
ORD102913,16-Oct-25,CUST1513,Central,Raipur,Sports,Gym Bag,1,1282.9,5,1218.76,959.25,259.51,Mobile App,Consumer,UPI,Delivered
ORD102914,10-Jan-25,CUST1514,South,Hyderabad,Electronics,Keyboard,1,1181.9,10,0,0,0,Marketplace,Consumer,UPI,Cancelled
ORD102915,31-Jul-24,CUST1515,West,Surat,Clothing,Sneakers,2,2754.77,10,4958.59,3505.7,1452.89,Mobile App,Consumer,UPI,Delivered
ORD102916,19-Mar-24,CUST1516,South,Bengaluru,Clothing,T-Shirt,1,656.43,5,623.6,382.04,241.57,Mobile App,Corporate,Credit Card,Delivered
ORD102917,26-Dec-25,CUST1517,North,Chandigarh,Sports,Gym Bag,2,1074.78,10,1934.6,1097.37,837.24,Website,Corporate,UPI,Delivered
ORD102918,19-Sep-25,CUST1518,South,Chennai,Sports,Gym Bag,4,1067.12,10,3841.62,3059.74,781.88,Marketplace,Student,Credit Card,Delivered
ORD102919,26-Aug-25,CUST1519,South,Chennai,Electronics,Bluetooth Speaker,1,1349.94,20,1079.96,831.99,247.96,Website,Student,Net Banking,Delivered
ORD102920,15-Jan-25,CUST1520,West,Pune,Electronics,Power Bank,3,969.87,10,0,0,0,Marketplace,Consumer,UPI,Cancelled
ORD102921,10-Nov-25,CUST1521,Central,Raipur,Home & Kitchen,Water Bottle,2,593.6,10,1068.47,829.11,239.36,Mobile App,Student,Cash on Delivery,Delivered
ORD102922,27-Feb-24,CUST1522,South,Chennai,Clothing,Dress,1,1753.66,15,1490.61,878.77,611.84,Mobile App,Consumer,UPI,Delivered
ORD102923,26-Jan-24,CUST1523,West,Mumbai,Home & Kitchen,Water Bottle,2,570.77,5,1084.47,735.88,348.59,Marketplace,Consumer,Cash on Delivery,Delivered
ORD102924,22-Mar-25,CUST1524,North,Jaipur,Electronics,Keyboard,2,1180.43,5,2242.81,1673.05,569.77,Mobile App,Consumer,Cash on Delivery,Delivered
ORD102925,06-Mar-24,CUST1525,East,Kolkata,Electronics,Wireless Headphones,1,2100.61,15,1785.52,1239.38,546.14,Website,Consumer,UPI,Delivered
ORD102926,10-Sep-24,CUST1526,North,Jaipur,Beauty,Sunscreen,1,530.93,10,477.83,372.57,105.26,Mobile App,Corporate,Credit Card,Delivered
ORD102927,13-Feb-24,CUST1527,Central,Indore,Electronics,Bluetooth Speaker,2,1635.28,10,2943.51,2109.19,834.32,Marketplace,Consumer,UPI,Delivered
ORD102928,06-Apr-24,CUST1528,West,Ahmedabad,Sports,Yoga Mat,2,863.52,20,1381.64,921.04,460.6,Mobile App,Corporate,UPI,Delivered
ORD102929,07-Jul-25,CUST1529,West,Mumbai,Electronics,Bluetooth Speaker,4,1522.59,10,5481.32,4383.93,1097.4,Marketplace,Corporate,Debit Card,Delivered
ORD102930,14-Aug-24,CUST1530,Central,Nagpur,Electronics,Keyboard,3,1169.45,15,447.31,250.41,196.91,Mobile App,Corporate,Credit Card,Returned
ORD102931,09-Nov-25,CUST1531,West,Mumbai,Sports,Dumbbells,1,1421.98,15,181.3,123.62,57.68,Marketplace,Consumer,Debit Card,Returned
ORD102932,11-Mar-25,CUST1532,Central,Nagpur,Clothing,Sneakers,3,2663.15,0,7989.45,5819.61,2169.85,Mobile App,Consumer,Credit Card,Delivered
ORD102933,23-Aug-25,CUST1533,West,Pune,Beauty,Moisturizer,1,675.25,15,573.96,445.24,128.72,Website,Corporate,UPI,Delivered
ORD102934,13-Jan-25,CUST1534,Central,Indore,Electronics,Smart Watch,1,2789.93,25,2092.45,1456.58,635.87,Mobile App,Consumer,Credit Card,Delivered
ORD102935,26-Jun-24,CUST1535,East,Bhubaneswar,Home & Kitchen,Coffee Maker,1,2180.44,10,1962.4,1548.51,413.89,Website,Corporate,UPI,Delivered
ORD102936,02-Mar-25,CUST1536,North,Jaipur,Beauty,Shampoo,2,538.08,15,914.74,608.39,306.35,Mobile App,Corporate,UPI,Delivered
ORD102937,09-Dec-25,CUST1537,East,Kolkata,Clothing,T-Shirt,1,779.1,10,701.19,445.69,255.5,Mobile App,Consumer,UPI,Delivered
ORD102938,02-Nov-24,CUST1538,North,Chandigarh,Beauty,Face Serum,1,739.8,5,702.81,571.34,131.48,Website,Consumer,Debit Card,Delivered
ORD102939,18-May-25,CUST1539,East,Kolkata,Home & Kitchen,Water Bottle,1,638.68,5,606.74,443.01,163.74,Website,Consumer,UPI,Delivered
ORD102940,24-Sep-24,CUST1540,East,Patna,Clothing,T-Shirt,1,598.3,10,80.77,53.71,27.06,Website,Student,UPI,Returned
ORD102941,08-Aug-25,CUST1541,West,Mumbai,Home & Kitchen,Coffee Maker,4,2272.74,10,8181.87,6440.04,1741.83,Website,Consumer,UPI,Delivered
ORD102942,08-Jan-24,CUST1542,North,Delhi,Home & Kitchen,Mixer Grinder,5,3467.92,10,15605.65,11461.29,4144.37,Mobile App,Consumer,Credit Card,Delivered
ORD102943,22-May-25,CUST1543,South,Bengaluru,Electronics,Keyboard,2,1271.58,25,1907.36,1377.58,529.78,Mobile App,Consumer,UPI,Delivered
ORD102944,20-Apr-25,CUST1544,East,Bhubaneswar,Clothing,Sneakers,2,2233.53,0,4467.05,3335.57,1131.48,Mobile App,Consumer,UPI,Delivered
ORD102945,23-Oct-24,CUST1545,Central,Nagpur,Clothing,T-Shirt,2,710.54,5,202.5,151.74,50.76,Website,Consumer,UPI,Returned
ORD102946,12-Jun-24,CUST1546,South,Bengaluru,Clothing,T-Shirt,3,763.54,10,2061.56,1408.26,653.3,Mobile App,Consumer,Credit Card,Delivered
ORD102947,29-Apr-25,CUST1547,South,Hyderabad,Beauty,Sunscreen,2,659.77,25,989.66,656.35,333.3,Website,Consumer,Credit Card,Delivered
ORD102948,19-Aug-25,CUST1548,West,Surat,Home & Kitchen,Bedsheet,1,1050.4,10,945.36,752.04,193.32,Website,Consumer,UPI,Delivered
ORD102949,12-Mar-24,CUST1549,West,Pune,Sports,Cricket Bat,1,1841.48,15,1565.26,1071.04,494.22,Mobile App,Consumer,UPI,Delivered
ORD102950,20-Jul-25,CUST1550,South,Bengaluru,Clothing,Hoodie,1,1951.89,15,1659.11,1009.19,649.92,Website,Student,Debit Card,Delivered
ORD102951,12-Jul-25,CUST1551,South,Bengaluru,Clothing,Dress,1,1742.88,10,235.29,162.55,72.74,Website,Corporate,Credit Card,Returned
ORD102952,25-Aug-24,CUST1552,South,Bengaluru,Beauty,Lipstick,1,473.63,0,473.63,264.9,208.73,Website,Corporate,Credit Card,Delivered
ORD102953,13-Apr-24,CUST1553,Central,Bhopal,Home & Kitchen,Bedsheet,3,898.51,5,2560.74,1908.51,652.23,Mobile App,Consumer,Credit Card,Delivered
ORD102954,28-Jul-24,CUST1554,North,Chandigarh,Home & Kitchen,Coffee Maker,2,2388.46,5,680.71,397.73,282.98,Mobile App,Consumer,UPI,Returned
ORD102955,07-Jul-25,CUST1555,South,Hyderabad,Electronics,Smart Watch,1,2721.35,0,2721.35,1578.83,1142.52,Mobile App,Consumer,UPI,Delivered
ORD102956,12-Apr-25,CUST1556,North,Jaipur,Clothing,Jeans,1,1314.99,5,187.39,150.94,36.44,Website,Student,Credit Card,Returned
ORD102957,29-Mar-25,CUST1557,South,Hyderabad,Clothing,Sneakers,2,2776.6,10,749.68,568.7,180.98,Mobile App,Consumer,Cash on Delivery,Returned
ORD102958,24-Sep-24,CUST1558,West,Surat,Sports,Gym Bag,1,1191.72,0,178.76,118.31,60.45,Mobile App,Consumer,Credit Card,Returned
ORD102959,20-Jan-25,CUST1559,South,Coimbatore,Clothing,Dress,1,1788.17,0,0,0,0,Marketplace,Corporate,Debit Card,Cancelled
ORD102960,21-Jan-25,CUST1560,North,Lucknow,Sports,Gym Bag,3,1163.21,15,444.93,346.04,98.89,Mobile App,Consumer,Cash on Delivery,Returned
ORD102961,15-Sep-24,CUST1561,East,Kolkata,Home & Kitchen,Cookware Set,1,2483.97,0,2483.97,2015.79,468.18,Website,Consumer,Credit Card,Delivered
ORD102962,09-Oct-24,CUST1562,North,Jaipur,Clothing,Dress,3,1474.03,0,663.31,455.86,207.45,Mobile App,Consumer,Cash on Delivery,Returned
ORD102963,17-Sep-25,CUST1563,North,Chandigarh,Home & Kitchen,Bedsheet,3,1091.62,25,2456.15,1735.57,720.58,Website,Consumer,Net Banking,Delivered
ORD102964,09-Feb-24,CUST1564,West,Pune,Beauty,Face Serum,3,774.87,0,2324.62,1431.09,893.53,Website,Corporate,Credit Card,Delivered
ORD102965,30-Apr-25,CUST1565,West,Surat,Sports,Cricket Bat,1,2138.82,5,2031.88,1440.8,591.08,Mobile App,Student,Credit Card,Delivered
ORD102966,07-Aug-24,CUST1566,Central,Nagpur,Electronics,Wireless Headphones,1,1742.18,0,261.33,172,89.33,Website,Student,Cash on Delivery,Returned
ORD102967,08-May-24,CUST1567,Central,Nagpur,Clothing,Hoodie,1,1912.03,15,243.78,189.74,54.05,Website,Consumer,Credit Card,Returned
ORD102968,03-Jun-25,CUST1568,West,Ahmedabad,Clothing,Jeans,1,1472.57,10,1325.31,863.86,461.45,Website,Consumer,Credit Card,Delivered
ORD102969,04-Sep-25,CUST1569,North,Chandigarh,Electronics,Smart Watch,2,2127.8,0,4255.6,3086.03,1169.56,Marketplace,Consumer,Cash on Delivery,Delivered
ORD102970,18-Nov-25,CUST1570,West,Pune,Home & Kitchen,Coffee Maker,3,2003.49,10,0,0,0,Marketplace,Student,Credit Card,Cancelled
ORD102971,10-Sep-25,CUST1571,Central,Raipur,Sports,Cricket Bat,4,1803.71,0,0,0,0,Website,Consumer,Credit Card,Cancelled
ORD102972,04-Sep-25,CUST1572,West,Ahmedabad,Clothing,Jeans,3,1578.41,10,4261.71,2390.38,1871.33,Website,Student,UPI,Delivered
ORD102973,16-Sep-24,CUST1573,East,Patna,Beauty,Moisturizer,1,684.21,15,0,0,0,Website,Consumer,Debit Card,Cancelled
ORD102974,31-Dec-24,CUST1574,South,Bengaluru,Home & Kitchen,Cookware Set,2,2231.92,0,4463.83,2652.2,1811.63,Website,Consumer,Cash on Delivery,Delivered
ORD102975,27-Jun-25,CUST1575,Central,Raipur,Clothing,T-Shirt,1,642.62,10,0,0,0,Website,Student,Credit Card,Cancelled
ORD102976,10-Oct-25,CUST1576,West,Mumbai,Electronics,Smart Watch,1,2464.27,10,2217.84,1697.9,519.94,Website,Student,Cash on Delivery,Delivered
ORD102977,07-Jun-25,CUST1577,Central,Nagpur,Beauty,Lipstick,3,426.8,20,1024.31,755.13,269.18,Marketplace,Corporate,UPI,Delivered
ORD102978,16-Jan-24,CUST1578,North,Jaipur,Sports,Running Shoes,1,2892.58,25,2169.43,1663.73,505.7,Mobile App,Consumer,UPI,Delivered
ORD102979,08-May-24,CUST1579,South,Bengaluru,Beauty,Sunscreen,2,618.81,15,157.8,97.98,59.81,Website,Consumer,Credit Card,Returned
ORD102980,28-Jul-25,CUST1580,South,Hyderabad,Electronics,Smart Watch,3,2473.49,20,890.46,701.15,189.31,Website,Corporate,UPI,Returned
ORD102981,18-Apr-24,CUST1581,West,Pune,Electronics,Keyboard,1,1313.92,10,177.38,145.24,32.14,Website,Consumer,UPI,Returned
ORD102982,16-Jun-25,CUST1582,North,Chandigarh,Electronics,Keyboard,5,1218.7,20,4874.82,3062.66,1812.16,Website,Student,UPI,Delivered
ORD102983,31-Oct-25,CUST1583,North,Delhi,Home & Kitchen,Cookware Set,1,2247.68,10,303.44,247.56,55.88,Mobile App,Consumer,Credit Card,Returned
ORD102984,25-Sep-24,CUST1584,Central,Bhopal,Beauty,Lipstick,3,533.25,10,0,0,0,Website,Consumer,Net Banking,Cancelled
ORD102985,10-Jun-24,CUST1585,North,Chandigarh,Electronics,Power Bank,1,1093.43,15,139.41,77.12,62.29,Marketplace,Corporate,UPI,Returned
ORD102986,16-Sep-24,CUST1586,Central,Nagpur,Beauty,Face Serum,1,789.33,20,94.72,61.49,33.23,Website,Consumer,UPI,Returned
ORD102987,11-Apr-24,CUST1587,South,Coimbatore,Home & Kitchen,Cookware Set,1,2329.97,0,2329.97,1909.01,420.96,Mobile App,Consumer,Net Banking,Delivered
ORD102988,20-May-25,CUST1588,Central,Nagpur,Beauty,Sunscreen,2,591.83,0,0,0,0,Marketplace,Consumer,Cash on Delivery,Cancelled
ORD102989,24-Jul-25,CUST1589,East,Guwahati,Sports,Dumbbells,3,1738.63,20,625.91,461.78,164.13,Website,Corporate,Cash on Delivery,Returned
ORD102990,03-Sep-24,CUST1590,Central,Raipur,Electronics,Bluetooth Speaker,2,1553.98,10,2797.17,1718.45,1078.72,Mobile App,Consumer,UPI,Delivered
ORD102991,01-Oct-25,CUST1591,Central,Nagpur,Sports,Running Shoes,4,3244.4,25,0,0,0,Website,Student,Credit Card,Cancelled
ORD102992,20-Jun-25,CUST1592,North,Jaipur,Electronics,Power Bank,3,937.72,15,2391.2,1886.86,504.33,Website,Consumer,UPI,Delivered
ORD102993,10-May-24,CUST1593,North,Jaipur,Clothing,Jeans,1,1562.31,15,1327.96,878.6,449.36,Website,Consumer,Debit Card,Delivered
ORD102994,18-Dec-24,CUST1594,South,Coimbatore,Sports,Gym Bag,2,1230.56,5,350.71,193.28,157.43,Website,Consumer,Credit Card,Returned
ORD102995,14-Jul-24,CUST1595,West,Pune,Sports,Cricket Bat,1,2007.67,5,286.09,180.08,106.01,Website,Student,Credit Card,Returned
ORD102996,27-Oct-25,CUST1596,Central,Indore,Home & Kitchen,Coffee Maker,1,2182.77,10,1964.5,1184.29,780.2,Website,Consumer,Credit Card,Delivered
ORD102997,16-Jan-25,CUST1597,East,Kolkata,Home & Kitchen,Water Bottle,1,598.26,20,478.61,341.26,137.35,Marketplace,Consumer,Cash on Delivery,Delivered
ORD102998,06-Oct-25,CUST1598,West,Mumbai,Beauty,Lipstick,1,538.63,15,457.83,345.28,112.56,Marketplace,Student,UPI,Delivered
ORD102999,14-Aug-24,CUST1599,North,Chandigarh,Beauty,Moisturizer,2,767.03,10,1380.65,944.81,435.84,Website,Corporate,UPI,Delivered
ORD103000,01-Dec-25,CUST1600,West,Mumbai,Electronics,Wireless Headphones,1,1760.06,15,1496.05,897.92,598.13,Website,Consumer,Cash on Delivery,Delivered
ORD103001,20-Apr-25,CUST1601,Central,Indore,Beauty,Face Serum,2,801.85,15,1363.15,771.06,592.08,Website,Consumer,Debit Card,Delivered
ORD103002,21-Apr-25,CUST1602,South,Coimbatore,Home & Kitchen,Water Bottle,4,657.68,20,2104.59,1335.69,768.9,Website,Student,UPI,Delivered
ORD103003,21-Sep-24,CUST1603,East,Bhubaneswar,Clothing,T-Shirt,1,619.58,5,588.6,451.82,136.78,Website,Consumer,UPI,Delivered
ORD103004,06-Jan-25,CUST1604,North,Chandigarh,Clothing,Dress,3,1537.39,0,691.83,458.87,232.96,Mobile App,Consumer,UPI,Returned
ORD103005,30-Apr-25,CUST1605,East,Guwahati,Home & Kitchen,Mixer Grinder,2,2883.5,10,0,0,0,Website,Student,Credit Card,Cancelled
ORD103006,09-Mar-25,CUST1606,East,Patna,Sports,Gym Bag,1,1055.89,5,150.46,83.6,66.87,Website,Consumer,UPI,Returned
ORD103007,07-Oct-25,CUST1607,North,Delhi,Home & Kitchen,Water Bottle,3,655.37,25,1474.59,1008.52,466.06,Mobile App,Corporate,Cash on Delivery,Delivered
ORD103008,29-Jul-24,CUST1608,East,Kolkata,Sports,Gym Bag,1,1163.59,0,1163.59,855.13,308.47,Mobile App,Corporate,Credit Card,Delivered
ORD103009,25-Jul-25,CUST1609,South,Bengaluru,Electronics,Keyboard,1,1345.71,20,161.49,97.12,64.37,Mobile App,Corporate,Cash on Delivery,Returned
ORD103010,11-Jan-25,CUST1610,East,Patna,Beauty,Shampoo,1,442.87,25,0,0,0,Website,Corporate,UPI,Cancelled
ORD103011,29-Jan-25,CUST1611,East,Kolkata,Beauty,Face Serum,2,683.88,0,205.17,136.15,69.02,Mobile App,Consumer,UPI,Returned
ORD103012,25-Mar-25,CUST1612,North,Jaipur,Home & Kitchen,Water Bottle,2,653.17,20,156.76,116.01,40.75,Marketplace,Corporate,Cash on Delivery,Returned
ORD103013,29-Dec-24,CUST1613,West,Mumbai,Home & Kitchen,Coffee Maker,1,2210.27,10,1989.25,1556.31,432.93,Mobile App,Student,UPI,Delivered
ORD103014,01-Apr-25,CUST1614,West,Pune,Home & Kitchen,Cookware Set,1,2137.64,15,1816.99,1149.98,667.01,Mobile App,Consumer,UPI,Delivered
ORD103015,25-Dec-25,CUST1615,South,Hyderabad,Sports,Running Shoes,3,3352.68,0,10058.03,7988.98,2069.06,Website,Consumer,Credit Card,Delivered
ORD103016,28-Dec-25,CUST1616,North,Delhi,Beauty,Sunscreen,3,588.75,25,1324.69,981.43,343.26,Website,Consumer,Credit Card,Delivered
ORD103017,13-Aug-24,CUST1617,West,Mumbai,Electronics,Bluetooth Speaker,2,1466.75,10,0,0,0,Website,Corporate,UPI,Cancelled
ORD103018,10-May-24,CUST1618,Central,Raipur,Beauty,Face Serum,1,813.1,20,97.57,74.51,23.06,Marketplace,Corporate,Credit Card,Returned
ORD103019,10-Aug-25,CUST1619,South,Hyderabad,Clothing,Hoodie,1,1532.99,15,1303.04,890.69,412.35,Mobile App,Corporate,UPI,Delivered
ORD103020,20-Apr-25,CUST1620,South,Hyderabad,Clothing,T-Shirt,3,701.56,10,284.13,228.81,55.33,Mobile App,Corporate,UPI,Returned
ORD103021,03-Oct-24,CUST1621,North,Chandigarh,Sports,Gym Bag,1,1222.93,0,1222.93,779.47,443.46,Mobile App,Consumer,Net Banking,Delivered
ORD103022,04-Jun-24,CUST1622,East,Guwahati,Clothing,Hoodie,1,1673.39,0,1673.39,1187.48,485.91,Mobile App,Consumer,UPI,Delivered
ORD103023,05-Aug-24,CUST1623,North,Lucknow,Beauty,Moisturizer,1,731.33,10,658.2,531.93,126.27,Marketplace,Consumer,Cash on Delivery,Delivered
ORD103024,08-Jul-24,CUST1624,South,Bengaluru,Clothing,T-Shirt,2,665.38,20,0,0,0,Website,Consumer,Credit Card,Cancelled
ORD103025,20-Feb-25,CUST1625,West,Surat,Electronics,Bluetooth Speaker,1,1564.65,0,0,0,0,Marketplace,Consumer,UPI,Cancelled
ORD103026,05-Nov-25,CUST1626,East,Guwahati,Home & Kitchen,Cookware Set,1,2221.19,25,249.88,188.21,61.68,Mobile App,Consumer,Debit Card,Returned
ORD103027,22-Nov-25,CUST1627,South,Hyderabad,Electronics,Smart Watch,2,2740.65,20,4385.04,3230,1155.03,Website,Consumer,Credit Card,Delivered
ORD103028,29-Jun-25,CUST1628,South,Hyderabad,Beauty,Lipstick,2,542.64,5,0,0,0,Website,Consumer,Credit Card,Cancelled
ORD103029,10-Feb-24,CUST1629,East,Bhubaneswar,Clothing,Dress,2,1424.18,5,2705.94,1868.03,837.91,Website,Consumer,UPI,Delivered
ORD103030,02-Nov-24,CUST1630,North,Jaipur,Clothing,Jeans,1,1653.97,20,1323.18,841.68,481.49,Website,Student,UPI,Delivered
ORD103031,03-Dec-24,CUST1631,North,Chandigarh,Electronics,Bluetooth Speaker,3,1499.9,0,674.96,468.74,206.22,Mobile App,Corporate,Debit Card,Returned
ORD103032,09-Nov-24,CUST1632,Central,Raipur,Clothing,Jeans,1,1558.13,5,1480.22,953.99,526.23,Website,Consumer,Debit Card,Delivered
ORD103033,15-Mar-24,CUST1633,North,Delhi,Beauty,Moisturizer,2,752.74,0,0,0,0,Mobile App,Consumer,Cash on Delivery,Cancelled
ORD103034,05-Oct-24,CUST1634,West,Surat,Electronics,Wireless Headphones,2,1744.26,25,2616.38,1831.05,785.33,Website,Corporate,UPI,Delivered
ORD103035,24-Jun-24,CUST1635,Central,Raipur,Home & Kitchen,Bedsheet,1,894.81,10,805.33,453.45,351.88,Mobile App,Student,UPI,Delivered
ORD103036,23-Oct-25,CUST1636,South,Bengaluru,Sports,Yoga Mat,1,834.64,5,792.9,443.93,348.98,Marketplace,Consumer,Net Banking,Delivered
ORD103037,29-Sep-24,CUST1637,South,Coimbatore,Home & Kitchen,Coffee Maker,1,2152.48,5,2044.86,1160.32,884.53,Mobile App,Consumer,UPI,Delivered
ORD103038,11-Sep-25,CUST1638,East,Guwahati,Beauty,Lipstick,1,470.77,10,423.7,309.98,113.72,Marketplace,Consumer,UPI,Delivered
ORD103039,12-Oct-25,CUST1639,Central,Indore,Electronics,Wireless Headphones,2,1972.17,0,591.65,390.42,201.23,Mobile App,Student,Cash on Delivery,Returned
ORD103040,15-Oct-24,CUST1640,Central,Indore,Clothing,T-Shirt,2,629.24,20,1006.78,688.05,318.74,Mobile App,Consumer,UPI,Delivered
ORD103041,24-Dec-25,CUST1641,West,Mumbai,Sports,Gym Bag,1,1239.98,10,167.4,107.59,59.81,Website,Consumer,UPI,Returned
ORD103042,28-Sep-24,CUST1642,North,Jaipur,Beauty,Face Serum,4,691.17,15,2349.99,1453.43,896.56,Mobile App,Consumer,UPI,Delivered
ORD103043,06-Mar-24,CUST1643,West,Pune,Home & Kitchen,Mixer Grinder,1,3126.1,5,2969.8,1920.69,1049.1,Website,Consumer,UPI,Delivered
ORD103044,27-Apr-25,CUST1644,South,Hyderabad,Home & Kitchen,Water Bottle,1,538.11,10,484.29,291.65,192.65,Mobile App,Consumer,UPI,Delivered
ORD103045,04-Sep-24,CUST1645,East,Patna,Clothing,Dress,1,1674.28,5,0,0,0,Mobile App,Student,Credit Card,Cancelled
ORD103046,04-Jun-24,CUST1646,North,Chandigarh,Electronics,Smart Watch,2,2720.38,15,4624.64,2670.59,1954.06,Mobile App,Student,UPI,Delivered
ORD103047,16-Feb-24,CUST1647,South,Hyderabad,Beauty,Sunscreen,2,521.89,15,887.22,611.79,275.42,Website,Consumer,UPI,Delivered
ORD103048,29-Mar-25,CUST1648,West,Ahmedabad,Home & Kitchen,Mixer Grinder,4,3503.41,0,14013.63,9511.66,4501.97,Website,Corporate,Cash on Delivery,Delivered
ORD103049,19-Jul-24,CUST1649,East,Patna,Clothing,Hoodie,1,1964.23,0,1964.23,1240.45,723.78,Website,Consumer,Cash on Delivery,Delivered
ORD103050,21-Oct-25,CUST1650,South,Chennai,Sports,Running Shoes,1,3337.8,15,2837.13,1638.78,1198.35,Marketplace,Consumer,Cash on Delivery,Delivered
ORD103051,03-May-24,CUST1651,South,Bengaluru,Clothing,Jeans,2,1508.64,0,3017.29,2232.51,784.78,Website,Corporate,Debit Card,Delivered
ORD103052,01-Jan-24,CUST1652,Central,Raipur,Clothing,Hoodie,2,1688.17,10,3038.71,2138.57,900.14,Marketplace,Consumer,Debit Card,Delivered
ORD103053,01-Oct-25,CUST1653,West,Ahmedabad,Sports,Dumbbells,4,1498.16,10,5393.36,4145.11,1248.25,Marketplace,Consumer,UPI,Delivered
ORD103054,09-Jul-24,CUST1654,South,Bengaluru,Beauty,Lipstick,1,475.21,5,451.45,277,174.44,Mobile App,Consumer,UPI,Delivered
ORD103055,01-Aug-25,CUST1655,North,Lucknow,Home & Kitchen,Coffee Maker,2,2232.91,10,4019.24,3069.58,949.66,Mobile App,Consumer,UPI,Delivered
ORD103056,30-May-25,CUST1656,South,Coimbatore,Electronics,Power Bank,1,981.38,10,0,0,0,Marketplace,Corporate,Net Banking,Cancelled
ORD103057,17-Mar-25,CUST1657,Central,Bhopal,Electronics,Power Bank,2,1025.45,10,1845.82,1071.31,774.51,Website,Corporate,Credit Card,Delivered
ORD103058,22-May-24,CUST1658,East,Bhubaneswar,Home & Kitchen,Mixer Grinder,1,2839.17,5,2697.21,1581.72,1115.49,Website,Consumer,Net Banking,Delivered
ORD103059,09-Jul-24,CUST1659,East,Bhubaneswar,Clothing,Jeans,2,1317,15,2238.91,1365.03,873.88,Marketplace,Consumer,UPI,Delivered
ORD103060,16-Jun-25,CUST1660,East,Kolkata,Beauty,Moisturizer,2,778.45,0,0,0,0,Website,Student,Credit Card,Cancelled
ORD103061,14-Aug-24,CUST1661,South,Coimbatore,Sports,Running Shoes,1,3355.14,10,3019.63,1859.7,1159.93,Website,Consumer,Debit Card,Delivered
ORD103062,08-Nov-24,CUST1662,West,Ahmedabad,Beauty,Sunscreen,1,629.91,5,598.41,426.69,171.72,Website,Consumer,UPI,Delivered
ORD103063,20-Sep-25,CUST1663,East,Kolkata,Clothing,Sneakers,1,2297.15,15,1952.58,1209.15,743.42,Website,Corporate,Debit Card,Delivered
ORD103064,28-Oct-24,CUST1664,North,Jaipur,Beauty,Sunscreen,1,663.34,5,630.17,408.74,221.44,Mobile App,Student,UPI,Delivered
ORD103065,15-Oct-25,CUST1665,North,Chandigarh,Clothing,Hoodie,1,1632.95,15,1388.01,1096.84,291.17,Website,Consumer,UPI,Delivered
ORD103066,04-Apr-25,CUST1666,East,Bhubaneswar,Electronics,Wireless Headphones,1,2093.93,10,1884.53,1291.09,593.44,Website,Consumer,Debit Card,Delivered
ORD103067,04-Feb-25,CUST1667,Central,Raipur,Electronics,Keyboard,3,1144.57,20,2746.98,1956.04,790.94,Mobile App,Consumer,Credit Card,Delivered
ORD103068,04-Jul-25,CUST1668,South,Bengaluru,Clothing,Sneakers,1,2561.99,10,0,0,0,Marketplace,Student,Net Banking,Cancelled
ORD103069,27-Jan-25,CUST1669,Central,Raipur,Sports,Gym Bag,1,1265.03,10,1138.53,666.61,471.91,Website,Corporate,UPI,Delivered
ORD103070,25-Jul-24,CUST1670,West,Pune,Electronics,Wireless Headphones,4,2163.12,15,7354.62,4865.51,2489.11,Website,Corporate,UPI,Delivered
ORD103071,28-Jul-24,CUST1671,South,Coimbatore,Electronics,Bluetooth Speaker,1,1571.35,10,1414.21,1104.43,309.78,Website,Consumer,UPI,Delivered
ORD103072,24-Apr-24,CUST1672,North,Jaipur,Sports,Dumbbells,3,1757.85,15,4482.51,2756.96,1725.54,Marketplace,Student,Cash on Delivery,Delivered
ORD103073,07-Oct-25,CUST1673,North,Delhi,Electronics,Bluetooth Speaker,2,1484.98,0,445.49,319.8,125.69,Website,Consumer,Cash on Delivery,Returned
ORD103074,07-Sep-24,CUST1674,West,Mumbai,Beauty,Shampoo,4,515.42,10,0,0,0,Website,Student,UPI,Cancelled
ORD103075,06-Aug-24,CUST1675,South,Coimbatore,Clothing,Sneakers,1,2373.5,15,2017.47,1618.6,398.87,Website,Corporate,Cash on Delivery,Delivered
ORD103076,10-Feb-25,CUST1676,South,Coimbatore,Electronics,Power Bank,2,851.95,15,1448.32,1185.19,263.13,Mobile App,Corporate,UPI,Delivered
ORD103077,18-Mar-25,CUST1677,East,Patna,Sports,Running Shoes,1,3161.87,15,403.14,304.77,98.37,Website,Consumer,UPI,Returned
ORD103078,25-Aug-25,CUST1678,West,Mumbai,Electronics,Smart Watch,4,2711.07,10,9759.86,5565.58,4194.27,Mobile App,Corporate,Cash on Delivery,Delivered
ORD103079,19-Dec-24,CUST1679,North,Delhi,Home & Kitchen,Mixer Grinder,1,2959.07,25,2219.3,1742.81,476.5,Mobile App,Consumer,Cash on Delivery,Delivered
ORD103080,11-Jul-25,CUST1680,South,Chennai,Clothing,Jeans,2,1285.74,5,2442.91,1927.75,515.16,Mobile App,Consumer,UPI,Delivered
ORD103081,03-Jul-25,CUST1681,East,Guwahati,Electronics,Wireless Headphones,1,1787.94,0,0,0,0,Website,Consumer,UPI,Cancelled
ORD103082,21-May-24,CUST1682,East,Bhubaneswar,Electronics,Wireless Headphones,4,2182.36,0,1309.42,744.02,565.4,Mobile App,Consumer,Cash on Delivery,Returned
ORD103083,03-Sep-25,CUST1683,West,Ahmedabad,Electronics,Wireless Headphones,2,1858.65,25,2787.97,1892.19,895.78,Mobile App,Consumer,UPI,Delivered
ORD103084,15-May-25,CUST1684,North,Lucknow,Electronics,Bluetooth Speaker,1,1368.74,5,1300.3,789.14,511.16,Website,Consumer,Cash on Delivery,Delivered
ORD103085,02-Dec-25,CUST1685,West,Pune,Beauty,Lipstick,1,426.12,15,0,0,0,Mobile App,Consumer,Credit Card,Cancelled
ORD103086,30-Jun-25,CUST1686,West,Pune,Home & Kitchen,Water Bottle,1,557.19,0,83.58,62.31,21.27,Website,Consumer,Debit Card,Returned
ORD103087,20-Oct-25,CUST1687,East,Patna,Clothing,Sneakers,1,2607.01,5,2476.66,1808.55,668.11,Mobile App,Consumer,Credit Card,Delivered
ORD103088,25-Jun-25,CUST1688,West,Surat,Clothing,T-Shirt,1,775.16,10,697.64,530.63,167.02,Website,Consumer,Credit Card,Delivered
ORD103089,21-May-25,CUST1689,South,Bengaluru,Sports,Dumbbells,5,1494.17,10,6723.76,4563.16,2160.61,Mobile App,Consumer,UPI,Delivered
ORD103090,18-Aug-25,CUST1690,North,Chandigarh,Sports,Running Shoes,2,2744.04,5,0,0,0,Website,Student,UPI,Cancelled
ORD103091,07-Oct-24,CUST1691,West,Surat,Beauty,Sunscreen,4,652.78,10,2350,1886.19,463.8,Website,Consumer,Credit Card,Delivered
ORD103092,27-Feb-25,CUST1692,East,Kolkata,Sports,Cricket Bat,1,2159.27,0,2159.27,1555.58,603.69,Marketplace,Consumer,Credit Card,Delivered
ORD103093,26-Sep-24,CUST1693,West,Pune,Clothing,Sneakers,2,2345.57,10,4222.03,3174.27,1047.75,Mobile App,Consumer,Credit Card,Delivered
ORD103094,02-Jun-24,CUST1694,South,Chennai,Clothing,T-Shirt,1,607.14,0,0,0,0,Mobile App,Student,UPI,Cancelled
ORD103095,05-Sep-25,CUST1695,Central,Raipur,Home & Kitchen,Mixer Grinder,1,3687.74,10,3318.97,2399.39,919.58,Marketplace,Consumer,Credit Card,Delivered
ORD103096,27-Dec-25,CUST1696,East,Patna,Home & Kitchen,Coffee Maker,2,2273.3,0,0,0,0,Mobile App,Student,UPI,Cancelled
ORD103097,23-Oct-25,CUST1697,North,Delhi,Home & Kitchen,Coffee Maker,1,2419.29,10,2177.36,1407.12,770.24,Mobile App,Consumer,UPI,Delivered
ORD103098,23-Mar-24,CUST1698,East,Patna,Clothing,Jeans,5,1412.52,0,7062.58,4699.98,2362.6,Website,Corporate,Net Banking,Delivered
ORD103099,13-Sep-25,CUST1699,West,Surat,Sports,Running Shoes,2,3073.6,10,5532.48,3610.12,1922.36,Website,Student,Debit Card,Delivered
ORD103100,01-Mar-25,CUST1700,West,Ahmedabad,Beauty,Lipstick,3,515.03,5,1467.82,1110.56,357.26,Website,Consumer,Credit Card,Delivered
ORD103101,01-Oct-24,CUST1701,East,Kolkata,Clothing,T-Shirt,2,758.89,15,193.52,151.81,41.71,Mobile App,Consumer,Credit Card,Returned
ORD103102,13-Dec-25,CUST1702,Central,Raipur,Beauty,Face Serum,1,893.38,10,120.61,77.98,42.63,Website,Student,Credit Card,Returned
ORD103103,10-Oct-24,CUST1703,South,Coimbatore,Clothing,Jeans,1,1318.13,20,1054.5,620.51,434,Website,Corporate,Cash on Delivery,Delivered
ORD103104,21-Jun-24,CUST1704,South,Chennai,Electronics,Bluetooth Speaker,1,1529.58,20,1223.67,836.26,387.4,Mobile App,Consumer,Debit Card,Delivered
ORD103105,22-Nov-24,CUST1705,Central,Bhopal,Clothing,Jeans,1,1410.32,15,1198.77,977.92,220.85,Website,Student,UPI,Delivered
ORD103106,18-Dec-25,CUST1706,Central,Indore,Clothing,Sneakers,3,2671.8,15,6813.09,4121.88,2691.21,Marketplace,Corporate,UPI,Delivered
ORD103107,03-Mar-24,CUST1707,West,Surat,Electronics,Bluetooth Speaker,4,1579.38,10,0,0,0,Mobile App,Consumer,UPI,Cancelled
ORD103108,13-Mar-24,CUST1708,Central,Indore,Beauty,Moisturizer,1,762.6,15,0,0,0,Marketplace,Consumer,UPI,Cancelled
ORD103109,27-Sep-25,CUST1709,North,Delhi,Clothing,Hoodie,4,1696.1,10,6105.95,4879.41,1226.54,Website,Consumer,Credit Card,Delivered
ORD103110,09-Jan-25,CUST1710,Central,Raipur,Home & Kitchen,Cookware Set,1,2248.66,5,2136.23,1492.68,643.54,Website,Consumer,UPI,Delivered
ORD103111,24-Sep-25,CUST1711,South,Bengaluru,Electronics,Smart Watch,2,2138.86,5,0,0,0,Mobile App,Consumer,UPI,Cancelled
ORD103112,22-May-25,CUST1712,North,Delhi,Electronics,Smart Watch,1,2296.55,10,2066.89,1141.4,925.49,Marketplace,Student,UPI,Delivered
ORD103113,01-Feb-25,CUST1713,South,Bengaluru,Sports,Dumbbells,1,1517.67,15,0,0,0,Mobile App,Student,Net Banking,Cancelled
ORD103114,29-Apr-24,CUST1714,South,Coimbatore,Home & Kitchen,Cookware Set,1,2762.49,10,2486.24,1573.08,913.16,Marketplace,Consumer,UPI,Delivered
ORD103115,12-Mar-25,CUST1715,South,Hyderabad,Sports,Gym Bag,1,1178.22,0,1178.22,811.35,366.87,Website,Consumer,UPI,Delivered
ORD103116,06-Nov-25,CUST1716,South,Coimbatore,Sports,Dumbbells,1,1599.38,10,1439.44,998.09,441.35,Mobile App,Corporate,UPI,Delivered
ORD103117,09-Apr-25,CUST1717,North,Lucknow,Clothing,Hoodie,1,1956.65,25,220.12,156.27,63.86,Mobile App,Corporate,UPI,Returned
ORD103118,12-Oct-24,CUST1718,South,Chennai,Clothing,T-Shirt,1,761.19,5,723.13,558.51,164.62,Mobile App,Consumer,Net Banking,Delivered
ORD103119,21-Sep-24,CUST1719,East,Guwahati,Sports,Dumbbells,1,1587.07,10,1428.36,900.88,527.48,Website,Consumer,UPI,Delivered
ORD103120,15-Nov-24,CUST1720,East,Bhubaneswar,Sports,Gym Bag,1,1055.96,25,791.97,490.36,301.61,Mobile App,Student,Credit Card,Delivered
ORD103121,03-Nov-25,CUST1721,South,Bengaluru,Home & Kitchen,Coffee Maker,2,2029.76,5,0,0,0,Mobile App,Corporate,Credit Card,Cancelled
ORD103122,10-Jan-25,CUST1722,West,Ahmedabad,Beauty,Moisturizer,3,680.38,20,1632.91,1214.97,417.94,Website,Consumer,Credit Card,Delivered
ORD103123,29-Mar-24,CUST1723,Central,Bhopal,Beauty,Face Serum,1,841.2,20,672.96,411.12,261.84,Website,Corporate,Credit Card,Delivered
ORD103124,15-Oct-25,CUST1724,West,Ahmedabad,Clothing,Sneakers,1,2604.34,5,2474.13,1361.33,1112.8,Website,Corporate,Credit Card,Delivered
ORD103125,21-Jul-24,CUST1725,South,Hyderabad,Home & Kitchen,Coffee Maker,2,2250.75,0,4501.49,3285.2,1216.29,Mobile App,Student,Debit Card,Delivered
ORD103126,29-Nov-24,CUST1726,West,Ahmedabad,Beauty,Shampoo,1,542.75,0,81.41,48.23,33.18,Mobile App,Student,Net Banking,Returned
ORD103127,09-Aug-24,CUST1727,North,Delhi,Beauty,Lipstick,2,532.29,5,0,0,0,Website,Consumer,Debit Card,Cancelled
ORD103128,10-Feb-24,CUST1728,North,Jaipur,Electronics,Wireless Headphones,1,2229.23,25,250.79,178.86,71.93,Website,Consumer,Credit Card,Returned
ORD103129,08-Dec-25,CUST1729,South,Hyderabad,Clothing,Dress,1,1743.03,5,0,0,0,Website,Consumer,Credit Card,Cancelled
ORD103130,08-Mar-24,CUST1730,West,Pune,Electronics,Keyboard,1,1172.77,20,938.22,720.1,218.12,Website,Consumer,Debit Card,Delivered
ORD103131,28-May-25,CUST1731,South,Coimbatore,Electronics,Keyboard,1,1124.36,5,1068.14,748.34,319.8,Mobile App,Consumer,Credit Card,Delivered
ORD103132,28-Sep-25,CUST1732,North,Lucknow,Sports,Gym Bag,3,1153.34,25,0,0,0,Marketplace,Student,Credit Card,Cancelled
ORD103133,13-Sep-25,CUST1733,North,Lucknow,Electronics,Smart Watch,1,2540.8,5,2413.76,1651.34,762.42,Marketplace,Corporate,UPI,Delivered
ORD103134,20-Aug-25,CUST1734,Central,Bhopal,Electronics,Keyboard,5,1329.71,10,5983.68,4588.32,1395.35,Marketplace,Consumer,Net Banking,Delivered
ORD103135,23-Sep-25,CUST1735,West,Ahmedabad,Clothing,Dress,1,1474.64,0,221.2,159.91,61.29,Website,Student,Debit Card,Returned
ORD103136,06-May-24,CUST1736,South,Bengaluru,Home & Kitchen,Coffee Maker,4,2379.69,5,9042.81,5475.82,3566.99,Website,Student,UPI,Delivered
ORD103137,11-Sep-24,CUST1737,East,Bhubaneswar,Home & Kitchen,Cookware Set,1,2346.3,5,2228.99,1592.67,636.32,Mobile App,Student,UPI,Delivered
ORD103138,25-Nov-25,CUST1738,East,Guwahati,Electronics,Smart Watch,1,2744.3,0,0,0,0,Mobile App,Corporate,Cash on Delivery,Cancelled
ORD103139,16-Jan-24,CUST1739,West,Ahmedabad,Electronics,Bluetooth Speaker,2,1465.02,0,2930.04,1660.02,1270.03,Website,Consumer,Debit Card,Delivered
ORD103140,21-Apr-25,CUST1740,South,Hyderabad,Electronics,Smart Watch,1,2131.16,10,0,0,0,Mobile App,Consumer,UPI,Cancelled
ORD103141,02-Mar-24,CUST1741,Central,Nagpur,Home & Kitchen,Cookware Set,3,2233.48,5,6365.43,3892.16,2473.27,Website,Consumer,UPI,Delivered
ORD103142,07-Mar-25,CUST1742,South,Bengaluru,Clothing,Hoodie,1,1578.85,15,1342.02,1041.97,300.05,Marketplace,Corporate,UPI,Delivered
ORD103143,31-Oct-25,CUST1743,West,Mumbai,Sports,Dumbbells,2,1378.16,15,2342.87,1355,987.87,Marketplace,Consumer,UPI,Delivered
ORD103144,24-Sep-24,CUST1744,North,Lucknow,Clothing,T-Shirt,1,728.91,15,0,0,0,Website,Student,Credit Card,Cancelled
ORD103145,04-Feb-24,CUST1745,South,Chennai,Electronics,Keyboard,2,1171.6,20,1874.56,1383.02,491.54,Website,Student,Debit Card,Delivered
ORD103146,29-Jul-25,CUST1746,South,Coimbatore,Beauty,Shampoo,2,537.14,15,913.13,723.47,189.66,Website,Consumer,Credit Card,Delivered
ORD103147,08-May-25,CUST1747,East,Guwahati,Clothing,Hoodie,2,1657.61,10,2983.7,1911.17,1072.53,Website,Corporate,Debit Card,Delivered
ORD103148,15-Jul-25,CUST1748,North,Lucknow,Home & Kitchen,Cookware Set,1,2145.96,5,2038.66,1455.07,583.59,Website,Student,Credit Card,Delivered
ORD103149,13-Apr-25,CUST1749,West,Mumbai,Clothing,Hoodie,4,1927.78,10,6940,4517.14,2422.85,Marketplace,Consumer,UPI,Delivered
ORD103150,22-Oct-25,CUST1750,South,Coimbatore,Home & Kitchen,Cookware Set,4,2438.67,10,8779.22,5309.48,3469.74,Mobile App,Consumer,UPI,Delivered
ORD103151,20-Nov-24,CUST1751,West,Ahmedabad,Beauty,Lipstick,3,504.92,5,1439.03,918.02,521.01,Mobile App,Consumer,UPI,Delivered
ORD103152,30-Oct-24,CUST1752,West,Mumbai,Sports,Yoga Mat,2,845.76,10,228.36,164.8,63.55,Marketplace,Student,Cash on Delivery,Returned
ORD103153,02-Oct-24,CUST1753,East,Kolkata,Clothing,T-Shirt,1,602.84,0,602.84,448.16,154.68,Website,Student,UPI,Delivered
ORD103154,14-Nov-25,CUST1754,West,Pune,Clothing,Dress,1,1518.97,5,216.45,140.71,75.74,Mobile App,Consumer,UPI,Returned
ORD103155,19-Jul-24,CUST1755,West,Ahmedabad,Clothing,Dress,4,1582.91,15,5381.89,3181.69,2200.21,Mobile App,Consumer,UPI,Delivered
ORD103156,20-Mar-25,CUST1756,South,Bengaluru,Sports,Running Shoes,4,2558.61,5,1458.41,857.08,601.33,Marketplace,Consumer,Net Banking,Returned
ORD103157,19-Nov-24,CUST1757,West,Surat,Sports,Dumbbells,1,1607.09,0,1607.09,1236.5,370.59,Website,Consumer,Debit Card,Delivered
ORD103158,04-Feb-24,CUST1758,South,Bengaluru,Electronics,Bluetooth Speaker,1,1635.59,5,1553.81,1128.66,425.15,Mobile App,Consumer,Debit Card,Delivered
ORD103159,26-Apr-25,CUST1759,East,Kolkata,Electronics,Bluetooth Speaker,3,1362.32,5,3882.6,2898.63,983.97,Marketplace,Consumer,UPI,Delivered
ORD103160,28-Dec-25,CUST1760,West,Surat,Home & Kitchen,Cookware Set,1,2749.47,5,2612,1780.93,831.06,Mobile App,Consumer,UPI,Delivered
ORD103161,24-Apr-25,CUST1761,South,Hyderabad,Electronics,Smart Watch,1,2190.01,5,2080.51,1401.17,679.34,Website,Consumer,UPI,Delivered
ORD103162,05-Mar-24,CUST1762,South,Bengaluru,Clothing,Hoodie,5,1930.09,0,9650.45,5857.92,3792.52,Marketplace,Corporate,Cash on Delivery,Delivered
ORD103163,08-Jan-24,CUST1763,East,Guwahati,Electronics,Power Bank,3,1075.81,0,0,0,0,Website,Consumer,UPI,Cancelled
ORD103164,27-Oct-24,CUST1764,West,Mumbai,Home & Kitchen,Cookware Set,4,2298.07,5,8732.66,5165.86,3566.8,Website,Corporate,Cash on Delivery,Delivered
ORD103165,08-Dec-24,CUST1765,Central,Bhopal,Sports,Yoga Mat,1,996.65,10,896.98,733.54,163.45,Website,Consumer,Credit Card,Delivered
ORD103166,06-Mar-25,CUST1766,East,Bhubaneswar,Sports,Cricket Bat,1,1924,5,274.17,211.56,62.61,Mobile App,Corporate,Debit Card,Returned
ORD103167,27-Feb-25,CUST1767,West,Mumbai,Clothing,Dress,2,1420.13,15,2414.23,1735.96,678.27,Mobile App,Student,Credit Card,Delivered
ORD103168,27-Nov-24,CUST1768,Central,Indore,Home & Kitchen,Cookware Set,2,2523.4,10,4542.12,2761.1,1781.01,Mobile App,Corporate,Net Banking,Delivered
ORD103169,13-Mar-25,CUST1769,North,Chandigarh,Sports,Gym Bag,1,1341.78,10,1207.61,774.28,433.33,Website,Consumer,UPI,Delivered
ORD103170,10-Aug-25,CUST1770,South,Coimbatore,Electronics,Keyboard,3,1419.56,10,3832.81,2471.06,1361.75,Marketplace,Consumer,Credit Card,Delivered
ORD103171,22-Jun-24,CUST1771,West,Ahmedabad,Beauty,Face Serum,4,739.25,5,2809.16,1907.34,901.82,Website,Consumer,UPI,Delivered
ORD103172,12-Jul-25,CUST1772,Central,Indore,Clothing,T-Shirt,1,703.04,25,79.09,52.51,26.58,Marketplace,Consumer,Credit Card,Returned
ORD103173,10-Jun-25,CUST1773,Central,Nagpur,Electronics,Power Bank,1,880.27,0,880.27,706.17,174.1,Marketplace,Student,Net Banking,Delivered
ORD103174,20-Oct-25,CUST1774,South,Hyderabad,Clothing,T-Shirt,1,681.31,5,647.25,481.95,165.3,Website,Consumer,UPI,Delivered
ORD103175,26-Jan-24,CUST1775,North,Jaipur,Electronics,Wireless Headphones,2,1981.47,5,3764.79,2153.38,1611.41,Website,Consumer,Credit Card,Delivered
ORD103176,27-Aug-25,CUST1776,South,Chennai,Beauty,Shampoo,1,466.63,20,56,36.24,19.76,Website,Consumer,Credit Card,Returned
ORD103177,09-Feb-25,CUST1777,South,Bengaluru,Clothing,Sneakers,1,2450.85,20,1960.68,1148.76,811.92,Mobile App,Student,Net Banking,Delivered
ORD103178,19-Aug-24,CUST1778,South,Hyderabad,Clothing,Sneakers,1,2744.86,15,349.97,218.88,131.09,Mobile App,Consumer,UPI,Returned
ORD103179,16-Jun-25,CUST1779,West,Mumbai,Electronics,Power Bank,3,984.05,10,2656.94,2149.2,507.74,Website,Consumer,Credit Card,Delivered
ORD103180,03-Jul-25,CUST1780,North,Lucknow,Sports,Yoga Mat,1,965.86,20,772.69,572.11,200.57,Website,Consumer,Net Banking,Delivered
ORD103181,19-May-25,CUST1781,Central,Raipur,Home & Kitchen,Mixer Grinder,2,3086.86,0,6173.72,3408.63,2765.08,Mobile App,Consumer,Debit Card,Delivered
ORD103182,30-Oct-25,CUST1782,South,Hyderabad,Home & Kitchen,Water Bottle,2,666.26,15,1132.63,723.52,409.12,Mobile App,Consumer,Cash on Delivery,Delivered
ORD103183,27-Jun-24,CUST1783,East,Kolkata,Home & Kitchen,Coffee Maker,2,1924.64,20,3079.43,2058.44,1020.99,Mobile App,Student,Debit Card,Delivered
ORD103184,11-May-24,CUST1784,North,Chandigarh,Clothing,Jeans,4,1511.15,15,5137.93,3661.67,1476.25,Mobile App,Consumer,Credit Card,Delivered
ORD103185,30-Mar-25,CUST1785,South,Coimbatore,Electronics,Smart Watch,2,2657.11,5,5048.51,3457.86,1590.65,Website,Student,Credit Card,Delivered
ORD103186,13-Dec-24,CUST1786,North,Chandigarh,Beauty,Shampoo,4,533.83,15,1815.01,1032.45,782.56,Mobile App,Student,UPI,Delivered
ORD103187,23-Jun-25,CUST1787,Central,Nagpur,Electronics,Wireless Headphones,1,1806.17,5,1715.86,1182.57,533.29,Mobile App,Consumer,Credit Card,Delivered
ORD103188,09-Feb-25,CUST1788,West,Ahmedabad,Electronics,Keyboard,2,1245.02,0,2490.04,1457.1,1032.94,Mobile App,Consumer,UPI,Delivered
ORD103189,16-Mar-24,CUST1789,East,Patna,Beauty,Lipstick,2,508.25,15,129.6,89.45,40.15,Website,Corporate,UPI,Returned
ORD103190,01-Aug-25,CUST1790,South,Coimbatore,Electronics,Smart Watch,5,2337.29,0,11686.43,7203.96,4482.46,Mobile App,Consumer,UPI,Delivered
ORD103191,06-May-25,CUST1791,Central,Bhopal,Clothing,Hoodie,1,1848.9,0,1848.9,1088.88,760.03,Mobile App,Student,UPI,Delivered
ORD103192,12-Jul-24,CUST1792,South,Coimbatore,Clothing,Hoodie,1,1713.14,10,0,0,0,Website,Consumer,Debit Card,Cancelled
ORD103193,10-Jun-24,CUST1793,North,Jaipur,Clothing,Jeans,2,1416.16,10,0,0,0,Mobile App,Consumer,UPI,Cancelled
ORD103194,12-Dec-24,CUST1794,East,Bhubaneswar,Beauty,Sunscreen,1,526.63,0,526.63,330.02,196.6,Website,Consumer,Debit Card,Delivered
ORD103195,26-Dec-24,CUST1795,Central,Raipur,Home & Kitchen,Mixer Grinder,2,2839.11,0,5678.23,4452.14,1226.09,Website,Student,Cash on Delivery,Delivered
ORD103196,06-Aug-25,CUST1796,North,Delhi,Home & Kitchen,Bedsheet,5,1074.45,20,0,0,0,Website,Corporate,Credit Card,Cancelled
ORD103197,27-Mar-24,CUST1797,South,Hyderabad,Beauty,Lipstick,4,490.11,0,0,0,0,Website,Corporate,Credit Card,Cancelled
ORD103198,18-Sep-24,CUST1798,Central,Indore,Clothing,Jeans,1,1501.96,10,1351.77,933.19,418.58,Website,Student,Credit Card,Delivered
ORD103199,01-Aug-24,CUST1799,North,Lucknow,Clothing,T-Shirt,1,664.4,25,0,0,0,Website,Student,Credit Card,Cancelled
ORD103200,26-Oct-25,CUST1800,North,Jaipur,Clothing,Dress,2,1418.19,10,2552.73,1708.5,844.24,Mobile App,Consumer,UPI,Delivered
ORD103201,22-Dec-25,CUST1801,East,Kolkata,Clothing,Hoodie,2,1747.52,0,3495.04,2727.2,767.84,Mobile App,Corporate,Debit Card,Delivered
ORD103202,26-Jul-25,CUST1802,Central,Nagpur,Sports,Running Shoes,2,2734.54,5,779.34,445.58,333.76,Website,Corporate,Credit Card,Returned
ORD103203,18-Sep-24,CUST1803,East,Kolkata,Beauty,Sunscreen,2,644.63,10,1160.33,927.29,233.04,Website,Consumer,UPI,Delivered
ORD103204,30-Dec-25,CUST1804,Central,Indore,Electronics,Wireless Headphones,2,2231.75,15,3793.97,2979.03,814.94,Mobile App,Consumer,UPI,Delivered
ORD103205,09-Oct-24,CUST1805,West,Mumbai,Electronics,Wireless Headphones,1,2179.02,10,1961.12,1531.78,429.34,Mobile App,Student,Credit Card,Delivered
ORD103206,09-Oct-25,CUST1806,North,Chandigarh,Electronics,Bluetooth Speaker,3,1487.96,0,0,0,0,Mobile App,Consumer,Cash on Delivery,Cancelled
ORD103207,11-Apr-25,CUST1807,Central,Nagpur,Electronics,Smart Watch,1,2547.97,0,2547.97,1734.57,813.4,Mobile App,Consumer,Net Banking,Delivered
ORD103208,14-Jan-25,CUST1808,South,Chennai,Electronics,Wireless Headphones,1,2210.88,5,2100.34,1504.6,595.74,Mobile App,Consumer,Debit Card,Delivered
ORD103209,27-Dec-24,CUST1809,South,Bengaluru,Home & Kitchen,Coffee Maker,3,2188.98,15,5581.9,3220.68,2361.22,Marketplace,Consumer,Debit Card,Delivered
ORD103210,24-Mar-25,CUST1810,East,Patna,Sports,Dumbbells,2,1634.85,10,441.41,309.14,132.27,Website,Consumer,Credit Card,Returned
ORD103211,16-Mar-25,CUST1811,South,Coimbatore,Beauty,Sunscreen,2,610.92,0,183.27,142.37,40.9,Website,Consumer,Credit Card,Returned
ORD103212,02-Apr-24,CUST1812,North,Jaipur,Electronics,Keyboard,1,1352.51,15,172.44,138.45,33.99,Mobile App,Consumer,UPI,Returned
ORD103213,12-Sep-25,CUST1813,North,Lucknow,Clothing,Jeans,1,1533.29,10,206.99,129.4,77.59,Mobile App,Consumer,Debit Card,Returned
ORD103214,27-Feb-25,CUST1814,East,Kolkata,Home & Kitchen,Cookware Set,1,2576.7,20,0,0,0,Website,Consumer,UPI,Cancelled
ORD103215,21-May-24,CUST1815,Central,Nagpur,Beauty,Moisturizer,2,731.15,10,197.41,123.01,74.4,Mobile App,Corporate,Credit Card,Returned
ORD103216,17-Oct-24,CUST1816,East,Bhubaneswar,Beauty,Shampoo,1,533.16,10,71.98,42.57,29.41,Website,Student,Cash on Delivery,Returned
ORD103217,07-Mar-25,CUST1817,Central,Bhopal,Sports,Dumbbells,2,1533.16,10,2759.69,1838.76,920.93,Mobile App,Consumer,Net Banking,Delivered
ORD103218,19-Nov-25,CUST1818,South,Bengaluru,Home & Kitchen,Bedsheet,3,1050.32,15,401.75,306.05,95.69,Website,Corporate,Debit Card,Returned
ORD103219,14-Oct-25,CUST1819,South,Coimbatore,Beauty,Lipstick,1,437.65,15,0,0,0,Marketplace,Student,UPI,Cancelled
ORD103220,01-Dec-25,CUST1820,North,Lucknow,Electronics,Keyboard,3,1411.46,15,539.88,428.17,111.71,Website,Corporate,Credit Card,Returned
ORD103221,18-Feb-24,CUST1821,North,Lucknow,Home & Kitchen,Coffee Maker,3,2041.36,5,5817.87,3758.64,2059.23,Marketplace,Consumer,Credit Card,Delivered
ORD103222,28-Oct-24,CUST1822,South,Bengaluru,Electronics,Wireless Headphones,3,1916.91,10,776.35,546.94,229.41,Website,Student,Net Banking,Returned
ORD103223,08-Jul-24,CUST1823,West,Mumbai,Clothing,Sneakers,2,2666.37,5,5066.1,3834.86,1231.24,Marketplace,Student,Cash on Delivery,Delivered
ORD103224,15-May-24,CUST1824,Central,Indore,Home & Kitchen,Cookware Set,1,2553.94,15,2170.85,1720.42,450.44,Marketplace,Consumer,UPI,Delivered
ORD103225,08-Jul-25,CUST1825,Central,Indore,Clothing,Sneakers,2,2332.39,0,699.72,549.54,150.18,Website,Consumer,UPI,Returned
ORD103226,07-Feb-25,CUST1826,South,Hyderabad,Electronics,Smart Watch,2,2276.23,0,682.87,461.41,221.46,Website,Student,Cash on Delivery,Returned
ORD103227,24-Aug-25,CUST1827,Central,Nagpur,Electronics,Smart Watch,1,2770.35,0,2770.35,2202.02,568.33,Mobile App,Corporate,Net Banking,Delivered
ORD103228,06-Dec-24,CUST1828,South,Bengaluru,Electronics,Bluetooth Speaker,2,1309.68,5,2488.38,1666.96,821.43,Website,Consumer,UPI,Delivered
ORD103229,04-Dec-25,CUST1829,North,Chandigarh,Electronics,Wireless Headphones,2,1701.49,0,3402.98,2701.17,701.81,Marketplace,Corporate,Debit Card,Delivered
ORD103230,13-Nov-24,CUST1830,Central,Nagpur,Electronics,Bluetooth Speaker,1,1546.51,0,1546.51,1175.01,371.5,Website,Consumer,UPI,Delivered
ORD103231,09-Sep-25,CUST1831,West,Mumbai,Electronics,Smart Watch,2,2538.75,5,723.54,441.25,282.29,Website,Consumer,UPI,Returned
ORD103232,28-Dec-24,CUST1832,North,Chandigarh,Electronics,Keyboard,1,1362.85,0,1362.85,1091.66,271.19,Website,Consumer,Cash on Delivery,Delivered
ORD103233,16-Jan-25,CUST1833,South,Coimbatore,Sports,Dumbbells,1,1675.02,15,0,0,0,Website,Consumer,Debit Card,Cancelled
ORD103234,20-Aug-24,CUST1834,South,Bengaluru,Clothing,Jeans,3,1623.54,0,4870.61,3873.47,997.14,Mobile App,Consumer,UPI,Delivered
ORD103235,09-Dec-24,CUST1835,West,Pune,Electronics,Smart Watch,2,2746.32,20,4394.12,3146.54,1247.58,Mobile App,Consumer,UPI,Delivered
ORD103236,02-Jul-25,CUST1836,East,Patna,Home & Kitchen,Water Bottle,2,634.49,20,1015.19,741.28,273.91,Mobile App,Consumer,Net Banking,Delivered
ORD103237,06-Jul-25,CUST1837,Central,Raipur,Sports,Gym Bag,1,1094.35,5,1039.63,602.49,437.14,Marketplace,Consumer,Debit Card,Delivered
ORD103238,12-Jun-25,CUST1838,North,Jaipur,Home & Kitchen,Water Bottle,2,584.11,0,1168.22,663.26,504.96,Website,Consumer,Cash on Delivery,Delivered
ORD103239,24-Jul-25,CUST1839,South,Bengaluru,Clothing,T-Shirt,1,715.26,0,715.26,580.4,134.86,Mobile App,Consumer,UPI,Delivered
ORD103240,01-Jul-24,CUST1840,East,Kolkata,Home & Kitchen,Coffee Maker,2,2189.39,10,3940.9,2526,1414.9,Website,Corporate,Credit Card,Delivered
ORD103241,10-Feb-24,CUST1841,East,Guwahati,Beauty,Lipstick,3,445.56,10,1203.01,935.92,267.09,Website,Corporate,Credit Card,Delivered
ORD103242,04-Jul-25,CUST1842,South,Bengaluru,Beauty,Face Serum,3,806.27,5,0,0,0,Website,Corporate,Cash on Delivery,Cancelled
ORD103243,31-Jan-25,CUST1843,West,Ahmedabad,Home & Kitchen,Cookware Set,1,2722.32,5,2586.2,1844.27,741.94,Marketplace,Consumer,UPI,Delivered
ORD103244,04-Dec-25,CUST1844,Central,Nagpur,Sports,Cricket Bat,2,1925.04,10,3465.07,2546.85,918.22,Mobile App,Corporate,Debit Card,Delivered
ORD103245,08-May-25,CUST1845,Central,Raipur,Sports,Cricket Bat,3,2060.19,5,5871.55,3371.06,2500.49,Mobile App,Consumer,Debit Card,Delivered
ORD103246,20-Oct-25,CUST1846,West,Ahmedabad,Home & Kitchen,Coffee Maker,1,2234.85,20,1787.88,1182.41,605.47,Mobile App,Consumer,Cash on Delivery,Delivered
ORD103247,28-Nov-24,CUST1847,Central,Nagpur,Clothing,T-Shirt,1,665.31,5,632.04,451.22,180.82,Website,Consumer,Credit Card,Delivered
ORD103248,06-May-24,CUST1848,East,Bhubaneswar,Home & Kitchen,Mixer Grinder,3,3307.65,5,9426.81,7392.9,2033.91,Website,Student,Credit Card,Delivered
ORD103249,11-Jul-25,CUST1849,Central,Indore,Beauty,Moisturizer,3,633.82,0,1901.47,1412.73,488.74,Website,Consumer,UPI,Delivered
ORD103250,10-Jul-25,CUST1850,South,Hyderabad,Electronics,Bluetooth Speaker,1,1495.18,10,201.85,124.79,77.05,Website,Consumer,Credit Card,Returned
ORD103251,01-Jan-24,CUST1851,South,Hyderabad,Sports,Cricket Bat,1,2130.3,5,2023.79,1651.27,372.52,Mobile App,Corporate,Debit Card,Delivered
ORD103252,16-Jun-24,CUST1852,South,Chennai,Electronics,Smart Watch,2,2636.23,5,5008.85,3624.5,1384.35,Mobile App,Consumer,Net Banking,Delivered
ORD103253,11-Sep-25,CUST1853,East,Patna,Clothing,Sneakers,1,2365.67,5,0,0,0,Website,Consumer,UPI,Cancelled
ORD103254,19-Jan-24,CUST1854,South,Coimbatore,Sports,Cricket Bat,2,1759.65,5,3343.33,2544.18,799.15,Website,Student,Net Banking,Delivered
ORD103255,27-Nov-24,CUST1855,Central,Indore,Electronics,Wireless Headphones,1,2130.9,10,1917.81,1366.88,550.93,Website,Corporate,UPI,Delivered
ORD103256,06-Aug-25,CUST1856,South,Bengaluru,Clothing,Sneakers,2,2302.98,0,4605.96,3416.23,1189.73,Mobile App,Corporate,UPI,Delivered
ORD103257,31-Mar-25,CUST1857,North,Lucknow,Electronics,Keyboard,2,1122.75,15,1908.68,1367.81,540.87,Mobile App,Consumer,UPI,Delivered
ORD103258,18-Apr-24,CUST1858,East,Guwahati,Clothing,Dress,3,1551.35,5,4421.36,2645.24,1776.12,Mobile App,Consumer,Net Banking,Delivered
ORD103259,24-Sep-24,CUST1859,North,Delhi,Electronics,Bluetooth Speaker,2,1573.44,10,2832.18,1973.2,858.98,Mobile App,Corporate,Credit Card,Delivered
ORD103260,20-Mar-25,CUST1860,North,Delhi,Clothing,Jeans,1,1601.37,15,204.17,127.9,76.27,Website,Consumer,UPI,Returned
ORD103261,27-Aug-24,CUST1861,South,Hyderabad,Clothing,Jeans,1,1671.68,10,0,0,0,Marketplace,Consumer,UPI,Cancelled
ORD103262,27-Oct-24,CUST1862,East,Guwahati,Sports,Yoga Mat,1,810.12,15,688.61,402.07,286.54,Mobile App,Consumer,Net Banking,Delivered
ORD103263,24-Aug-25,CUST1863,South,Coimbatore,Sports,Running Shoes,1,2787.04,5,397.15,243.31,153.85,Website,Consumer,Cash on Delivery,Returned
ORD103264,12-Apr-24,CUST1864,West,Surat,Electronics,Bluetooth Speaker,5,1520.83,25,855.47,657.3,198.16,Mobile App,Consumer,UPI,Returned
ORD103265,06-Sep-24,CUST1865,West,Mumbai,Beauty,Lipstick,2,533.46,10,0,0,0,Marketplace,Corporate,UPI,Cancelled
ORD103266,28-Mar-25,CUST1866,South,Coimbatore,Electronics,Wireless Headphones,1,1825.49,5,1734.21,1269.31,464.9,Website,Student,Cash on Delivery,Delivered
ORD103267,03-Jun-25,CUST1867,South,Chennai,Electronics,Keyboard,1,1247.92,5,1185.52,811.39,374.13,Marketplace,Consumer,Cash on Delivery,Delivered
ORD103268,01-Jun-24,CUST1868,South,Bengaluru,Electronics,Bluetooth Speaker,1,1439.44,0,1439.44,924.1,515.34,Website,Student,Cash on Delivery,Delivered
ORD103269,22-Jun-24,CUST1869,West,Mumbai,Sports,Yoga Mat,1,951.76,15,809,553.11,255.89,Mobile App,Corporate,Cash on Delivery,Delivered
ORD103270,08-Dec-24,CUST1870,North,Jaipur,Sports,Cricket Bat,2,1829.19,5,3475.46,2675.06,800.4,Website,Consumer,Credit Card,Delivered
ORD103271,31-Oct-25,CUST1871,North,Delhi,Electronics,Smart Watch,1,2777.8,25,2083.35,1304.24,779.11,Website,Consumer,Cash on Delivery,Delivered
ORD103272,06-Mar-25,CUST1872,West,Pune,Electronics,Bluetooth Speaker,1,1480.75,5,1406.71,933.76,472.95,Marketplace,Corporate,Net Banking,Delivered
ORD103273,27-Dec-25,CUST1873,East,Bhubaneswar,Electronics,Wireless Headphones,1,1851.39,10,249.94,151.14,98.8,Website,Consumer,Cash on Delivery,Returned
ORD103274,19-Nov-25,CUST1874,North,Chandigarh,Home & Kitchen,Water Bottle,2,555.13,15,0,0,0,Website,Corporate,Credit Card,Cancelled
ORD103275,17-Nov-25,CUST1875,South,Chennai,Home & Kitchen,Mixer Grinder,2,2820.45,20,676.91,534.07,142.84,Mobile App,Consumer,Debit Card,Returned
ORD103276,19-Oct-25,CUST1876,Central,Raipur,Electronics,Power Bank,3,1035.92,0,0,0,0,Marketplace,Consumer,Debit Card,Cancelled
ORD103277,19-Nov-24,CUST1877,Central,Raipur,Beauty,Shampoo,1,528.69,25,396.52,258.09,138.43,Website,Consumer,Cash on Delivery,Delivered
ORD103278,03-Nov-25,CUST1878,West,Mumbai,Clothing,T-Shirt,3,600.27,20,1440.65,843.85,596.79,Website,Consumer,UPI,Delivered
ORD103279,30-Sep-25,CUST1879,East,Bhubaneswar,Sports,Dumbbells,2,1612.12,25,2418.17,1604.2,813.98,Mobile App,Student,UPI,Delivered
ORD103280,23-Feb-25,CUST1880,East,Patna,Home & Kitchen,Bedsheet,1,1059.99,20,847.99,643.09,204.9,Marketplace,Consumer,Credit Card,Delivered
ORD103281,16-Aug-25,CUST1881,Central,Bhopal,Clothing,Dress,1,1521.58,20,1217.27,683.89,533.37,Website,Student,Debit Card,Delivered
ORD103282,29-Apr-25,CUST1882,Central,Raipur,Beauty,Sunscreen,1,579.14,10,521.22,391.57,129.66,Website,Consumer,UPI,Delivered
ORD103283,20-Oct-25,CUST1883,South,Hyderabad,Beauty,Moisturizer,1,662.4,15,563.04,413.03,150.01,Website,Student,Credit Card,Delivered
ORD103284,15-Feb-25,CUST1884,West,Pune,Clothing,T-Shirt,1,653.72,10,588.35,333.86,254.49,Website,Corporate,UPI,Delivered
ORD103285,24-Mar-24,CUST1885,South,Hyderabad,Clothing,Jeans,3,1472.93,10,3976.91,2869.83,1107.08,Website,Student,Cash on Delivery,Delivered
ORD103286,22-Apr-24,CUST1886,South,Bengaluru,Sports,Gym Bag,1,1072.92,10,965.63,608.96,356.67,Marketplace,Consumer,UPI,Delivered
ORD103287,27-Nov-24,CUST1887,West,Surat,Electronics,Smart Watch,2,2421.5,25,544.84,325.74,219.1,Mobile App,Corporate,Cash on Delivery,Returned
ORD103288,12-Jan-25,CUST1888,South,Coimbatore,Electronics,Bluetooth Speaker,1,1655.33,0,248.3,162.37,85.93,Marketplace,Consumer,Credit Card,Returned
ORD103289,16-Oct-25,CUST1889,Central,Bhopal,Clothing,Hoodie,2,1542.46,15,0,0,0,Website,Consumer,Cash on Delivery,Cancelled
ORD103290,10-Feb-24,CUST1890,North,Jaipur,Beauty,Moisturizer,3,625.24,5,1781.94,1376.78,405.16,Website,Corporate,Net Banking,Delivered
ORD103291,14-Apr-24,CUST1891,East,Guwahati,Beauty,Face Serum,5,846.92,5,4022.89,3018.53,1004.35,Website,Corporate,Cash on Delivery,Delivered
ORD103292,20-Jul-24,CUST1892,Central,Indore,Sports,Yoga Mat,1,796.2,0,796.2,648.75,147.45,Website,Consumer,Credit Card,Delivered
ORD103293,25-Mar-25,CUST1893,Central,Raipur,Home & Kitchen,Water Bottle,1,553.02,5,525.37,364.71,160.66,Marketplace,Corporate,UPI,Delivered
ORD103294,22-Sep-24,CUST1894,North,Jaipur,Electronics,Power Bank,3,971.83,25,2186.63,1255.31,931.32,Marketplace,Consumer,UPI,Delivered
ORD103295,28-Jul-24,CUST1895,South,Chennai,Home & Kitchen,Mixer Grinder,1,3644.25,5,519.31,337.18,182.12,Marketplace,Consumer,Credit Card,Returned
ORD103296,16-Jul-25,CUST1896,West,Surat,Beauty,Shampoo,2,448.87,15,763.08,592.48,170.6,Website,Consumer,Debit Card,Delivered
ORD103297,27-Apr-24,CUST1897,North,Lucknow,Electronics,Power Bank,5,1098.13,0,0,0,0,Mobile App,Consumer,Credit Card,Cancelled
ORD103298,13-Dec-25,CUST1898,Central,Nagpur,Electronics,Smart Watch,2,2608.96,20,4174.34,2809.46,1364.87,Mobile App,Consumer,Credit Card,Delivered
ORD103299,11-Jan-25,CUST1899,Central,Nagpur,Electronics,Power Bank,1,1030.18,15,875.65,579.01,296.64,Marketplace,Consumer,Credit Card,Delivered
ORD103300,04-Jul-25,CUST1900,North,Lucknow,Home & Kitchen,Cookware Set,3,2612.35,5,0,0,0,Mobile App,Consumer,Debit Card,Cancelled
ORD103301,23-Jun-25,CUST1901,North,Chandigarh,Sports,Yoga Mat,4,771.73,5,439.89,250.63,189.26,Website,Corporate,UPI,Returned
ORD103302,24-Mar-24,CUST1902,North,Chandigarh,Home & Kitchen,Water Bottle,2,525.15,10,945.26,565.98,379.28,Website,Consumer,Credit Card,Delivered
ORD103303,29-Mar-25,CUST1903,Central,Bhopal,Sports,Gym Bag,1,1127.55,10,152.22,98.68,53.54,Mobile App,Consumer,Credit Card,Returned
ORD103304,28-Oct-25,CUST1904,South,Coimbatore,Electronics,Wireless Headphones,4,1739.07,5,991.27,610.89,380.38,Mobile App,Consumer,Credit Card,Returned
ORD103305,20-Sep-25,CUST1905,South,Hyderabad,Sports,Yoga Mat,4,1003.87,25,0,0,0,Mobile App,Corporate,Credit Card,Cancelled
ORD103306,28-May-25,CUST1906,East,Patna,Beauty,Face Serum,4,804.36,15,0,0,0,Marketplace,Student,UPI,Cancelled
ORD103307,27-Aug-25,CUST1907,East,Guwahati,Clothing,Dress,1,1569.55,5,1491.07,1049.59,441.48,Mobile App,Student,Credit Card,Delivered
ORD103308,08-Nov-25,CUST1908,North,Lucknow,Sports,Yoga Mat,3,954.82,25,2148.34,1230.84,917.5,Website,Consumer,Credit Card,Delivered
ORD103309,21-Jan-25,CUST1909,South,Chennai,Clothing,Jeans,2,1669.55,0,3339.11,2437.72,901.38,Website,Consumer,Cash on Delivery,Delivered
ORD103310,15-Dec-24,CUST1910,Central,Indore,Sports,Running Shoes,1,3322.55,10,2990.29,1955.16,1035.13,Website,Consumer,Debit Card,Delivered
ORD103311,22-Oct-24,CUST1911,Central,Raipur,Sports,Dumbbells,2,1701.54,10,3062.77,2410.72,652.06,Website,Consumer,UPI,Delivered
ORD103312,14-Sep-24,CUST1912,West,Pune,Beauty,Sunscreen,2,570.15,0,1140.3,788.99,351.31,Website,Consumer,Credit Card,Delivered
ORD103313,21-Mar-24,CUST1913,North,Lucknow,Home & Kitchen,Cookware Set,3,2168.65,0,0,0,0,Website,Consumer,Debit Card,Cancelled
ORD103314,24-Sep-24,CUST1914,South,Bengaluru,Electronics,Bluetooth Speaker,3,1313.97,5,3744.8,2068.96,1675.84,Website,Consumer,Credit Card,Delivered
ORD103315,22-Feb-25,CUST1915,West,Pune,Home & Kitchen,Coffee Maker,1,1869.83,15,1589.36,1175.61,413.74,Website,Student,Debit Card,Delivered
ORD103316,22-Aug-24,CUST1916,South,Chennai,Clothing,Sneakers,2,2125.43,20,3400.69,2238.13,1162.57,Website,Student,UPI,Delivered
ORD103317,06-Nov-24,CUST1917,Central,Indore,Beauty,Sunscreen,1,660.6,10,594.54,373.23,221.31,Marketplace,Consumer,UPI,Delivered
ORD103318,22-Dec-24,CUST1918,West,Pune,Beauty,Moisturizer,3,769.11,10,2076.59,1392.85,683.74,Marketplace,Consumer,Credit Card,Delivered
ORD103319,31-Jul-24,CUST1919,North,Chandigarh,Sports,Yoga Mat,1,926.19,10,0,0,0,Mobile App,Student,Cash on Delivery,Cancelled
ORD103320,27-Jul-25,CUST1920,Central,Raipur,Electronics,Power Bank,2,1045.16,5,1985.8,1302.36,683.44,Marketplace,Consumer,UPI,Delivered
ORD103321,18-Feb-24,CUST1921,Central,Nagpur,Beauty,Face Serum,2,789.86,15,0,0,0,Mobile App,Student,Credit Card,Cancelled
ORD103322,06-May-24,CUST1922,North,Chandigarh,Sports,Cricket Bat,4,1827.52,10,0,0,0,Marketplace,Consumer,Net Banking,Cancelled
ORD103323,10-Aug-24,CUST1923,East,Kolkata,Beauty,Moisturizer,1,766.72,5,109.26,65.25,44.01,Mobile App,Consumer,Debit Card,Returned
ORD103324,05-Oct-24,CUST1924,South,Chennai,Electronics,Smart Watch,2,2311.52,0,4623.03,3486.72,1136.32,Website,Consumer,Credit Card,Delivered
ORD103325,11-Feb-25,CUST1925,South,Chennai,Electronics,Power Bank,5,1048.66,25,3932.48,2694.18,1238.3,Marketplace,Student,UPI,Delivered
ORD103326,19-May-25,CUST1926,North,Lucknow,Electronics,Smart Watch,2,2289.75,0,4579.51,2619.98,1959.53,Website,Corporate,UPI,Delivered
ORD103327,20-Oct-24,CUST1927,East,Kolkata,Home & Kitchen,Cookware Set,1,2711.27,20,2169.01,1760.83,408.18,Website,Consumer,UPI,Delivered
ORD103328,03-Oct-24,CUST1928,Central,Bhopal,Home & Kitchen,Water Bottle,1,614.47,5,583.75,436.78,146.97,Mobile App,Consumer,Net Banking,Delivered
ORD103329,13-Mar-25,CUST1929,East,Guwahati,Sports,Dumbbells,3,1636.62,15,4173.38,2588.44,1584.94,Marketplace,Consumer,Debit Card,Delivered
ORD103330,16-Apr-24,CUST1930,North,Lucknow,Clothing,Jeans,1,1313.56,5,1247.88,882.34,365.54,Website,Consumer,Cash on Delivery,Delivered
ORD103331,19-Oct-25,CUST1931,West,Pune,Clothing,Jeans,2,1443.92,20,2310.27,1832.01,478.27,Mobile App,Student,Cash on Delivery,Delivered
ORD103332,23-Feb-25,CUST1932,South,Chennai,Home & Kitchen,Mixer Grinder,2,3271.7,10,0,0,0,Mobile App,Consumer,Credit Card,Cancelled
ORD103333,02-Sep-25,CUST1933,Central,Raipur,Beauty,Lipstick,5,463.77,0,2318.83,1733.12,585.71,Marketplace,Corporate,UPI,Delivered
ORD103334,04-Mar-25,CUST1934,South,Coimbatore,Sports,Yoga Mat,1,977.99,5,929.09,693.54,235.55,Mobile App,Student,Credit Card,Delivered
ORD103335,09-Jan-25,CUST1935,South,Chennai,Beauty,Lipstick,2,537.01,5,0,0,0,Website,Consumer,Cash on Delivery,Cancelled
ORD103336,13-Mar-24,CUST1936,South,Coimbatore,Clothing,Dress,1,1572.26,20,188.67,154.19,34.48,Mobile App,Student,UPI,Returned
ORD103337,25-Sep-25,CUST1937,West,Pune,Home & Kitchen,Cookware Set,1,2353.58,15,300.08,184.77,115.31,Website,Consumer,Net Banking,Returned
ORD103338,30-Jan-24,CUST1938,South,Bengaluru,Sports,Yoga Mat,1,958.71,15,0,0,0,Website,Consumer,Net Banking,Cancelled
ORD103339,06-Jul-24,CUST1939,West,Ahmedabad,Home & Kitchen,Bedsheet,3,902.26,0,2706.77,2203.02,503.75,Mobile App,Consumer,Credit Card,Delivered
ORD103340,29-Dec-24,CUST1940,South,Chennai,Electronics,Keyboard,3,1129.23,10,3048.93,1802.73,1246.19,Mobile App,Corporate,Credit Card,Delivered
ORD103341,26-Mar-25,CUST1941,South,Chennai,Electronics,Keyboard,1,1120.18,25,840.14,580.4,259.74,Website,Consumer,Debit Card,Delivered
ORD103342,13-Jul-24,CUST1942,East,Patna,Electronics,Smart Watch,1,2150.25,15,1827.71,1236.31,591.4,Website,Student,Credit Card,Delivered
ORD103343,04-Jun-24,CUST1943,Central,Bhopal,Beauty,Moisturizer,2,686.42,0,1372.84,1069.46,303.38,Marketplace,Student,UPI,Delivered
ORD103344,20-Jun-24,CUST1944,Central,Bhopal,Electronics,Bluetooth Speaker,2,1377.48,15,2341.72,1538.74,802.98,Mobile App,Consumer,UPI,Delivered
ORD103345,10-Feb-24,CUST1945,South,Bengaluru,Electronics,Keyboard,2,1346.29,15,2288.68,1569.1,719.59,Website,Consumer,UPI,Delivered
ORD103346,03-Mar-24,CUST1946,South,Coimbatore,Clothing,Jeans,5,1538.8,10,6924.6,3890.3,3034.3,Website,Corporate,UPI,Delivered
ORD103347,23-Jan-24,CUST1947,North,Delhi,Home & Kitchen,Mixer Grinder,3,3286.94,0,9860.83,5976.81,3884.02,Mobile App,Corporate,UPI,Delivered
ORD103348,25-Dec-24,CUST1948,East,Guwahati,Clothing,Dress,1,1511.48,0,1511.48,1171.26,340.22,Mobile App,Consumer,Net Banking,Delivered
ORD103349,15-Mar-24,CUST1949,East,Patna,Home & Kitchen,Coffee Maker,1,2374.09,20,1899.27,1289.91,609.37,Marketplace,Consumer,Credit Card,Delivered
ORD103350,13-Jul-25,CUST1950,Central,Bhopal,Electronics,Wireless Headphones,2,2082.2,5,3956.18,2422.57,1533.61,Website,Student,UPI,Delivered
ORD103351,02-Nov-25,CUST1951,Central,Bhopal,Electronics,Power Bank,3,922.39,5,394.32,256.15,138.17,Mobile App,Consumer,Debit Card,Returned
ORD103352,27-Apr-24,CUST1952,South,Bengaluru,Home & Kitchen,Mixer Grinder,1,3251.02,15,2763.37,1732.56,1030.8,Mobile App,Consumer,Credit Card,Delivered
ORD103353,03-Sep-25,CUST1953,East,Guwahati,Clothing,Dress,2,1426.62,15,0,0,0,Mobile App,Corporate,UPI,Cancelled
ORD103354,14-Jan-25,CUST1954,Central,Raipur,Clothing,Hoodie,1,1688.85,25,1266.63,714.24,552.39,Marketplace,Student,Net Banking,Delivered
ORD103355,09-Nov-25,CUST1955,West,Ahmedabad,Electronics,Wireless Headphones,4,2237.34,0,8949.35,5465.74,3483.61,Website,Consumer,UPI,Delivered
ORD103356,16-Oct-24,CUST1956,North,Chandigarh,Sports,Dumbbells,3,1455.79,15,3712.27,2397.53,1314.73,Website,Corporate,UPI,Delivered
ORD103357,15-Mar-25,CUST1957,South,Chennai,Beauty,Shampoo,1,518.23,0,518.23,414.91,103.33,Marketplace,Consumer,UPI,Delivered
ORD103358,29-Oct-25,CUST1958,South,Hyderabad,Electronics,Wireless Headphones,1,1827.83,0,1827.83,1312.9,514.93,Website,Corporate,Cash on Delivery,Delivered
ORD103359,07-Jan-24,CUST1959,South,Chennai,Electronics,Power Bank,1,1102.19,0,1102.19,756.27,345.92,Marketplace,Consumer,Cash on Delivery,Delivered
ORD103360,14-Jul-24,CUST1960,South,Coimbatore,Sports,Yoga Mat,3,839.43,10,2266.46,1363.32,903.13,Mobile App,Corporate,Cash on Delivery,Delivered
ORD103361,24-Feb-25,CUST1961,North,Chandigarh,Beauty,Sunscreen,3,565.22,15,1441.31,1009.81,431.5,Website,Consumer,Cash on Delivery,Delivered
ORD103362,21-Jul-25,CUST1962,West,Pune,Clothing,Hoodie,2,1817.61,10,0,0,0,Website,Corporate,UPI,Cancelled
ORD103363,11-Jul-24,CUST1963,South,Bengaluru,Beauty,Lipstick,1,503.39,0,75.51,53.07,22.43,Website,Corporate,Debit Card,Returned
ORD103364,12-Jul-25,CUST1964,North,Chandigarh,Beauty,Shampoo,1,502.17,10,451.95,268.68,183.27,Mobile App,Student,Debit Card,Delivered
ORD103365,27-May-24,CUST1965,South,Chennai,Beauty,Lipstick,1,501.38,0,501.38,410.75,90.64,Website,Consumer,Net Banking,Delivered
ORD103366,30-Oct-25,CUST1966,West,Surat,Clothing,Jeans,1,1400.5,0,1400.5,958.91,441.59,Mobile App,Corporate,Debit Card,Delivered
ORD103367,20-Jul-24,CUST1967,Central,Nagpur,Clothing,Jeans,1,1449.97,10,1304.97,830.33,474.64,Website,Consumer,Debit Card,Delivered
ORD103368,19-Mar-25,CUST1968,East,Patna,Electronics,Smart Watch,1,2524.56,5,2398.33,1645.04,753.29,Marketplace,Consumer,Debit Card,Delivered
ORD103369,22-Feb-25,CUST1969,South,Chennai,Sports,Yoga Mat,1,927.09,10,834.38,518.31,316.07,Marketplace,Consumer,Credit Card,Delivered
ORD103370,02-Mar-25,CUST1970,Central,Raipur,Home & Kitchen,Bedsheet,2,917.43,10,247.71,138.27,109.44,Mobile App,Consumer,Credit Card,Returned
ORD103371,23-Apr-25,CUST1971,South,Coimbatore,Electronics,Keyboard,3,1350.18,0,4050.54,3200.61,849.92,Marketplace,Consumer,Net Banking,Delivered
ORD103372,19-Apr-25,CUST1972,South,Bengaluru,Sports,Running Shoes,1,3296.75,20,395.61,263.4,132.21,Website,Corporate,Net Banking,Returned
ORD103373,05-May-24,CUST1973,South,Bengaluru,Sports,Running Shoes,2,3162.87,10,853.97,643.28,210.69,Website,Corporate,Credit Card,Returned
ORD103374,29-Jan-25,CUST1974,North,Delhi,Sports,Gym Bag,1,1046.42,0,0,0,0,Website,Consumer,UPI,Cancelled
ORD103375,29-Jul-25,CUST1975,South,Hyderabad,Sports,Dumbbells,2,1561.69,10,2811.03,2026.19,784.84,Mobile App,Consumer,Credit Card,Delivered
ORD103376,20-Nov-24,CUST1976,Central,Indore,Sports,Dumbbells,4,1547.07,10,5569.44,4103.21,1466.23,Website,Consumer,Debit Card,Delivered
ORD103377,26-Jan-25,CUST1977,West,Surat,Electronics,Keyboard,1,1222.17,15,1038.85,835.93,202.91,Marketplace,Student,Credit Card,Delivered
ORD103378,18-Nov-25,CUST1978,South,Hyderabad,Beauty,Moisturizer,1,686.88,15,0,0,0,Mobile App,Consumer,Credit Card,Cancelled
ORD103379,19-Sep-25,CUST1979,Central,Indore,Beauty,Shampoo,1,483.38,20,0,0,0,Mobile App,Consumer,UPI,Cancelled
ORD103380,15-Mar-25,CUST1980,North,Delhi,Electronics,Keyboard,2,1106.31,25,1659.47,1325.54,333.93,Mobile App,Consumer,Credit Card,Delivered
ORD103381,22-Jul-24,CUST1981,South,Bengaluru,Electronics,Keyboard,2,1187.12,10,0,0,0,Website,Consumer,Net Banking,Cancelled
ORD103382,30-Apr-25,CUST1982,East,Kolkata,Sports,Running Shoes,1,2722.26,10,0,0,0,Website,Consumer,UPI,Cancelled
ORD103383,31-Jan-24,CUST1983,West,Mumbai,Clothing,Dress,1,1509.94,0,0,0,0,Mobile App,Consumer,Net Banking,Cancelled
ORD103384,22-Jan-25,CUST1984,North,Chandigarh,Sports,Yoga Mat,3,806.5,20,1935.59,1473.31,462.28,Mobile App,Student,UPI,Delivered
ORD103385,16-Sep-25,CUST1985,South,Coimbatore,Electronics,Smart Watch,1,2169.9,0,2169.9,1723.01,446.88,Mobile App,Corporate,UPI,Delivered
ORD103386,09-Mar-25,CUST1986,West,Ahmedabad,Electronics,Smart Watch,1,2256.81,10,2031.13,1364.88,666.25,Website,Corporate,UPI,Delivered
ORD103387,10-Jan-25,CUST1987,West,Surat,Clothing,Hoodie,4,1944.05,0,7776.22,4877.67,2898.55,Mobile App,Consumer,Debit Card,Delivered
ORD103388,09-Dec-24,CUST1988,West,Ahmedabad,Electronics,Power Bank,1,1064.14,5,1010.93,652.42,358.51,Marketplace,Consumer,UPI,Delivered
ORD103389,18-Mar-25,CUST1989,South,Hyderabad,Beauty,Shampoo,3,483.71,0,0,0,0,Mobile App,Consumer,Debit Card,Cancelled
ORD103390,01-Aug-25,CUST1990,North,Jaipur,Home & Kitchen,Mixer Grinder,5,3586.05,0,17930.23,10626.57,7303.67,Website,Consumer,Credit Card,Delivered
ORD103391,15-Mar-24,CUST1991,South,Bengaluru,Electronics,Smart Watch,1,2281.14,0,2281.14,1591.79,689.35,Website,Consumer,Debit Card,Delivered
ORD103392,10-Jul-25,CUST1992,North,Lucknow,Electronics,Smart Watch,2,2518.33,5,4784.83,3391.87,1392.96,Website,Consumer,Debit Card,Delivered
ORD103393,27-Oct-25,CUST1993,Central,Bhopal,Clothing,Dress,2,1420.85,10,0,0,0,Mobile App,Corporate,UPI,Cancelled
ORD103394,03-Jun-24,CUST1994,East,Guwahati,Electronics,Power Bank,3,1073.94,10,2899.65,2067.6,832.05,Website,Consumer,UPI,Delivered
ORD103395,05-Mar-25,CUST1995,South,Hyderabad,Beauty,Moisturizer,1,618.79,10,83.54,48.13,35.4,Mobile App,Consumer,UPI,Returned
ORD103396,28-Dec-24,CUST1996,West,Surat,Clothing,Dress,3,1372.9,10,3706.84,2728.15,978.7,Website,Consumer,UPI,Delivered
ORD103397,23-Mar-25,CUST1997,East,Kolkata,Electronics,Wireless Headphones,5,1846.74,20,1108.04,615.93,492.11,Mobile App,Consumer,UPI,Returned
ORD103398,21-Aug-24,CUST1998,South,Chennai,Home & Kitchen,Cookware Set,3,2732.04,10,0,0,0,Mobile App,Corporate,Credit Card,Cancelled
ORD103399,16-Jul-25,CUST1999,West,Ahmedabad,Electronics,Smart Watch,4,2211.5,0,8845.99,5861.42,2984.58,Website,Consumer,UPI,Delivered
ORD103400,18-Sep-24,CUST2000,Central,Raipur,Electronics,Wireless Headphones,2,1877.62,0,3755.25,2183.64,1571.61,Marketplace,Consumer,UPI,Delivered
ORD103401,04-May-24,CUST2001,West,Surat,Electronics,Bluetooth Speaker,4,1402.21,5,5328.41,2944.81,2383.6,Marketplace,Consumer,Net Banking,Delivered
ORD103402,01-Sep-24,CUST2002,North,Lucknow,Sports,Dumbbells,1,1705.24,20,0,0,0,Website,Consumer,Debit Card,Cancelled
ORD103403,25-Jun-25,CUST2003,East,Patna,Sports,Yoga Mat,2,866.47,0,259.94,174.29,85.65,Mobile App,Consumer,Debit Card,Returned
ORD103404,29-Apr-25,CUST2004,West,Ahmedabad,Beauty,Sunscreen,2,608.06,15,0,0,0,Mobile App,Consumer,Debit Card,Cancelled
ORD103405,01-May-24,CUST2005,North,Jaipur,Clothing,Hoodie,1,1725.57,0,1725.57,981.2,744.37,Mobile App,Consumer,Credit Card,Delivered
ORD103406,04-May-24,CUST2006,South,Coimbatore,Clothing,Jeans,1,1497.34,5,1422.47,880.84,541.64,Website,Student,Credit Card,Delivered
ORD103407,02-Jul-25,CUST2007,Central,Nagpur,Home & Kitchen,Water Bottle,2,519.25,15,132.41,91.73,40.68,Marketplace,Consumer,Cash on Delivery,Returned
ORD103408,18-Jun-24,CUST2008,North,Delhi,Beauty,Moisturizer,1,664.74,5,631.5,473.87,157.64,Mobile App,Consumer,UPI,Delivered
ORD103409,03-May-24,CUST2009,West,Mumbai,Sports,Yoga Mat,1,971.71,10,874.54,578.28,296.26,Mobile App,Consumer,UPI,Delivered
ORD103410,04-Feb-24,CUST2010,East,Guwahati,Electronics,Power Bank,1,1035.55,20,0,0,0,Website,Student,UPI,Cancelled
ORD103411,27-Mar-24,CUST2011,East,Bhubaneswar,Electronics,Keyboard,5,1448.51,0,0,0,0,Website,Student,UPI,Cancelled
ORD103412,07-Oct-25,CUST2012,North,Jaipur,Beauty,Shampoo,1,530.31,10,477.28,378,99.27,Mobile App,Consumer,UPI,Delivered
ORD103413,08-Dec-25,CUST2013,West,Ahmedabad,Beauty,Sunscreen,3,582.17,5,1659.19,992.92,666.27,Marketplace,Student,UPI,Delivered
ORD103414,19-Jul-24,CUST2014,South,Bengaluru,Beauty,Sunscreen,1,618.52,25,463.89,314.82,149.08,Mobile App,Corporate,Debit Card,Delivered
ORD103415,03-Jan-25,CUST2015,East,Patna,Home & Kitchen,Water Bottle,2,634.64,15,0,0,0,Website,Student,UPI,Cancelled
ORD103416,17-Mar-24,CUST2016,West,Ahmedabad,Sports,Yoga Mat,2,829.61,0,1659.22,1145.4,513.82,Website,Corporate,UPI,Delivered
ORD103417,28-Feb-24,CUST2017,West,Ahmedabad,Home & Kitchen,Cookware Set,2,2164.65,20,3463.43,2326.01,1137.42,Mobile App,Consumer,Credit Card,Delivered
ORD103418,06-Mar-25,CUST2018,Central,Bhopal,Sports,Dumbbells,3,1534.37,5,4372.94,3554.48,818.47,Website,Corporate,UPI,Delivered
ORD103419,29-Sep-25,CUST2019,East,Kolkata,Sports,Yoga Mat,3,799.27,0,2397.8,1928.66,469.14,Mobile App,Corporate,Cash on Delivery,Delivered
ORD103420,14-May-25,CUST2020,South,Bengaluru,Beauty,Lipstick,3,461.5,10,1246.06,891.05,355.01,Mobile App,Consumer,Credit Card,Delivered
ORD103421,18-Apr-24,CUST2021,Central,Bhopal,Clothing,Dress,1,1767.93,15,225.41,150.73,74.68,Marketplace,Corporate,UPI,Returned
ORD103422,04-Oct-24,CUST2022,West,Ahmedabad,Electronics,Smart Watch,2,2695.7,15,0,0,0,Marketplace,Corporate,UPI,Cancelled
ORD103423,08-Mar-24,CUST2023,South,Bengaluru,Home & Kitchen,Bedsheet,2,1008.96,10,1816.12,1250.38,565.74,Mobile App,Student,Debit Card,Delivered
ORD103424,09-Mar-24,CUST2024,North,Jaipur,Clothing,T-Shirt,1,669.88,10,602.89,493.65,109.24,Marketplace,Consumer,UPI,Delivered
ORD103425,13-Jun-24,CUST2025,Central,Bhopal,Sports,Running Shoes,3,2763.19,25,6217.17,4570.88,1646.29,Mobile App,Consumer,UPI,Delivered
ORD103426,03-May-25,CUST2026,South,Chennai,Electronics,Bluetooth Speaker,3,1505.44,15,3838.86,2182.02,1656.84,Mobile App,Student,UPI,Delivered
ORD103427,31-Oct-24,CUST2027,West,Pune,Clothing,Sneakers,1,2483.89,15,2111.31,1390.33,720.98,Mobile App,Consumer,Credit Card,Delivered
ORD103428,04-Nov-25,CUST2028,East,Kolkata,Beauty,Moisturizer,4,741.51,5,0,0,0,Marketplace,Consumer,UPI,Cancelled
ORD103429,30-Dec-24,CUST2029,South,Coimbatore,Electronics,Smart Watch,2,2750.31,15,4675.53,3634.94,1040.59,Website,Consumer,UPI,Delivered
ORD103430,13-Jan-25,CUST2030,West,Surat,Clothing,T-Shirt,1,656.23,15,557.8,429.29,128.51,Mobile App,Corporate,Net Banking,Delivered
ORD103431,08-Dec-24,CUST2031,North,Delhi,Clothing,Hoodie,1,1629.35,25,0,0,0,Website,Consumer,Cash on Delivery,Cancelled
ORD103432,07-Jul-25,CUST2032,South,Bengaluru,Home & Kitchen,Cookware Set,5,2395.93,0,1796.95,1225.63,571.32,Website,Student,Credit Card,Returned
ORD103433,19-Dec-24,CUST2033,East,Bhubaneswar,Electronics,Power Bank,2,967.17,15,1644.19,966.48,677.7,Mobile App,Student,Debit Card,Delivered
ORD103434,19-Feb-25,CUST2034,South,Bengaluru,Sports,Yoga Mat,1,773.83,25,580.37,421.41,158.96,Website,Consumer,Debit Card,Delivered
ORD103435,18-Apr-24,CUST2035,West,Ahmedabad,Clothing,Jeans,2,1622.9,10,438.18,249.37,188.81,Mobile App,Consumer,UPI,Returned
ORD103436,16-Jul-25,CUST2036,Central,Bhopal,Sports,Gym Bag,2,1341.45,15,342.07,278.05,64.02,Mobile App,Consumer,Credit Card,Returned
ORD103437,11-May-25,CUST2037,West,Pune,Clothing,Hoodie,2,1977.58,25,2966.37,2239.03,727.34,Website,Consumer,UPI,Delivered
ORD103438,06-Dec-24,CUST2038,North,Chandigarh,Clothing,Sneakers,2,2704.87,10,730.31,595.34,134.98,Mobile App,Consumer,Credit Card,Returned
ORD103439,17-Jan-25,CUST2039,South,Bengaluru,Electronics,Keyboard,2,1452.28,15,2468.88,1609.36,859.52,Marketplace,Consumer,UPI,Delivered
ORD103440,16-Jun-25,CUST2040,East,Patna,Electronics,Wireless Headphones,2,2189.12,0,4378.24,2426.71,1951.54,Mobile App,Corporate,UPI,Delivered
ORD103441,26-Oct-24,CUST2041,Central,Raipur,Home & Kitchen,Coffee Maker,4,2277.85,10,1230.04,849.65,380.39,Website,Student,Debit Card,Returned
ORD103442,18-May-24,CUST2042,Central,Indore,Electronics,Bluetooth Speaker,5,1341.64,5,0,0,0,Mobile App,Consumer,Cash on Delivery,Cancelled
ORD103443,24-Dec-24,CUST2043,Central,Bhopal,Clothing,T-Shirt,2,623.66,0,1247.32,914.91,332.41,Website,Corporate,Cash on Delivery,Delivered
ORD103444,13-May-25,CUST2044,South,Bengaluru,Home & Kitchen,Coffee Maker,4,1898.11,15,6453.58,4416.44,2037.14,Mobile App,Consumer,Cash on Delivery,Delivered
ORD103445,19-Jan-25,CUST2045,South,Chennai,Clothing,T-Shirt,3,671.87,0,2015.62,1518.63,496.99,Mobile App,Student,Cash on Delivery,Delivered
ORD103446,26-Aug-25,CUST2046,East,Bhubaneswar,Electronics,Power Bank,1,1067.31,20,128.08,80.51,47.57,Marketplace,Consumer,UPI,Returned
ORD103447,06-Oct-24,CUST2047,North,Chandigarh,Beauty,Moisturizer,4,686.68,10,2472.06,1913.07,559,Mobile App,Consumer,Debit Card,Delivered
ORD103448,28-Sep-25,CUST2048,North,Delhi,Sports,Gym Bag,1,1137.74,10,0,0,0,Mobile App,Consumer,Debit Card,Cancelled
ORD103449,27-Apr-25,CUST2049,Central,Indore,Electronics,Wireless Headphones,1,1758.11,5,250.53,204.6,45.93,Mobile App,Consumer,UPI,Returned
ORD103450,20-Apr-24,CUST2050,South,Chennai,Electronics,Power Bank,2,863.11,5,1639.91,981.01,658.9,Mobile App,Consumer,Net Banking,Delivered
ORD103451,18-May-24,CUST2051,South,Chennai,Sports,Running Shoes,2,2872.38,5,818.63,461.56,357.07,Marketplace,Consumer,UPI,Returned
ORD103452,10-Mar-25,CUST2052,North,Lucknow,Electronics,Keyboard,2,1139.2,5,0,0,0,Website,Consumer,Credit Card,Cancelled
ORD103453,23-May-25,CUST2053,Central,Bhopal,Sports,Dumbbells,3,1403.85,20,3369.25,2160.98,1208.27,Website,Consumer,Cash on Delivery,Delivered
ORD103454,29-Sep-24,CUST2054,East,Patna,Electronics,Wireless Headphones,1,1912.53,15,0,0,0,Website,Consumer,UPI,Cancelled
ORD103455,08-Apr-24,CUST2055,West,Pune,Sports,Cricket Bat,5,1970.55,20,7882.2,6305.21,1576.99,Website,Consumer,Credit Card,Delivered
ORD103456,13-Apr-24,CUST2056,Central,Indore,Clothing,Jeans,1,1349.71,15,0,0,0,Mobile App,Corporate,Debit Card,Cancelled
ORD103457,01-Aug-24,CUST2057,South,Bengaluru,Sports,Yoga Mat,4,930.33,10,3349.19,2111.55,1237.64,Website,Consumer,Credit Card,Delivered
ORD103458,25-Oct-25,CUST2058,West,Surat,Clothing,Jeans,1,1443.61,10,1299.25,735.46,563.79,Marketplace,Consumer,Credit Card,Delivered
ORD103459,13-Jun-24,CUST2059,North,Delhi,Home & Kitchen,Water Bottle,2,524.02,5,149.34,100,49.34,Mobile App,Consumer,Net Banking,Returned
ORD103460,03-Jun-25,CUST2060,North,Jaipur,Electronics,Power Bank,1,1020.98,15,130.17,94.62,35.56,Mobile App,Consumer,Credit Card,Returned
ORD103461,10-Oct-24,CUST2061,Central,Indore,Electronics,Power Bank,2,945.43,0,1890.86,1177.39,713.46,Mobile App,Consumer,UPI,Delivered
ORD103462,31-May-25,CUST2062,West,Surat,Beauty,Lipstick,1,431.2,10,388.08,288.65,99.43,Marketplace,Consumer,Cash on Delivery,Delivered
ORD103463,18-Oct-25,CUST2063,South,Coimbatore,Home & Kitchen,Coffee Maker,1,2432,5,2310.4,1569.06,741.33,Mobile App,Consumer,Debit Card,Delivered
ORD103464,04-Sep-25,CUST2064,South,Bengaluru,Sports,Yoga Mat,1,902.8,10,121.88,95.27,26.61,Website,Consumer,UPI,Returned
ORD103465,12-Jun-24,CUST2065,East,Guwahati,Clothing,Jeans,2,1467.5,5,2788.25,1655.3,1132.95,Website,Corporate,UPI,Delivered
ORD103466,20-Oct-25,CUST2066,North,Jaipur,Sports,Yoga Mat,4,972.69,0,3890.75,2935.23,955.52,Marketplace,Consumer,UPI,Delivered
ORD103467,04-Mar-24,CUST2067,South,Hyderabad,Clothing,Dress,1,1763.57,10,0,0,0,Mobile App,Consumer,UPI,Cancelled
ORD103468,31-Mar-24,CUST2068,South,Hyderabad,Sports,Dumbbells,2,1454.27,5,2763.11,2072.82,690.29,Website,Consumer,UPI,Delivered
ORD103469,26-Apr-24,CUST2069,South,Coimbatore,Sports,Yoga Mat,3,960.8,0,2882.39,1901.23,981.16,Mobile App,Consumer,UPI,Delivered
ORD103470,23-Sep-24,CUST2070,West,Pune,Clothing,Sneakers,1,2684.9,5,2550.66,1561.57,989.09,Marketplace,Consumer,Credit Card,Delivered
ORD103471,15-Nov-25,CUST2071,South,Coimbatore,Sports,Cricket Bat,1,1728.51,5,1642.09,946.76,695.33,Marketplace,Consumer,Net Banking,Delivered
ORD103472,12-Jul-25,CUST2072,South,Hyderabad,Beauty,Moisturizer,1,728.52,20,0,0,0,Website,Consumer,Net Banking,Cancelled
ORD103473,19-May-24,CUST2073,East,Patna,Electronics,Smart Watch,1,2166.64,10,1949.97,1147.7,802.28,Marketplace,Consumer,Debit Card,Delivered
ORD103474,02-Sep-24,CUST2074,Central,Nagpur,Home & Kitchen,Coffee Maker,1,2222.23,20,1777.78,1380.17,397.61,Mobile App,Corporate,Credit Card,Delivered
ORD103475,22-Oct-25,CUST2075,South,Chennai,Electronics,Smart Watch,1,2575.7,0,0,0,0,Mobile App,Student,Net Banking,Cancelled
ORD103476,29-Jan-25,CUST2076,North,Jaipur,Beauty,Moisturizer,1,663.42,5,630.25,369.75,260.51,Website,Consumer,UPI,Delivered
ORD103477,01-May-25,CUST2077,South,Bengaluru,Electronics,Wireless Headphones,3,2174.54,10,5871.25,3825.32,2045.93,Marketplace,Consumer,UPI,Delivered
ORD103478,20-Apr-25,CUST2078,West,Mumbai,Electronics,Power Bank,3,1065.07,0,0,0,0,Mobile App,Corporate,Credit Card,Cancelled
ORD103479,31-May-25,CUST2079,East,Kolkata,Clothing,T-Shirt,3,768.91,0,2306.72,1561.86,744.86,Website,Corporate,Cash on Delivery,Delivered
ORD103480,02-Jul-24,CUST2080,West,Pune,Home & Kitchen,Coffee Maker,2,2056.11,15,3495.39,2427.76,1067.62,Mobile App,Consumer,Credit Card,Delivered
ORD103481,20-Jan-24,CUST2081,Central,Bhopal,Sports,Dumbbells,1,1368.44,15,0,0,0,Website,Corporate,Cash on Delivery,Cancelled
ORD103482,11-Jul-25,CUST2082,West,Ahmedabad,Sports,Running Shoes,1,3206.21,5,3045.9,1848.39,1197.52,Mobile App,Student,UPI,Delivered
ORD103483,07-Jun-25,CUST2083,West,Mumbai,Clothing,Dress,1,1455.42,5,1382.65,1125.99,256.66,Website,Corporate,UPI,Delivered
ORD103484,04-Aug-25,CUST2084,East,Kolkata,Electronics,Wireless Headphones,2,1951.29,15,0,0,0,Mobile App,Consumer,Debit Card,Cancelled
ORD103485,12-Jun-25,CUST2085,North,Lucknow,Beauty,Shampoo,4,534.27,0,320.56,190.28,130.29,Website,Consumer,UPI,Returned
ORD103486,26-May-24,CUST2086,Central,Bhopal,Home & Kitchen,Coffee Maker,1,1997.48,20,1597.98,926.81,671.17,Marketplace,Consumer,Credit Card,Delivered
ORD103487,27-Oct-25,CUST2087,South,Chennai,Clothing,Hoodie,1,1680.65,20,1344.52,1078.9,265.63,Website,Consumer,Debit Card,Delivered
ORD103488,30-Oct-24,CUST2088,North,Chandigarh,Clothing,Sneakers,2,2420.41,20,0,0,0,Marketplace,Corporate,UPI,Cancelled
ORD103489,11-Sep-25,CUST2089,West,Mumbai,Home & Kitchen,Mixer Grinder,3,3046.27,5,8681.88,4865.44,3816.44,Mobile App,Student,UPI,Delivered
ORD103490,04-Aug-25,CUST2090,South,Chennai,Clothing,Dress,1,1558.32,0,0,0,0,Mobile App,Consumer,UPI,Cancelled
ORD103491,25-Nov-25,CUST2091,East,Guwahati,Beauty,Moisturizer,1,595.96,20,0,0,0,Website,Consumer,Cash on Delivery,Cancelled
ORD103492,15-Aug-24,CUST2092,East,Guwahati,Home & Kitchen,Bedsheet,3,906.38,5,2583.19,2100.14,483.05,Mobile App,Consumer,Credit Card,Delivered
ORD103493,11-Apr-24,CUST2093,East,Guwahati,Sports,Running Shoes,1,3223.29,5,459.32,314.37,144.95,Marketplace,Corporate,UPI,Returned
ORD103494,09-Aug-25,CUST2094,Central,Indore,Home & Kitchen,Mixer Grinder,2,3172.45,5,6027.66,4067.34,1960.31,Website,Corporate,Debit Card,Delivered
ORD103495,20-Feb-25,CUST2095,South,Coimbatore,Electronics,Keyboard,3,1327.36,5,0,0,0,Website,Consumer,UPI,Cancelled
ORD103496,03-Aug-24,CUST2096,East,Patna,Sports,Running Shoes,4,2737.24,15,9306.62,6386.68,2919.94,Marketplace,Corporate,Debit Card,Delivered
ORD103497,10-Feb-25,CUST2097,East,Kolkata,Home & Kitchen,Water Bottle,1,614.25,20,491.4,338.97,152.44,Marketplace,Consumer,Debit Card,Delivered
ORD103498,02-Feb-25,CUST2098,West,Ahmedabad,Electronics,Wireless Headphones,1,2238.87,15,1903.04,1552.32,350.72,Mobile App,Corporate,UPI,Delivered
ORD103499,15-Dec-25,CUST2099,West,Pune,Home & Kitchen,Bedsheet,1,1009.72,15,858.26,497.86,360.39,Mobile App,Consumer,Credit Card,Delivered
ORD103500,04-Dec-25,CUST2100,South,Chennai,Clothing,Dress,2,1630.43,5,0,0,0,Website,Corporate,Credit Card,Cancelled
ORD103501,13-May-25,CUST2101,West,Mumbai,Beauty,Face Serum,2,703.21,10,1265.77,752.8,512.98,Website,Consumer,UPI,Delivered
ORD103502,09-Apr-25,CUST2102,North,Chandigarh,Clothing,Dress,5,1533.3,5,7283.18,4935.71,2347.47,Website,Consumer,UPI,Delivered
ORD103503,21-Nov-25,CUST2103,Central,Indore,Beauty,Sunscreen,2,648.36,0,194.51,124.71,69.8,Website,Consumer,UPI,Returned
ORD103504,31-Dec-25,CUST2104,South,Chennai,Electronics,Keyboard,2,1396.75,0,2793.51,2257.05,536.45,Mobile App,Student,Credit Card,Delivered
ORD103505,22-Mar-24,CUST2105,West,Surat,Clothing,Jeans,1,1485.58,10,1337.02,910.63,426.4,Website,Consumer,UPI,Delivered
ORD103506,26-Aug-25,CUST2106,North,Delhi,Sports,Running Shoes,1,3280.7,0,3280.7,1824.77,1455.93,Website,Consumer,UPI,Delivered
ORD103507,17-Nov-25,CUST2107,South,Coimbatore,Beauty,Face Serum,1,709.99,25,532.49,324.74,207.75,Mobile App,Consumer,Net Banking,Delivered
ORD103508,30-Dec-24,CUST2108,East,Patna,Electronics,Power Bank,1,1026.68,25,770.01,513.07,256.94,Website,Consumer,UPI,Delivered
ORD103509,11-Jun-24,CUST2109,Central,Nagpur,Clothing,Dress,3,1466.6,0,4399.8,3223.41,1176.4,Mobile App,Consumer,Debit Card,Delivered
ORD103510,17-Feb-24,CUST2110,East,Kolkata,Clothing,Hoodie,2,1842.72,10,0,0,0,Website,Consumer,Net Banking,Cancelled
ORD103511,25-May-25,CUST2111,Central,Raipur,Home & Kitchen,Coffee Maker,1,1921.04,15,0,0,0,Website,Corporate,UPI,Cancelled
ORD103512,24-Nov-24,CUST2112,East,Guwahati,Beauty,Moisturizer,2,772.24,25,1158.36,896.19,262.16,Website,Student,Net Banking,Delivered
ORD103513,25-Apr-24,CUST2113,East,Guwahati,Beauty,Sunscreen,1,636.32,20,509.06,361.15,147.91,Website,Consumer,Credit Card,Delivered
ORD103514,02-Dec-24,CUST2114,North,Jaipur,Home & Kitchen,Cookware Set,1,2259.74,5,2146.76,1511.86,634.89,Website,Consumer,Debit Card,Delivered
ORD103515,26-May-24,CUST2115,West,Ahmedabad,Beauty,Moisturizer,3,714.42,0,0,0,0,Website,Corporate,Credit Card,Cancelled
ORD103516,28-Jul-25,CUST2116,South,Bengaluru,Clothing,Hoodie,4,1897.89,5,7211.98,5831.86,1380.12,Mobile App,Corporate,Credit Card,Delivered
ORD103517,18-Nov-24,CUST2117,Central,Bhopal,Electronics,Power Bank,1,905.64,10,0,0,0,Website,Corporate,Debit Card,Cancelled
ORD103518,18-Mar-25,CUST2118,Central,Nagpur,Home & Kitchen,Bedsheet,3,874.32,5,0,0,0,Website,Student,UPI,Cancelled
ORD103519,13-Jan-24,CUST2119,Central,Raipur,Sports,Yoga Mat,1,849.54,15,722.11,526,196.11,Mobile App,Consumer,UPI,Delivered
ORD103520,08-May-25,CUST2120,East,Bhubaneswar,Beauty,Sunscreen,1,531.11,5,504.55,406.33,98.22,Mobile App,Consumer,Net Banking,Delivered
ORD103521,01-Dec-25,CUST2121,West,Surat,Home & Kitchen,Bedsheet,2,1001.74,20,1602.78,1098.57,504.21,Website,Consumer,UPI,Delivered
ORD103522,13-Oct-24,CUST2122,West,Surat,Home & Kitchen,Coffee Maker,1,2120.96,5,2014.91,1595.61,419.31,Website,Consumer,UPI,Delivered
ORD103523,20-Dec-25,CUST2123,North,Lucknow,Sports,Gym Bag,1,1168.85,5,0,0,0,Website,Consumer,Debit Card,Cancelled
ORD103524,23-Apr-24,CUST2124,West,Pune,Clothing,T-Shirt,1,696.6,10,626.94,434.8,192.14,Mobile App,Consumer,UPI,Delivered
ORD103525,24-Apr-25,CUST2125,North,Jaipur,Clothing,Dress,1,1783.13,5,0,0,0,Mobile App,Student,Credit Card,Cancelled
ORD103526,22-Jan-24,CUST2126,East,Guwahati,Sports,Gym Bag,1,1275.75,15,162.66,124.41,38.25,Website,Student,Debit Card,Returned
ORD103527,14-Dec-24,CUST2127,North,Delhi,Sports,Cricket Bat,1,2038.89,10,1835.01,1229.73,605.28,Marketplace,Consumer,Debit Card,Delivered
ORD103528,26-Dec-25,CUST2128,North,Lucknow,Clothing,Sneakers,1,2369.55,20,1895.64,1285.85,609.79,Marketplace,Consumer,Credit Card,Delivered
ORD103529,13-Nov-25,CUST2129,South,Chennai,Clothing,Dress,2,1370.84,25,308.44,175.04,133.4,Website,Consumer,Credit Card,Returned
ORD103530,19-Jul-25,CUST2130,South,Hyderabad,Clothing,Sneakers,1,2202.77,20,264.33,176.64,87.69,Website,Corporate,Debit Card,Returned
ORD103531,15-Nov-24,CUST2131,West,Ahmedabad,Electronics,Smart Watch,1,2617.29,10,353.33,202.04,151.29,Website,Student,UPI,Returned
ORD103532,05-May-24,CUST2132,North,Delhi,Sports,Cricket Bat,1,1898.42,10,1708.58,1077.91,630.67,Marketplace,Consumer,Debit Card,Delivered
ORD103533,03-Oct-24,CUST2133,East,Kolkata,Clothing,Dress,3,1503.54,5,4285.08,2503.59,1781.49,Mobile App,Consumer,Cash on Delivery,Delivered
ORD103534,22-Jul-24,CUST2134,North,Delhi,Sports,Cricket Bat,1,2178.96,10,0,0,0,Website,Corporate,Debit Card,Cancelled
ORD103535,12-Jul-24,CUST2135,East,Patna,Electronics,Power Bank,3,979.84,25,2204.63,1347.9,856.73,Marketplace,Consumer,UPI,Delivered
ORD103536,11-Nov-25,CUST2136,West,Mumbai,Home & Kitchen,Bedsheet,1,1091.79,0,163.77,102.68,61.09,Mobile App,Consumer,Credit Card,Returned
ORD103537,25-Oct-25,CUST2137,East,Bhubaneswar,Electronics,Bluetooth Speaker,4,1633,15,5552.2,3276.15,2276.04,Mobile App,Consumer,Debit Card,Delivered
ORD103538,30-Jun-25,CUST2138,West,Surat,Beauty,Lipstick,1,434.95,20,52.19,34.9,17.29,Marketplace,Consumer,UPI,Returned
ORD103539,26-Nov-25,CUST2139,South,Bengaluru,Home & Kitchen,Coffee Maker,1,2430.44,25,1822.83,1247.45,575.38,Marketplace,Consumer,Debit Card,Delivered
ORD103540,12-Oct-24,CUST2140,West,Pune,Home & Kitchen,Mixer Grinder,2,2872.7,5,5458.12,4234.93,1223.19,Website,Consumer,UPI,Delivered
ORD103541,26-Feb-24,CUST2141,South,Chennai,Electronics,Wireless Headphones,2,2219.18,5,4216.45,2932.47,1283.98,Mobile App,Student,Credit Card,Delivered
ORD103542,29-Oct-24,CUST2142,East,Guwahati,Electronics,Keyboard,2,1262.9,5,2399.5,1467.93,931.57,Mobile App,Consumer,Net Banking,Delivered
ORD103543,11-Jun-24,CUST2143,West,Mumbai,Electronics,Smart Watch,1,2637.53,15,2241.9,1678.49,563.41,Website,Consumer,Net Banking,Delivered
ORD103544,19-Jan-24,CUST2144,North,Jaipur,Clothing,Jeans,1,1559.95,0,1559.95,983.17,576.78,Website,Consumer,Credit Card,Delivered
ORD103545,04-Jan-25,CUST2145,West,Mumbai,Home & Kitchen,Coffee Maker,2,2177,5,620.44,467.96,152.49,Website,Student,Credit Card,Returned
ORD103546,20-Sep-24,CUST2146,West,Ahmedabad,Home & Kitchen,Bedsheet,4,1016.24,5,3861.7,2527.61,1334.08,Marketplace,Corporate,UPI,Delivered
ORD103547,22-Apr-24,CUST2147,South,Coimbatore,Home & Kitchen,Water Bottle,4,662.78,5,377.78,260.18,117.61,Marketplace,Student,UPI,Returned
ORD103548,02-May-25,CUST2148,North,Lucknow,Home & Kitchen,Mixer Grinder,2,3630.17,10,6534.31,4482.63,2051.68,Mobile App,Consumer,Credit Card,Delivered
ORD103549,22-Nov-24,CUST2149,North,Chandigarh,Clothing,Jeans,1,1538.98,10,1385.08,1119.17,265.9,Marketplace,Corporate,Debit Card,Delivered
ORD103550,25-Jun-25,CUST2150,Central,Nagpur,Electronics,Keyboard,1,1334.83,20,1067.87,631.63,436.23,Website,Consumer,Debit Card,Delivered
ORD103551,08-Oct-25,CUST2151,West,Ahmedabad,Electronics,Wireless Headphones,3,1832.43,5,5222.43,4195.75,1026.68,Mobile App,Consumer,UPI,Delivered
ORD103552,01-Aug-25,CUST2152,North,Delhi,Beauty,Shampoo,3,535.79,15,1366.27,958.76,407.51,Website,Consumer,Credit Card,Delivered
ORD103553,05-Mar-24,CUST2153,South,Chennai,Home & Kitchen,Cookware Set,4,2550.99,15,1301,1064.61,236.4,Mobile App,Consumer,Credit Card,Returned
ORD103554,18-Oct-24,CUST2154,East,Bhubaneswar,Electronics,Wireless Headphones,2,2145.1,0,4290.2,3023.51,1266.69,Marketplace,Consumer,Cash on Delivery,Delivered
ORD103555,25-Jan-24,CUST2155,Central,Raipur,Electronics,Wireless Headphones,3,2054.21,15,785.74,571.4,214.33,Mobile App,Consumer,Cash on Delivery,Returned
ORD103556,02-Jul-25,CUST2156,North,Jaipur,Sports,Yoga Mat,3,836.8,0,376.56,283.32,93.24,Mobile App,Consumer,Cash on Delivery,Returned
ORD103557,01-Jan-24,CUST2157,South,Hyderabad,Beauty,Moisturizer,2,629.91,15,1070.85,826.57,244.28,Mobile App,Student,Credit Card,Delivered
ORD103558,02-Jul-25,CUST2158,Central,Raipur,Home & Kitchen,Coffee Maker,3,1914.85,15,4882.86,3315.18,1567.68,Mobile App,Corporate,UPI,Delivered
ORD103559,20-May-24,CUST2159,North,Lucknow,Clothing,Sneakers,1,2519.54,15,0,0,0,Website,Consumer,UPI,Cancelled
ORD103560,09-Oct-25,CUST2160,South,Chennai,Clothing,T-Shirt,2,647.76,5,0,0,0,Marketplace,Student,Credit Card,Cancelled
ORD103561,06-Jul-24,CUST2161,Central,Raipur,Sports,Dumbbells,4,1631.36,10,5872.9,3875.6,1997.29,Website,Consumer,Credit Card,Delivered
ORD103562,07-May-24,CUST2162,West,Mumbai,Beauty,Face Serum,1,691.8,15,588.03,453.74,134.3,Website,Consumer,Cash on Delivery,Delivered
ORD103563,19-Jul-24,CUST2163,South,Hyderabad,Clothing,Hoodie,2,1711.62,10,3080.92,1854.59,1226.32,Website,Consumer,UPI,Delivered
ORD103564,06-May-24,CUST2164,North,Delhi,Beauty,Lipstick,1,459.25,15,0,0,0,Mobile App,Consumer,Net Banking,Cancelled
ORD103565,13-Sep-24,CUST2165,North,Jaipur,Beauty,Shampoo,3,474.05,15,1208.82,905.21,303.61,Marketplace,Consumer,UPI,Delivered
ORD103566,06-Nov-25,CUST2166,South,Chennai,Clothing,T-Shirt,2,604.39,5,1148.35,829.25,319.1,Marketplace,Student,UPI,Delivered
ORD103567,30-Jun-25,CUST2167,Central,Nagpur,Clothing,Sneakers,4,2612.78,0,1567.67,996.67,570.99,Mobile App,Consumer,UPI,Returned
ORD103568,12-Jul-24,CUST2168,South,Hyderabad,Electronics,Wireless Headphones,2,1762.14,10,3171.84,2288.44,883.41,Website,Student,Credit Card,Delivered
ORD103569,03-Dec-25,CUST2169,West,Ahmedabad,Electronics,Wireless Headphones,1,1706.92,15,0,0,0,Mobile App,Consumer,Cash on Delivery,Cancelled
ORD103570,13-Apr-24,CUST2170,Central,Raipur,Beauty,Lipstick,1,551.64,0,82.75,50.36,32.39,Marketplace,Student,UPI,Returned
ORD103571,18-Jun-25,CUST2171,South,Bengaluru,Clothing,Jeans,3,1352.21,0,4056.64,2867.95,1188.69,Website,Consumer,Credit Card,Delivered
ORD103572,21-Sep-24,CUST2172,South,Hyderabad,Beauty,Face Serum,1,857.79,0,857.79,662.78,195.01,Mobile App,Consumer,Debit Card,Delivered
ORD103573,18-Jan-25,CUST2173,East,Kolkata,Sports,Gym Bag,2,1331.38,10,0,0,0,Mobile App,Consumer,UPI,Cancelled
ORD103574,16-Sep-24,CUST2174,Central,Raipur,Electronics,Power Bank,1,993.22,10,134.08,94.44,39.64,Website,Consumer,UPI,Returned
ORD103575,17-Feb-25,CUST2175,West,Ahmedabad,Clothing,Dress,3,1586.29,10,4282.99,2446.46,1836.52,Website,Consumer,Credit Card,Delivered
ORD103576,23-Dec-24,CUST2176,North,Lucknow,Beauty,Lipstick,1,473.65,5,449.97,348.38,101.59,Mobile App,Consumer,UPI,Delivered
ORD103577,15-Mar-24,CUST2177,West,Surat,Beauty,Shampoo,4,481.49,10,1733.37,1325.95,407.42,Marketplace,Consumer,Credit Card,Delivered
ORD103578,20-Dec-24,CUST2178,East,Guwahati,Beauty,Sunscreen,2,587.12,15,998.1,671.91,326.19,Marketplace,Consumer,UPI,Delivered
ORD103579,06-Aug-25,CUST2179,Central,Indore,Clothing,Jeans,1,1335.71,5,190.34,110.81,79.52,Mobile App,Consumer,Net Banking,Returned
ORD103580,06-Jul-24,CUST2180,North,Jaipur,Clothing,Sneakers,2,2370.25,5,0,0,0,Marketplace,Corporate,Debit Card,Cancelled
ORD103581,15-Nov-25,CUST2181,East,Kolkata,Home & Kitchen,Water Bottle,4,641.14,15,0,0,0,Website,Corporate,Debit Card,Cancelled
ORD103582,16-Oct-24,CUST2182,Central,Bhopal,Sports,Cricket Bat,3,1797.6,20,647.13,516.58,130.55,Mobile App,Consumer,Credit Card,Returned
ORD103583,14-Feb-24,CUST2183,South,Chennai,Clothing,Sneakers,1,2616.6,5,0,0,0,Website,Corporate,Cash on Delivery,Cancelled
ORD103584,26-Jul-25,CUST2184,East,Kolkata,Sports,Running Shoes,4,3076.76,20,9845.63,5501.03,4344.6,Mobile App,Consumer,Cash on Delivery,Delivered
ORD103585,23-Mar-24,CUST2185,North,Delhi,Clothing,Jeans,1,1297.34,0,1297.34,802.77,494.57,Marketplace,Student,UPI,Delivered
ORD103586,02-May-24,CUST2186,South,Hyderabad,Sports,Running Shoes,1,2567.31,0,0,0,0,Website,Consumer,Debit Card,Cancelled
ORD103587,23-Dec-24,CUST2187,South,Coimbatore,Home & Kitchen,Mixer Grinder,2,3118.16,10,841.9,498.38,343.52,Marketplace,Consumer,Credit Card,Returned
ORD103588,11-Jun-25,CUST2188,Central,Raipur,Clothing,Dress,1,1657.98,15,1409.28,1147.9,261.38,Website,Corporate,Debit Card,Delivered
ORD103589,06-Mar-24,CUST2189,South,Coimbatore,Home & Kitchen,Cookware Set,2,2347.09,5,4459.48,2720.48,1738.99,Mobile App,Student,Cash on Delivery,Delivered
ORD103590,18-Oct-25,CUST2190,East,Bhubaneswar,Clothing,Dress,2,1647.43,10,444.81,326.05,118.75,Website,Corporate,UPI,Returned
ORD103591,09-Jan-25,CUST2191,West,Ahmedabad,Clothing,Sneakers,2,2573.15,0,0,0,0,Marketplace,Consumer,Credit Card,Cancelled
ORD103592,10-Jun-24,CUST2192,North,Lucknow,Electronics,Power Bank,1,1066.7,10,960.03,671.92,288.12,Website,Consumer,Debit Card,Delivered
ORD103593,14-Jan-25,CUST2193,East,Bhubaneswar,Electronics,Power Bank,2,875.98,5,249.66,200.18,49.48,Website,Consumer,Net Banking,Returned
ORD103594,17-Oct-25,CUST2194,West,Surat,Clothing,Sneakers,2,2513.56,10,4524.4,3137.76,1386.64,Marketplace,Student,Credit Card,Delivered
ORD103595,23-Dec-24,CUST2195,Central,Indore,Beauty,Shampoo,2,432.57,10,778.63,492.41,286.21,Mobile App,Consumer,Debit Card,Delivered
ORD103596,06-Jul-24,CUST2196,West,Mumbai,Home & Kitchen,Bedsheet,3,896.61,15,2286.35,1393.8,892.55,Mobile App,Student,Cash on Delivery,Delivered
ORD103597,17-Nov-24,CUST2197,West,Surat,Electronics,Wireless Headphones,1,1874.83,10,0,0,0,Mobile App,Student,Debit Card,Cancelled
ORD103598,25-Mar-25,CUST2198,North,Chandigarh,Sports,Running Shoes,2,3121.94,10,842.92,688.18,154.75,Mobile App,Consumer,Net Banking,Returned
ORD103599,18-Apr-25,CUST2199,Central,Indore,Home & Kitchen,Cookware Set,3,2781.25,10,7509.39,4640.76,2868.63,Marketplace,Corporate,UPI,Delivered
ORD103600,13-Jan-24,CUST2200,North,Delhi,Sports,Gym Bag,2,1130.03,25,1695.05,1262.68,432.37,Marketplace,Consumer,Cash on Delivery,Delivered
ORD103601,02-Jul-24,CUST1001,West,Pune,Home & Kitchen,Bedsheet,2,989.72,15,0,0,0,Website,Consumer,UPI,Cancelled
ORD103602,20-Apr-24,CUST1002,South,Chennai,Electronics,Smart Watch,1,2298.94,15,1954.1,1443.33,510.77,Mobile App,Corporate,Credit Card,Delivered
ORD103603,22-May-25,CUST1003,Central,Raipur,Clothing,T-Shirt,1,721.64,10,649.47,526.29,123.18,Marketplace,Consumer,Credit Card,Delivered
ORD103604,16-Oct-24,CUST1004,West,Pune,Home & Kitchen,Coffee Maker,2,2086.8,10,3756.25,2345.94,1410.31,Marketplace,Consumer,Cash on Delivery,Delivered
ORD103605,21-Oct-24,CUST1005,West,Mumbai,Electronics,Power Bank,2,979.05,5,1860.2,1394.75,465.45,Website,Consumer,UPI,Delivered
ORD103606,26-Mar-25,CUST1006,South,Bengaluru,Electronics,Smart Watch,1,2507.27,15,2131.18,1424.15,707.03,Mobile App,Corporate,UPI,Delivered
ORD103607,02-Aug-24,CUST1007,East,Guwahati,Electronics,Power Bank,2,1034.25,5,1965.08,1427.01,538.07,Marketplace,Consumer,Debit Card,Delivered
ORD103608,23-Sep-25,CUST1008,West,Surat,Clothing,Hoodie,3,1558.32,0,701.24,462.68,238.57,Website,Consumer,Credit Card,Returned
ORD103609,20-Jul-25,CUST1009,West,Ahmedabad,Clothing,Hoodie,1,1798.68,15,1528.88,1133.28,395.6,Marketplace,Consumer,Cash on Delivery,Delivered
ORD103610,27-Jan-24,CUST1010,North,Delhi,Home & Kitchen,Cookware Set,5,2415.07,0,12075.35,7741.81,4333.53,Website,Student,Debit Card,Delivered
ORD103611,21-Sep-25,CUST1011,Central,Raipur,Electronics,Keyboard,1,1151.07,20,138.13,94.18,43.94,Website,Consumer,Cash on Delivery,Returned
ORD103612,18-Aug-24,CUST1012,Central,Bhopal,Home & Kitchen,Bedsheet,2,905.26,15,1538.95,1140.94,398.01,Website,Consumer,Cash on Delivery,Delivered
ORD103613,18-Jul-25,CUST1013,South,Bengaluru,Home & Kitchen,Water Bottle,2,652.1,10,0,0,0,Website,Consumer,Debit Card,Cancelled
ORD103614,16-Nov-24,CUST1014,Central,Indore,Clothing,Sneakers,1,2712.36,5,2576.75,1645.47,931.28,Mobile App,Consumer,Credit Card,Delivered
ORD103615,20-Aug-24,CUST1015,East,Guwahati,Electronics,Power Bank,4,858.14,10,0,0,0,Mobile App,Consumer,UPI,Cancelled
ORD103616,31-Oct-25,CUST1016,East,Guwahati,Electronics,Bluetooth Speaker,1,1553.17,10,209.68,119.52,90.16,Website,Consumer,UPI,Returned
ORD103617,12-Mar-25,CUST1017,South,Chennai,Clothing,Dress,1,1598.41,5,1518.49,1123.46,395.03,Mobile App,Consumer,Debit Card,Delivered
ORD103618,16-Jun-25,CUST1018,East,Guwahati,Electronics,Power Bank,2,1102.65,20,1764.23,1357.73,406.5,Website,Consumer,UPI,Delivered
ORD103619,06-Feb-25,CUST1019,West,Pune,Clothing,Hoodie,2,1970.2,0,3940.39,2340.98,1599.41,Marketplace,Corporate,Debit Card,Delivered
ORD103620,22-Feb-24,CUST1020,South,Bengaluru,Home & Kitchen,Cookware Set,4,2515.2,15,8551.67,6396.95,2154.72,Marketplace,Student,Credit Card,Delivered
ORD103621,08-Nov-24,CUST1021,West,Surat,Home & Kitchen,Coffee Maker,1,1951.65,15,1658.9,1201.83,457.07,Mobile App,Consumer,Cash on Delivery,Delivered
ORD103622,07-Oct-24,CUST1022,West,Ahmedabad,Electronics,Smart Watch,1,2434.4,25,1825.8,1206.74,619.06,Marketplace,Consumer,Debit Card,Delivered
ORD103623,26-Dec-25,CUST1023,West,Mumbai,Clothing,Hoodie,1,1881.38,10,1693.25,1006.71,686.53,Marketplace,Corporate,Debit Card,Delivered
ORD103624,31-Jan-24,CUST1024,North,Jaipur,Home & Kitchen,Cookware Set,2,2766.32,10,4979.37,4022.42,956.95,Mobile App,Student,UPI,Delivered
ORD103625,02-Dec-24,CUST1025,Central,Raipur,Sports,Dumbbells,2,1516.23,20,2425.96,1638.21,787.75,Website,Consumer,UPI,Delivered
ORD103626,01-Jul-24,CUST1026,East,Patna,Beauty,Face Serum,5,848.43,15,0,0,0,Website,Student,UPI,Cancelled
ORD103627,23-Jan-24,CUST1027,South,Coimbatore,Home & Kitchen,Bedsheet,2,1033.47,15,1756.89,1306.96,449.93,Marketplace,Corporate,UPI,Delivered
ORD103628,27-Jun-25,CUST1028,South,Bengaluru,Clothing,Hoodie,4,1567.18,15,799.26,570.78,228.48,Website,Consumer,Cash on Delivery,Returned
ORD103629,21-Mar-25,CUST1029,East,Kolkata,Clothing,Jeans,5,1499.98,10,0,0,0,Website,Consumer,Debit Card,Cancelled
ORD103630,14-Mar-24,CUST1030,Central,Indore,Sports,Running Shoes,1,2697.74,0,2697.74,2209.31,488.44,Website,Corporate,UPI,Delivered
ORD103631,10-Jan-24,CUST1031,South,Coimbatore,Electronics,Power Bank,1,1033.52,5,981.85,551.91,429.94,Mobile App,Consumer,Cash on Delivery,Delivered
ORD103632,28-Apr-25,CUST1032,West,Mumbai,Sports,Dumbbells,1,1622.54,10,219.04,164.2,54.85,Mobile App,Consumer,Debit Card,Returned
ORD103633,31-Mar-25,CUST1033,North,Delhi,Home & Kitchen,Bedsheet,1,1111.61,5,0,0,0,Mobile App,Consumer,Debit Card,Cancelled
ORD103634,19-Jul-25,CUST1034,East,Guwahati,Beauty,Moisturizer,2,770.68,10,1387.23,964.57,422.66,Website,Consumer,Credit Card,Delivered
ORD103635,17-Jul-25,CUST1035,Central,Bhopal,Electronics,Keyboard,1,1107.44,10,996.69,740.78,255.91,Website,Consumer,Debit Card,Delivered
ORD103636,21-Oct-25,CUST1036,West,Mumbai,Home & Kitchen,Cookware Set,1,2178.15,10,1960.33,1311.66,648.67,Website,Corporate,Credit Card,Delivered
ORD103637,08-Jun-24,CUST1037,South,Bengaluru,Home & Kitchen,Coffee Maker,1,2325.81,5,2209.52,1428.08,781.44,Mobile App,Student,Debit Card,Delivered
ORD103638,14-Jan-24,CUST1038,East,Bhubaneswar,Electronics,Smart Watch,1,2586.77,15,2198.76,1622.78,575.98,Mobile App,Consumer,UPI,Delivered
ORD103639,26-Jun-24,CUST1039,South,Bengaluru,Clothing,Hoodie,1,1918.19,20,1534.55,1253.4,281.15,Website,Consumer,Cash on Delivery,Delivered
ORD103640,15-Feb-25,CUST1040,South,Chennai,Sports,Running Shoes,1,2765.2,15,2350.42,1350.9,999.52,Website,Consumer,Credit Card,Delivered
ORD103641,22-Feb-24,CUST1041,West,Surat,Home & Kitchen,Cookware Set,1,2697.21,0,2697.21,1790.88,906.34,Marketplace,Consumer,Cash on Delivery,Delivered
ORD103642,11-Feb-25,CUST1042,West,Ahmedabad,Clothing,Hoodie,1,1744.05,10,1569.64,1261.94,307.7,Marketplace,Consumer,UPI,Delivered
ORD103643,22-Jan-24,CUST1043,South,Bengaluru,Electronics,Power Bank,3,919.79,15,2345.48,1361.44,984.03,Website,Corporate,UPI,Delivered
ORD103644,30-Jan-24,CUST1044,Central,Indore,Beauty,Moisturizer,1,596.15,10,536.54,389.39,147.14,Mobile App,Consumer,Net Banking,Delivered
ORD103645,03-Dec-25,CUST1045,East,Bhubaneswar,Beauty,Shampoo,3,541.55,10,0,0,0,Website,Consumer,Credit Card,Cancelled
ORD103646,16-Sep-24,CUST1046,South,Coimbatore,Home & Kitchen,Water Bottle,2,595.73,5,169.78,110.66,59.13,Website,Consumer,UPI,Returned
ORD103647,23-Jul-24,CUST1047,East,Guwahati,Home & Kitchen,Coffee Maker,1,2448.26,5,2325.85,1410.74,915.11,Marketplace,Consumer,UPI,Delivered
ORD103648,28-Feb-24,CUST1048,West,Surat,Clothing,T-Shirt,2,729.03,5,0,0,0,Website,Consumer,Credit Card,Cancelled
ORD103649,15-Apr-25,CUST1049,East,Kolkata,Home & Kitchen,Mixer Grinder,1,2875.78,5,409.8,282.51,127.28,Website,Consumer,Cash on Delivery,Returned
ORD103650,10-Apr-25,CUST1050,East,Kolkata,Electronics,Wireless Headphones,1,2016.61,10,0,0,0,Website,Consumer,UPI,Cancelled
ORD103651,12-Jan-24,CUST1051,East,Bhubaneswar,Sports,Running Shoes,3,2563.02,10,6920.14,4724.5,2195.64,Marketplace,Corporate,Cash on Delivery,Delivered
ORD103652,22-Sep-25,CUST1052,North,Lucknow,Home & Kitchen,Water Bottle,4,599.36,15,2037.82,1228.61,809.21,Mobile App,Consumer,UPI,Delivered
ORD103653,16-Oct-24,CUST1053,West,Pune,Clothing,Sneakers,4,2360.44,5,8969.68,5781.45,3188.23,Mobile App,Corporate,UPI,Delivered
ORD103654,19-Dec-24,CUST1054,East,Kolkata,Clothing,Hoodie,2,1841.62,10,3314.91,2715.02,599.89,Mobile App,Corporate,Credit Card,Delivered
ORD103655,30-Sep-25,CUST1055,North,Lucknow,Beauty,Lipstick,1,497.12,15,422.55,274.39,148.15,Website,Consumer,Cash on Delivery,Delivered
ORD103656,15-Mar-24,CUST1056,West,Mumbai,Electronics,Wireless Headphones,1,1840.21,25,1380.16,912.88,467.28,Marketplace,Corporate,Debit Card,Delivered
ORD103657,16-Dec-25,CUST1057,Central,Raipur,Clothing,Jeans,2,1339.86,5,2545.73,1413.81,1131.92,Website,Consumer,Credit Card,Delivered
ORD103658,14-Jul-25,CUST1058,Central,Indore,Home & Kitchen,Coffee Maker,3,2109.44,5,6011.9,3924.71,2087.19,Website,Consumer,Credit Card,Delivered
ORD103659,13-Aug-25,CUST1059,South,Coimbatore,Clothing,Hoodie,1,2008.49,10,271.15,205.02,66.13,Marketplace,Student,UPI,Returned
ORD103660,16-Mar-25,CUST1060,North,Lucknow,Beauty,Moisturizer,4,676.38,15,344.95,237.75,107.21,Marketplace,Consumer,Credit Card,Returned
ORD103661,28-Aug-24,CUST1061,East,Bhubaneswar,Electronics,Keyboard,1,1366.77,25,1025.08,745.64,279.43,Mobile App,Consumer,UPI,Delivered
ORD103662,02-Jun-24,CUST1062,North,Delhi,Beauty,Lipstick,2,431.83,10,777.29,544.31,232.98,Mobile App,Student,Net Banking,Delivered
ORD103663,05-Apr-24,CUST1063,Central,Bhopal,Electronics,Keyboard,4,1237.03,15,4205.9,2433.04,1772.86,Marketplace,Consumer,Debit Card,Delivered
ORD103664,26-Dec-25,CUST1064,North,Chandigarh,Electronics,Power Bank,4,1005.68,10,3620.45,2315.93,1304.52,Marketplace,Corporate,Credit Card,Delivered
ORD103665,20-Oct-24,CUST1065,South,Chennai,Sports,Cricket Bat,2,2104.59,0,0,0,0,Marketplace,Consumer,UPI,Cancelled
ORD103666,27-Jul-24,CUST1066,South,Bengaluru,Home & Kitchen,Cookware Set,1,2480.67,20,297.68,207.76,89.92,Website,Consumer,Credit Card,Returned
ORD103667,08-Dec-24,CUST1067,South,Chennai,Clothing,Hoodie,1,1779.44,5,1690.47,1237.83,452.64,Marketplace,Consumer,Debit Card,Delivered
ORD103668,28-Mar-24,CUST1068,West,Surat,Electronics,Smart Watch,1,2639.58,0,0,0,0,Website,Corporate,UPI,Cancelled
ORD103669,24-Jan-25,CUST1069,East,Guwahati,Home & Kitchen,Mixer Grinder,2,3083.2,25,4624.81,2785.5,1839.3,Mobile App,Consumer,UPI,Delivered
ORD103670,20-Nov-24,CUST1070,North,Jaipur,Home & Kitchen,Cookware Set,2,2185.29,5,4152.05,3213.89,938.16,Website,Consumer,UPI,Delivered
ORD103671,05-Jun-24,CUST1071,South,Bengaluru,Sports,Running Shoes,2,2830.25,0,849.07,553.26,295.82,Website,Consumer,Debit Card,Returned
ORD103672,29-Oct-25,CUST1072,East,Kolkata,Sports,Cricket Bat,1,1784.97,5,1695.72,1232.54,463.18,Mobile App,Corporate,Cash on Delivery,Delivered
ORD103673,12-Oct-25,CUST1073,North,Chandigarh,Home & Kitchen,Mixer Grinder,2,3664.55,10,989.43,646.03,343.39,Website,Consumer,Credit Card,Returned
ORD103674,24-Sep-25,CUST1074,West,Mumbai,Clothing,Sneakers,2,2513.81,0,754.14,603.59,150.56,Website,Corporate,Debit Card,Returned
ORD103675,30-Jul-25,CUST1075,East,Guwahati,Home & Kitchen,Coffee Maker,4,2134.31,5,1216.56,994.93,221.63,Website,Consumer,UPI,Returned
ORD103676,10-Sep-25,CUST1076,West,Pune,Beauty,Shampoo,1,547.03,15,464.98,337.21,127.77,Marketplace,Consumer,Credit Card,Delivered
ORD103677,20-Oct-25,CUST1077,Central,Raipur,Electronics,Wireless Headphones,3,2185.1,20,5244.24,3736.95,1507.3,Website,Student,UPI,Delivered
ORD103678,16-May-24,CUST1078,Central,Indore,Clothing,Jeans,1,1442.4,5,1370.28,1064.74,305.54,Website,Student,Debit Card,Delivered
ORD103679,04-Nov-25,CUST1079,Central,Nagpur,Electronics,Keyboard,2,1410.94,10,2539.7,1750.82,788.87,Mobile App,Student,Debit Card,Delivered
ORD103680,03-Mar-25,CUST1080,South,Chennai,Electronics,Keyboard,4,1126.61,10,4055.78,3182.84,872.94,Marketplace,Corporate,UPI,Delivered
ORD103681,27-Mar-25,CUST1081,North,Delhi,Electronics,Keyboard,1,1414.8,0,0,0,0,Mobile App,Consumer,UPI,Cancelled
ORD103682,03-Sep-25,CUST1082,South,Coimbatore,Home & Kitchen,Bedsheet,1,932.92,5,0,0,0,Marketplace,Consumer,Credit Card,Cancelled
ORD103683,20-May-24,CUST1083,Central,Nagpur,Beauty,Moisturizer,1,700.81,15,595.68,476.65,119.03,Website,Consumer,Debit Card,Delivered
ORD103684,23-Mar-24,CUST1084,Central,Indore,Home & Kitchen,Cookware Set,1,2306.12,15,0,0,0,Mobile App,Student,Cash on Delivery,Cancelled
ORD103685,25-Jun-24,CUST1085,Central,Raipur,Clothing,Sneakers,2,2788.62,5,0,0,0,Marketplace,Consumer,Debit Card,Cancelled
ORD103686,16-Jul-24,CUST1086,North,Jaipur,Electronics,Bluetooth Speaker,1,1303.2,0,1303.2,1049.24,253.97,Mobile App,Consumer,UPI,Delivered
ORD103687,15-Sep-25,CUST1087,Central,Nagpur,Home & Kitchen,Water Bottle,1,581.44,0,581.44,459,122.43,Website,Consumer,UPI,Delivered
ORD103688,21-Jul-25,CUST1088,South,Hyderabad,Clothing,Sneakers,2,2543.15,10,4577.67,2651.73,1925.94,Mobile App,Corporate,UPI,Delivered
ORD103689,21-Nov-25,CUST1089,North,Delhi,Home & Kitchen,Bedsheet,2,1015.2,10,1827.36,1313.12,514.24,Marketplace,Consumer,Credit Card,Delivered
ORD103690,24-Feb-25,CUST1090,East,Kolkata,Sports,Dumbbells,1,1678.09,10,226.54,157.51,69.03,Marketplace,Consumer,Credit Card,Returned
ORD103691,04-Feb-25,CUST1091,North,Delhi,Electronics,Smart Watch,2,2612.93,15,4441.99,3374.35,1067.64,Website,Consumer,UPI,Delivered
ORD103692,28-Nov-25,CUST1092,East,Patna,Electronics,Power Bank,2,1063.08,20,1700.94,1073.64,627.29,Website,Student,Debit Card,Delivered
ORD103693,15-Apr-25,CUST1093,South,Bengaluru,Clothing,Dress,1,1460.3,25,1095.22,604.77,490.45,Marketplace,Consumer,UPI,Delivered
ORD103694,05-Aug-24,CUST1094,East,Patna,Sports,Yoga Mat,2,854.08,15,1451.94,871.25,580.69,Website,Corporate,Cash on Delivery,Delivered
ORD103695,29-Dec-25,CUST1095,West,Ahmedabad,Beauty,Shampoo,3,475.62,10,1284.18,779.44,504.74,Mobile App,Student,Cash on Delivery,Delivered
ORD103696,23-Sep-25,CUST1096,Central,Nagpur,Sports,Running Shoes,1,3323.12,0,3323.12,2089.19,1233.93,Website,Student,Debit Card,Delivered
ORD103697,23-Jun-24,CUST1097,West,Surat,Clothing,T-Shirt,3,671.4,5,1913.49,1243.78,669.71,Website,Consumer,Credit Card,Delivered
ORD103698,23-Jan-24,CUST1098,South,Coimbatore,Sports,Dumbbells,3,1454.94,10,589.25,436.5,152.75,Marketplace,Consumer,UPI,Returned
ORD103699,25-Dec-25,CUST1099,West,Mumbai,Electronics,Smart Watch,3,2550.81,25,0,0,0,Mobile App,Corporate,Credit Card,Cancelled
ORD103700,22-Aug-24,CUST1100,Central,Nagpur,Electronics,Power Bank,2,964.4,0,1928.79,1314.22,614.58,Mobile App,Consumer,Credit Card,Delivered
ORD103701,13-Jan-24,CUST1101,North,Delhi,Sports,Running Shoes,2,2751.65,15,0,0,0,Website,Corporate,UPI,Cancelled
ORD103702,10-Apr-24,CUST1102,East,Patna,Sports,Dumbbells,3,1667.9,25,562.91,403.21,159.71,Marketplace,Corporate,Net Banking,Returned
ORD103703,19-Jun-25,CUST1103,South,Chennai,Electronics,Power Bank,2,900.92,15,1531.56,970.78,560.78,Website,Corporate,Credit Card,Delivered
ORD103704,06-Jun-25,CUST1104,North,Jaipur,Electronics,Keyboard,1,1326.29,15,1127.34,699.11,428.23,Mobile App,Consumer,UPI,Delivered
ORD103705,27-Mar-25,CUST1105,West,Mumbai,Electronics,Smart Watch,1,2414.64,5,2293.91,1561.35,732.56,Website,Consumer,Net Banking,Delivered
ORD103706,06-Mar-25,CUST1106,Central,Bhopal,Electronics,Wireless Headphones,1,1871.41,0,0,0,0,Website,Consumer,Credit Card,Cancelled
ORD103707,28-Aug-25,CUST1107,North,Lucknow,Electronics,Power Bank,1,1104.31,5,157.36,88.44,68.92,Mobile App,Student,Net Banking,Returned
ORD103708,13-Dec-25,CUST1108,West,Surat,Sports,Cricket Bat,1,1874.24,15,1593.11,1002.49,590.62,Mobile App,Consumer,UPI,Delivered
ORD103709,16-Jun-25,CUST1109,Central,Raipur,Home & Kitchen,Water Bottle,2,565.35,0,1130.7,862.25,268.46,Marketplace,Consumer,UPI,Delivered
ORD103710,23-Dec-25,CUST1110,Central,Bhopal,Beauty,Sunscreen,4,649.96,5,0,0,0,Website,Consumer,Debit Card,Cancelled
ORD103711,13-Oct-25,CUST1111,South,Hyderabad,Beauty,Face Serum,4,706.99,10,2545.16,2053.93,491.23,Website,Corporate,Credit Card,Delivered
ORD103712,19-Oct-24,CUST1112,Central,Indore,Home & Kitchen,Water Bottle,3,526.63,10,213.28,167.27,46.02,Website,Consumer,Cash on Delivery,Returned
ORD103713,10-Apr-24,CUST1113,South,Coimbatore,Beauty,Sunscreen,5,554.87,10,2496.93,1605.19,891.74,Website,Corporate,Credit Card,Delivered
ORD103714,16-May-25,CUST1114,East,Guwahati,Home & Kitchen,Mixer Grinder,5,3331.14,25,12491.77,9320.02,3171.74,Marketplace,Student,UPI,Delivered
ORD103715,30-Oct-24,CUST1115,North,Chandigarh,Clothing,T-Shirt,3,666.68,0,2000.04,1248.15,751.89,Website,Consumer,Net Banking,Delivered
ORD103716,23-Jun-25,CUST1116,North,Jaipur,Home & Kitchen,Bedsheet,1,1013.3,10,911.97,544.74,367.22,Website,Consumer,Cash on Delivery,Delivered
ORD103717,06-Jul-25,CUST1117,West,Surat,Home & Kitchen,Mixer Grinder,1,2946.44,10,397.77,313.39,84.38,Mobile App,Consumer,UPI,Returned
ORD103718,20-Dec-24,CUST1118,East,Guwahati,Beauty,Sunscreen,2,551.43,5,157.16,101.3,55.86,Website,Consumer,Credit Card,Returned
ORD103719,29-Oct-24,CUST1119,South,Bengaluru,Sports,Gym Bag,1,1202.11,10,1081.9,654.47,427.43,Marketplace,Consumer,UPI,Delivered
ORD103720,10-May-25,CUST1120,South,Bengaluru,Clothing,Dress,3,1452.9,15,3704.89,3002.98,701.92,Mobile App,Consumer,UPI,Delivered
ORD103721,19-Oct-25,CUST1121,West,Surat,Beauty,Shampoo,1,481.11,15,408.95,228.35,180.6,Website,Consumer,Cash on Delivery,Delivered
ORD103722,14-Aug-24,CUST1122,North,Chandigarh,Electronics,Smart Watch,1,2510.53,0,0,0,0,Mobile App,Student,Net Banking,Cancelled
ORD103723,23-Aug-24,CUST1123,West,Ahmedabad,Beauty,Face Serum,1,889.2,15,113.37,63.53,49.84,Mobile App,Consumer,Debit Card,Returned
ORD103724,30-Mar-25,CUST1124,North,Lucknow,Clothing,Hoodie,2,1567.95,20,2508.73,1721.25,787.47,Marketplace,Consumer,Net Banking,Delivered
ORD103725,13-Jan-24,CUST1125,South,Hyderabad,Electronics,Power Bank,2,973.34,0,0,0,0,Marketplace,Consumer,UPI,Cancelled
ORD103726,28-Jul-24,CUST1126,South,Bengaluru,Clothing,Jeans,2,1434.53,10,0,0,0,Website,Consumer,UPI,Cancelled
ORD103727,31-Jan-25,CUST1127,East,Bhubaneswar,Home & Kitchen,Bedsheet,1,1071.47,10,144.65,116.82,27.83,Website,Corporate,UPI,Returned
ORD103728,09-Apr-24,CUST1128,South,Chennai,Electronics,Keyboard,2,1419.91,0,2839.82,1960.37,879.45,Mobile App,Consumer,Debit Card,Delivered
ORD103729,31-Jan-24,CUST1129,South,Coimbatore,Sports,Dumbbells,2,1750.73,10,3151.32,1976.06,1175.26,Mobile App,Student,Cash on Delivery,Delivered
ORD103730,11-Jun-25,CUST1130,Central,Nagpur,Electronics,Power Bank,3,950.34,5,406.27,319.12,87.15,Website,Consumer,Credit Card,Returned
ORD103731,10-Oct-25,CUST1131,West,Pune,Sports,Running Shoes,1,2795.84,20,2236.67,1595.25,641.42,Marketplace,Student,Cash on Delivery,Delivered
ORD103732,24-Nov-24,CUST1132,North,Delhi,Beauty,Shampoo,1,484.66,10,436.2,305.09,131.1,Mobile App,Student,Cash on Delivery,Delivered
ORD103733,14-Jun-24,CUST1133,South,Bengaluru,Clothing,T-Shirt,1,659.07,25,74.15,44.56,29.59,Mobile App,Consumer,UPI,Returned
ORD103734,03-Apr-25,CUST1134,Central,Indore,Clothing,Jeans,3,1565.09,0,4695.27,2633.86,2061.41,Website,Consumer,UPI,Delivered
ORD103735,09-Apr-24,CUST1135,South,Coimbatore,Beauty,Shampoo,1,452.92,0,67.94,45.83,22.11,Website,Consumer,UPI,Returned
ORD103736,12-Sep-25,CUST1136,North,Delhi,Home & Kitchen,Bedsheet,1,1026.82,10,924.14,640.03,284.1,Mobile App,Student,Debit Card,Delivered
ORD103737,21-Jun-24,CUST1137,West,Ahmedabad,Home & Kitchen,Coffee Maker,1,2419.53,20,0,0,0,Mobile App,Corporate,UPI,Cancelled
ORD103738,10-Jun-24,CUST1138,West,Surat,Clothing,Dress,3,1480,10,3995.99,2261.88,1734.11,Marketplace,Consumer,Debit Card,Delivered
ORD103739,28-Dec-25,CUST1139,East,Patna,Home & Kitchen,Mixer Grinder,2,3407.08,15,5792.03,3523.53,2268.5,Mobile App,Consumer,Cash on Delivery,Delivered
ORD103740,19-Sep-24,CUST1140,North,Delhi,Sports,Running Shoes,2,2665.4,10,719.66,408.07,311.59,Website,Corporate,Credit Card,Returned
ORD103741,30-Sep-24,CUST1141,North,Delhi,Electronics,Wireless Headphones,2,1764.66,0,3529.33,1994.63,1534.7,Mobile App,Consumer,Net Banking,Delivered
ORD103742,03-Jan-24,CUST1142,West,Mumbai,Clothing,T-Shirt,1,615.98,10,554.38,371.39,182.99,Website,Consumer,Credit Card,Delivered
ORD103743,28-Jan-24,CUST1143,South,Chennai,Clothing,Jeans,1,1330.22,10,179.58,138.05,41.52,Mobile App,Consumer,UPI,Returned
ORD103744,21-Nov-24,CUST1144,East,Guwahati,Beauty,Shampoo,1,453.27,0,453.27,330.56,122.71,Marketplace,Corporate,Credit Card,Delivered
ORD103745,28-May-24,CUST1145,East,Patna,Beauty,Lipstick,1,499.98,0,499.98,366.71,133.27,Mobile App,Corporate,UPI,Delivered
ORD103746,23-Jun-25,CUST1146,South,Bengaluru,Clothing,T-Shirt,3,738.9,10,1995.04,1238.64,756.4,Website,Consumer,UPI,Delivered
ORD103747,02-May-25,CUST1147,Central,Indore,Electronics,Wireless Headphones,2,1767.62,10,477.26,263.92,213.33,Mobile App,Consumer,UPI,Returned
ORD103748,13-Mar-25,CUST1148,Central,Raipur,Electronics,Bluetooth Speaker,2,1626.27,15,2764.66,1856.95,907.71,Mobile App,Consumer,Debit Card,Delivered
ORD103749,05-Mar-24,CUST1149,West,Surat,Clothing,Jeans,1,1615.22,5,1534.46,1000.2,534.26,Mobile App,Consumer,Net Banking,Delivered
ORD103750,21-Dec-24,CUST1150,North,Jaipur,Clothing,Dress,1,1673.19,15,1422.21,1145.95,276.26,Marketplace,Consumer,Credit Card,Delivered
ORD103751,16-Jun-25,CUST1151,North,Jaipur,Sports,Yoga Mat,1,867.54,15,110.61,62.99,47.62,Website,Consumer,UPI,Returned
ORD103752,08-Sep-24,CUST1152,East,Patna,Clothing,T-Shirt,2,594.44,10,160.5,121.92,38.58,Website,Corporate,Debit Card,Returned
ORD103753,22-Aug-24,CUST1153,North,Lucknow,Clothing,Jeans,1,1571.53,10,1414.38,925.09,489.29,Marketplace,Consumer,Cash on Delivery,Delivered
ORD103754,14-Aug-24,CUST1154,Central,Nagpur,Sports,Dumbbells,1,1738.63,15,1477.84,1143.84,334,Mobile App,Consumer,UPI,Delivered
ORD103755,08-Jun-25,CUST1155,North,Chandigarh,Home & Kitchen,Cookware Set,2,2350.38,15,3995.64,2731.52,1264.12,Marketplace,Consumer,UPI,Delivered
ORD103756,08-Nov-24,CUST1156,East,Guwahati,Home & Kitchen,Bedsheet,5,1042.81,15,4431.95,3419.41,1012.54,Website,Consumer,UPI,Delivered
ORD103757,18-Feb-24,CUST1157,South,Coimbatore,Electronics,Wireless Headphones,1,1732.64,10,1559.38,1054.21,505.16,Website,Consumer,Cash on Delivery,Delivered
ORD103758,27-Apr-24,CUST1158,West,Mumbai,Clothing,T-Shirt,1,728.05,0,728.05,479.42,248.63,Website,Consumer,Credit Card,Delivered
ORD103759,23-Feb-24,CUST1159,North,Delhi,Sports,Gym Bag,1,1041.26,5,989.2,801.45,187.75,Marketplace,Consumer,Debit Card,Delivered
ORD103760,11-Oct-25,CUST1160,South,Chennai,Home & Kitchen,Bedsheet,2,1007.53,5,1914.31,1243.52,670.79,Marketplace,Consumer,UPI,Delivered
ORD103761,18-Jul-25,CUST1161,South,Chennai,Clothing,Sneakers,1,2527.34,0,2527.34,1939.56,587.78,Website,Consumer,UPI,Delivered
ORD103762,13-Feb-24,CUST1162,Central,Bhopal,Home & Kitchen,Water Bottle,2,558.02,15,948.63,538.92,409.71,Website,Consumer,UPI,Delivered
ORD103763,22-Feb-24,CUST1163,North,Lucknow,Sports,Cricket Bat,2,1741.85,10,3135.34,1777.47,1357.87,Website,Consumer,UPI,Delivered
ORD103764,08-Aug-25,CUST1164,Central,Indore,Clothing,Dress,1,1769.01,10,1592.11,1063.99,528.12,Mobile App,Consumer,UPI,Delivered
ORD103765,11-Jul-25,CUST1165,Central,Bhopal,Home & Kitchen,Bedsheet,1,993.61,10,134.14,94.98,39.15,Website,Consumer,Credit Card,Returned
ORD103766,08-Jun-25,CUST1166,South,Chennai,Sports,Yoga Mat,1,904.87,10,814.39,581.72,232.67,Website,Consumer,Credit Card,Delivered
ORD103767,07-Nov-25,CUST1167,West,Mumbai,Electronics,Power Bank,1,1015.04,0,0,0,0,Mobile App,Corporate,UPI,Cancelled
ORD103768,11-Apr-24,CUST1168,North,Lucknow,Beauty,Shampoo,1,544.2,0,544.2,401.69,142.52,Mobile App,Consumer,Credit Card,Delivered
ORD103769,01-Feb-25,CUST1169,Central,Bhopal,Home & Kitchen,Cookware Set,2,2164.81,15,3680.17,2153.19,1526.98,Website,Consumer,Debit Card,Delivered
ORD103770,17-May-24,CUST1170,East,Bhubaneswar,Home & Kitchen,Bedsheet,2,1090.1,5,0,0,0,Mobile App,Corporate,UPI,Cancelled
ORD103771,05-Nov-25,CUST1171,South,Bengaluru,Clothing,Dress,1,1462.63,0,1462.63,936.17,526.46,Website,Consumer,UPI,Delivered
ORD103772,21-Jan-25,CUST1172,South,Bengaluru,Clothing,Hoodie,2,1567.01,5,2977.32,1847.7,1129.63,Website,Consumer,UPI,Delivered
ORD103773,20-Apr-24,CUST1173,North,Chandigarh,Beauty,Lipstick,1,512.7,5,487.07,306.19,180.88,Website,Consumer,Net Banking,Delivered
ORD103774,05-Sep-25,CUST1174,Central,Raipur,Electronics,Wireless Headphones,2,2226.45,0,0,0,0,Mobile App,Consumer,UPI,Cancelled
ORD103775,17-Jan-24,CUST1175,North,Lucknow,Clothing,Dress,3,1383.86,10,3736.43,2542.14,1194.29,Mobile App,Consumer,UPI,Delivered
ORD103776,30-Jun-24,CUST1176,West,Mumbai,Electronics,Smart Watch,3,2411.67,0,1085.25,724.26,360.99,Website,Corporate,UPI,Returned
ORD103777,19-Jun-25,CUST1177,East,Kolkata,Electronics,Wireless Headphones,1,1985.09,0,1985.09,1395.11,589.98,Website,Corporate,UPI,Delivered
ORD103778,24-Jun-25,CUST1178,Central,Bhopal,Sports,Dumbbells,2,1468,15,2495.6,1999.73,495.86,Marketplace,Student,Credit Card,Delivered
ORD103779,19-Jun-24,CUST1179,South,Chennai,Clothing,Hoodie,3,2006.56,5,5718.7,3621.38,2097.32,Website,Consumer,Cash on Delivery,Delivered
ORD103780,12-Feb-25,CUST1180,East,Guwahati,Sports,Running Shoes,1,3068.16,10,0,0,0,Mobile App,Consumer,Debit Card,Cancelled
ORD103781,12-Jan-25,CUST1181,East,Bhubaneswar,Electronics,Bluetooth Speaker,2,1615.88,5,3070.18,2182.23,887.95,Website,Consumer,UPI,Delivered
ORD103782,06-Jul-24,CUST1182,West,Ahmedabad,Home & Kitchen,Mixer Grinder,3,3174.5,20,7618.79,5201.75,2417.04,Marketplace,Consumer,Credit Card,Delivered
ORD103783,17-Aug-24,CUST1183,North,Delhi,Electronics,Wireless Headphones,1,1890.19,15,1606.66,910.55,696.12,Marketplace,Consumer,Debit Card,Delivered
ORD103784,28-Apr-24,CUST1184,South,Hyderabad,Beauty,Lipstick,1,498.68,5,473.74,327.32,146.42,Marketplace,Corporate,UPI,Delivered
ORD103785,04-Jun-24,CUST1185,South,Coimbatore,Beauty,Moisturizer,2,676.3,5,1284.97,901.86,383.11,Mobile App,Corporate,Credit Card,Delivered
ORD103786,17-Nov-25,CUST1186,West,Ahmedabad,Electronics,Bluetooth Speaker,1,1563.51,0,1563.51,1152.97,410.55,Mobile App,Corporate,UPI,Delivered
ORD103787,09-Apr-25,CUST1187,North,Lucknow,Sports,Running Shoes,1,2764.39,15,352.46,288.59,63.87,Website,Consumer,UPI,Returned
ORD103788,13-Apr-24,CUST1188,East,Patna,Electronics,Wireless Headphones,1,1941.81,10,1747.63,1160.12,587.51,Website,Consumer,UPI,Delivered
ORD103789,26-Aug-25,CUST1189,South,Chennai,Home & Kitchen,Mixer Grinder,1,3601.47,5,3421.4,2353.08,1068.31,Website,Consumer,UPI,Delivered
ORD103790,28-Nov-25,CUST1190,Central,Nagpur,Sports,Yoga Mat,1,947.68,20,113.72,64.85,48.87,Mobile App,Corporate,Cash on Delivery,Returned
ORD103791,16-May-25,CUST1191,Central,Bhopal,Sports,Cricket Bat,1,1789.86,5,1700.37,1316.99,383.38,Marketplace,Consumer,UPI,Delivered
ORD103792,23-Nov-25,CUST1192,East,Bhubaneswar,Sports,Cricket Bat,1,2177.82,10,1960.04,1129.96,830.07,Website,Consumer,Credit Card,Delivered
ORD103793,12-Nov-25,CUST1193,South,Hyderabad,Clothing,Hoodie,2,1815.25,20,0,0,0,Website,Consumer,UPI,Cancelled
ORD103794,29-Nov-25,CUST1194,South,Hyderabad,Electronics,Smart Watch,1,2582.49,15,2195.11,1413.86,781.25,Mobile App,Student,UPI,Delivered
ORD103795,23-Jun-24,CUST1195,North,Chandigarh,Electronics,Power Bank,1,928.52,10,125.35,80.37,44.98,Website,Student,UPI,Returned
ORD103796,04-Nov-25,CUST1196,South,Bengaluru,Home & Kitchen,Water Bottle,1,580.56,20,464.45,296.65,167.79,Website,Student,UPI,Delivered
ORD103797,24-Feb-25,CUST1197,West,Surat,Beauty,Moisturizer,1,746.42,25,0,0,0,Website,Student,Debit Card,Cancelled
ORD103798,13-May-24,CUST1198,East,Bhubaneswar,Electronics,Wireless Headphones,1,1877.63,20,1502.1,1223.65,278.45,Marketplace,Consumer,Cash on Delivery,Delivered
ORD103799,25-Jan-25,CUST1199,Central,Bhopal,Home & Kitchen,Coffee Maker,1,1967.15,5,1868.79,1518.91,349.89,Marketplace,Student,Credit Card,Delivered
ORD103800,15-May-25,CUST1200,South,Hyderabad,Clothing,Hoodie,2,1712.9,5,3254.52,2409.3,845.22,Website,Consumer,Cash on Delivery,Delivered
ORD103801,26-Oct-25,CUST1201,West,Mumbai,Clothing,Sneakers,1,2170.85,5,2062.31,1196.11,866.2,Marketplace,Consumer,Credit Card,Delivered
ORD103802,02-Feb-24,CUST1202,East,Kolkata,Home & Kitchen,Mixer Grinder,1,3443.57,15,2927.03,1915.21,1011.82,Marketplace,Consumer,Credit Card,Delivered
ORD103803,24-Feb-24,CUST1203,East,Guwahati,Clothing,Dress,2,1422.94,0,2845.87,1787.53,1058.34,Website,Consumer,Credit Card,Delivered
ORD103804,02-Jun-25,CUST1204,South,Hyderabad,Beauty,Lipstick,2,462.57,5,131.83,97.72,34.11,Website,Corporate,Cash on Delivery,Returned
ORD103805,29-Sep-25,CUST1205,East,Guwahati,Electronics,Bluetooth Speaker,2,1630.75,0,3261.5,2227.66,1033.84,Marketplace,Consumer,Net Banking,Delivered
ORD103806,12-Jan-24,CUST1206,East,Patna,Beauty,Shampoo,3,496.97,10,1341.82,961.36,380.47,Website,Corporate,Debit Card,Delivered
ORD103807,11-Jun-25,CUST1207,West,Surat,Electronics,Power Bank,1,935.82,15,795.45,439.37,356.08,Mobile App,Student,Cash on Delivery,Delivered
ORD103808,20-Dec-25,CUST1208,Central,Nagpur,Electronics,Bluetooth Speaker,5,1495.81,5,7105.08,5409.62,1695.46,Mobile App,Consumer,Credit Card,Delivered
ORD103809,08-Jul-25,CUST1209,South,Coimbatore,Home & Kitchen,Mixer Grinder,4,2998.58,15,1529.27,1234.21,295.07,Website,Consumer,Cash on Delivery,Returned
ORD103810,07-Jan-25,CUST1210,North,Delhi,Sports,Yoga Mat,1,770.26,5,0,0,0,Mobile App,Consumer,Credit Card,Cancelled
ORD103811,28-Apr-25,CUST1211,East,Bhubaneswar,Clothing,T-Shirt,3,708.09,5,0,0,0,Mobile App,Consumer,Debit Card,Cancelled
ORD103812,08-Oct-25,CUST1212,East,Guwahati,Clothing,Sneakers,2,2605.99,25,3908.99,2654.7,1254.29,Mobile App,Consumer,Debit Card,Delivered
ORD103813,15-Aug-24,CUST1213,North,Delhi,Home & Kitchen,Cookware Set,4,2717.77,10,9783.95,5434.56,4349.4,Mobile App,Corporate,Debit Card,Delivered
ORD103814,14-Sep-25,CUST1214,West,Surat,Electronics,Bluetooth Speaker,2,1586.55,5,0,0,0,Website,Consumer,UPI,Cancelled
ORD103815,02-Nov-24,CUST1215,Central,Raipur,Beauty,Moisturizer,2,769.04,25,1153.56,652.78,500.78,Marketplace,Consumer,UPI,Delivered
ORD103816,01-Apr-25,CUST1216,Central,Bhopal,Beauty,Face Serum,1,891.85,5,127.09,76.51,50.58,Website,Consumer,Debit Card,Returned
ORD103817,08-Jun-24,CUST1217,South,Coimbatore,Electronics,Smart Watch,1,2626.78,10,2364.1,1333.73,1030.37,Mobile App,Corporate,Credit Card,Delivered
ORD103818,26-Nov-24,CUST1218,Central,Raipur,Clothing,T-Shirt,1,757.95,15,96.64,69.46,27.18,Mobile App,Consumer,Debit Card,Returned
ORD103819,12-Aug-24,CUST1219,West,Mumbai,Beauty,Sunscreen,1,618.11,10,556.3,393.57,162.73,Mobile App,Corporate,UPI,Delivered
ORD103820,29-Dec-25,CUST1220,East,Bhubaneswar,Clothing,Hoodie,5,1612.18,10,0,0,0,Website,Consumer,Net Banking,Cancelled
ORD103821,18-May-25,CUST1221,East,Patna,Home & Kitchen,Water Bottle,1,538.54,5,511.61,413.53,98.08,Website,Consumer,Debit Card,Delivered
ORD103822,31-Mar-25,CUST1222,Central,Indore,Electronics,Power Bank,2,878.89,10,1582,1260.29,321.71,Mobile App,Consumer,UPI,Delivered
ORD103823,14-Feb-24,CUST1223,East,Bhubaneswar,Home & Kitchen,Cookware Set,1,2760.4,5,393.36,246.06,147.29,Mobile App,Corporate,Credit Card,Returned
ORD103824,01-Aug-24,CUST1224,South,Chennai,Electronics,Wireless Headphones,1,2062.25,10,1856.03,1350.99,505.04,Mobile App,Consumer,UPI,Delivered
ORD103825,28-Feb-24,CUST1225,East,Bhubaneswar,Beauty,Face Serum,2,849.56,15,216.64,169.17,47.46,Website,Student,UPI,Returned
ORD103826,05-Oct-25,CUST1226,East,Patna,Clothing,Jeans,1,1408.18,10,1267.36,820.17,447.19,Website,Corporate,Cash on Delivery,Delivered
ORD103827,07-Sep-25,CUST1227,North,Lucknow,Clothing,Sneakers,4,2434.81,15,8278.36,5119.89,3158.46,Mobile App,Consumer,Cash on Delivery,Delivered
ORD103828,13-Jul-24,CUST1228,Central,Raipur,Beauty,Shampoo,1,429.51,0,429.51,265.94,163.57,Website,Consumer,UPI,Delivered
ORD103829,03-May-25,CUST1229,West,Ahmedabad,Electronics,Wireless Headphones,1,2178.97,0,2178.97,1681.13,497.84,Mobile App,Corporate,UPI,Delivered
ORD103830,05-Jun-24,CUST1230,West,Surat,Clothing,Sneakers,1,2699.7,5,2564.71,1731.25,833.46,Mobile App,Student,Debit Card,Delivered
ORD103831,01-Sep-25,CUST1231,North,Lucknow,Clothing,Dress,1,1697.98,25,191.02,141.96,49.07,Mobile App,Consumer,Cash on Delivery,Returned
ORD103832,13-Aug-24,CUST1232,West,Pune,Clothing,Jeans,1,1297.75,15,1103.08,800.38,302.71,Mobile App,Consumer,Debit Card,Delivered
ORD103833,15-Feb-25,CUST1233,North,Chandigarh,Sports,Yoga Mat,2,806.45,20,1290.31,816.36,473.96,Website,Consumer,Credit Card,Delivered
ORD103834,23-Jul-24,CUST1234,North,Lucknow,Beauty,Face Serum,2,751.24,5,1427.36,865.24,562.12,Website,Corporate,Net Banking,Delivered
ORD103835,19-Mar-24,CUST1235,East,Bhubaneswar,Electronics,Bluetooth Speaker,1,1380.62,10,1242.56,725.61,516.95,Website,Consumer,Debit Card,Delivered
ORD103836,03-May-24,CUST1236,South,Coimbatore,Beauty,Face Serum,1,860.03,10,774.03,430.71,343.32,Mobile App,Corporate,Credit Card,Delivered
ORD103837,15-Apr-25,CUST1237,East,Guwahati,Home & Kitchen,Cookware Set,3,2255.61,10,6090.15,3483.2,2606.95,Marketplace,Consumer,Credit Card,Delivered
ORD103838,05-Aug-24,CUST1238,North,Delhi,Sports,Cricket Bat,1,1986.35,15,1688.4,1045.43,642.97,Website,Consumer,UPI,Delivered
ORD103839,30-May-25,CUST1239,South,Coimbatore,Clothing,Sneakers,1,2509.68,5,2384.19,1770.67,613.52,Mobile App,Consumer,Net Banking,Delivered
ORD103840,24-Aug-25,CUST1240,North,Jaipur,Home & Kitchen,Water Bottle,2,577.89,15,0,0,0,Mobile App,Student,UPI,Cancelled
ORD103841,13-Apr-24,CUST1241,Central,Bhopal,Home & Kitchen,Water Bottle,2,548.08,15,931.73,644.12,287.61,Mobile App,Student,Debit Card,Delivered
ORD103842,27-Jan-25,CUST1242,East,Guwahati,Home & Kitchen,Mixer Grinder,3,3659.51,5,10429.61,6426.58,4003.03,Website,Corporate,Debit Card,Delivered
ORD103843,22-Sep-25,CUST1243,West,Ahmedabad,Clothing,Dress,3,1537.63,20,3690.3,2539.63,1150.68,Mobile App,Student,UPI,Delivered
ORD103844,06-Oct-25,CUST1244,South,Bengaluru,Electronics,Keyboard,1,1359.24,10,1223.32,920.55,302.77,Website,Corporate,UPI,Delivered
ORD103845,30-Aug-25,CUST1245,North,Jaipur,Beauty,Shampoo,1,448.95,15,381.6,237.29,144.32,Mobile App,Corporate,Debit Card,Delivered
ORD103846,09-Mar-25,CUST1246,Central,Bhopal,Clothing,Dress,1,1714.38,15,0,0,0,Mobile App,Consumer,Cash on Delivery,Cancelled
ORD103847,26-Nov-24,CUST1247,South,Coimbatore,Sports,Running Shoes,3,2723.96,10,0,0,0,Website,Consumer,Debit Card,Cancelled
ORD103848,22-May-24,CUST1248,South,Hyderabad,Clothing,Jeans,1,1547.47,5,1470.09,1025.41,444.69,Website,Student,Credit Card,Delivered
ORD103849,23-Jun-25,CUST1249,West,Pune,Beauty,Sunscreen,2,591.07,15,1004.81,578.3,426.51,Mobile App,Corporate,UPI,Delivered
ORD103850,04-Oct-24,CUST1250,North,Lucknow,Sports,Yoga Mat,2,799.72,0,0,0,0,Mobile App,Consumer,Net Banking,Cancelled
ORD103851,20-Aug-24,CUST1251,West,Mumbai,Home & Kitchen,Cookware Set,2,2140.98,25,0,0,0,Website,Consumer,Credit Card,Cancelled
ORD103852,12-Jun-25,CUST1252,East,Guwahati,Sports,Dumbbells,1,1760.98,5,1672.93,1094.04,578.89,Mobile App,Corporate,UPI,Delivered
ORD103853,24-Jul-25,CUST1253,South,Coimbatore,Beauty,Face Serum,1,706.27,5,670.95,413.44,257.51,Mobile App,Consumer,UPI,Delivered
ORD103854,30-Mar-24,CUST1254,North,Lucknow,Clothing,Sneakers,1,2599.8,25,1949.85,1358.47,591.38,Website,Consumer,Net Banking,Delivered
ORD103855,06-May-25,CUST1255,North,Jaipur,Home & Kitchen,Bedsheet,1,1025.2,5,973.94,721.78,252.16,Website,Consumer,Debit Card,Delivered
ORD103856,17-Jul-24,CUST1256,Central,Nagpur,Electronics,Bluetooth Speaker,1,1412.45,0,211.87,162.47,49.39,Mobile App,Consumer,UPI,Returned
ORD103857,27-Dec-24,CUST1257,West,Mumbai,Home & Kitchen,Bedsheet,2,899.15,15,0,0,0,Website,Student,UPI,Cancelled
ORD103858,16-Mar-25,CUST1258,South,Hyderabad,Electronics,Smart Watch,3,2244.47,5,6396.75,4138.62,2258.13,Marketplace,Corporate,Net Banking,Delivered
ORD103859,26-Jan-24,CUST1259,North,Jaipur,Beauty,Sunscreen,2,603.82,0,181.14,145.24,35.9,Mobile App,Consumer,UPI,Returned
ORD103860,25-Jan-24,CUST1260,West,Surat,Home & Kitchen,Coffee Maker,2,2193.87,5,0,0,0,Website,Corporate,Credit Card,Cancelled
ORD103861,28-Jan-25,CUST1261,East,Kolkata,Clothing,Hoodie,1,1954.62,20,0,0,0,Mobile App,Consumer,Credit Card,Cancelled
ORD103862,21-May-25,CUST1262,South,Bengaluru,Clothing,Hoodie,1,1840.02,5,1748.02,1380.18,367.84,Marketplace,Consumer,UPI,Delivered
ORD103863,27-Oct-24,CUST1263,South,Chennai,Sports,Running Shoes,1,3212.54,15,2730.66,1929.21,801.45,Website,Corporate,UPI,Delivered
ORD103864,04-Dec-24,CUST1264,South,Chennai,Electronics,Bluetooth Speaker,1,1287.27,5,1222.91,822.6,400.31,Mobile App,Corporate,Net Banking,Delivered
ORD103865,23-Sep-24,CUST1265,West,Surat,Electronics,Smart Watch,2,2576.89,5,4896.09,2708.05,2188.04,Website,Consumer,Debit Card,Delivered
ORD103866,05-Apr-25,CUST1266,Central,Bhopal,Electronics,Smart Watch,4,2281.84,0,9127.36,6788.27,2339.09,Website,Corporate,UPI,Delivered
ORD103867,23-Nov-25,CUST1267,North,Jaipur,Sports,Running Shoes,1,2753.88,25,0,0,0,Website,Student,Debit Card,Cancelled
ORD103868,31-Mar-25,CUST1268,East,Patna,Sports,Cricket Bat,1,2088.07,10,1879.26,1180.43,698.83,Website,Consumer,Cash on Delivery,Delivered
ORD103869,25-Dec-24,CUST1269,South,Chennai,Home & Kitchen,Bedsheet,1,1063.16,0,1063.16,860.8,202.37,Mobile App,Consumer,UPI,Delivered
ORD103870,08-Mar-24,CUST1270,East,Bhubaneswar,Sports,Yoga Mat,1,854.38,5,0,0,0,Marketplace,Student,Credit Card,Cancelled
ORD103871,15-Feb-25,CUST1271,South,Bengaluru,Electronics,Smart Watch,2,2657.24,10,0,0,0,Website,Student,UPI,Cancelled
ORD103872,05-May-25,CUST1272,Central,Raipur,Sports,Yoga Mat,2,871.86,10,235.4,188.73,46.67,Website,Consumer,Credit Card,Returned
ORD103873,18-Feb-24,CUST1273,East,Patna,Electronics,Power Bank,3,1080.48,5,3079.38,1974.42,1104.96,Mobile App,Consumer,Credit Card,Delivered
ORD103874,17-Nov-25,CUST1274,East,Guwahati,Electronics,Bluetooth Speaker,2,1284.23,5,366.01,233.78,132.22,Website,Student,Credit Card,Returned
ORD103875,17-Jul-25,CUST1275,South,Bengaluru,Electronics,Smart Watch,1,2180.49,15,0,0,0,Website,Consumer,Credit Card,Cancelled
ORD103876,11-Apr-24,CUST1276,North,Delhi,Home & Kitchen,Coffee Maker,4,2330.09,10,0,0,0,Marketplace,Consumer,UPI,Cancelled
ORD103877,03-Aug-24,CUST1277,North,Chandigarh,Beauty,Sunscreen,2,610.08,0,183.03,148.73,34.29,Mobile App,Consumer,UPI,Returned
ORD103878,13-Mar-25,CUST1278,West,Surat,Clothing,T-Shirt,1,699.65,0,699.65,436.76,262.89,Mobile App,Consumer,Credit Card,Delivered
ORD103879,30-Nov-25,CUST1279,South,Hyderabad,Sports,Cricket Bat,1,2030.53,10,1827.48,1392.79,434.69,Website,Consumer,Net Banking,Delivered
ORD103880,22-Jul-25,CUST1280,West,Mumbai,Clothing,Hoodie,3,1980.97,0,891.44,559.52,331.92,Mobile App,Consumer,Debit Card,Returned
ORD103881,12-Jul-25,CUST1281,South,Chennai,Electronics,Power Bank,1,1025.97,0,1025.97,640.56,385.4,Mobile App,Consumer,UPI,Delivered
ORD103882,07-Jun-24,CUST1282,South,Bengaluru,Clothing,Jeans,2,1536.2,15,2611.55,1476.9,1134.64,Marketplace,Consumer,UPI,Delivered
ORD103883,03-May-25,CUST1283,East,Patna,Home & Kitchen,Cookware Set,1,2636.59,10,2372.93,1381.56,991.37,Website,Consumer,UPI,Delivered
ORD103884,16-Nov-25,CUST1284,South,Chennai,Beauty,Face Serum,3,866.11,10,2338.49,1615.73,722.75,Marketplace,Consumer,Debit Card,Delivered
ORD103885,29-Aug-24,CUST1285,North,Delhi,Clothing,Dress,2,1472.23,10,0,0,0,Website,Consumer,Net Banking,Cancelled
ORD103886,05-Jan-24,CUST1286,South,Hyderabad,Home & Kitchen,Water Bottle,2,608.9,15,1035.12,797.33,237.79,Marketplace,Student,UPI,Delivered
ORD103887,18-Aug-25,CUST1287,West,Ahmedabad,Clothing,Hoodie,3,1812.8,0,5438.41,3079.55,2358.87,Website,Corporate,UPI,Delivered
ORD103888,26-Dec-24,CUST1288,West,Ahmedabad,Home & Kitchen,Bedsheet,4,885.52,0,3542.09,2288.76,1253.33,Mobile App,Student,Net Banking,Delivered
ORD103889,03-Apr-25,CUST1289,South,Hyderabad,Sports,Cricket Bat,3,1979.98,0,5939.94,3587.98,2351.96,Website,Consumer,Debit Card,Delivered
ORD103890,04-Sep-24,CUST1290,East,Guwahati,Electronics,Bluetooth Speaker,1,1302.3,20,1041.84,673.68,368.16,Website,Student,Cash on Delivery,Delivered
ORD103891,19-Jul-25,CUST1291,South,Hyderabad,Sports,Yoga Mat,1,809.05,10,728.14,470.13,258.01,Website,Corporate,UPI,Delivered
ORD103892,03-Nov-25,CUST1292,South,Coimbatore,Home & Kitchen,Coffee Maker,1,2411.2,0,361.68,233.52,128.16,Website,Student,Credit Card,Returned
ORD103893,25-Feb-25,CUST1293,North,Jaipur,Clothing,Jeans,1,1322.41,5,1256.29,795.99,460.3,Mobile App,Consumer,UPI,Delivered
ORD103894,15-Jan-24,CUST1294,Central,Bhopal,Sports,Cricket Bat,4,2011.61,15,6839.47,5172.51,1666.96,Mobile App,Corporate,UPI,Delivered
ORD103895,26-Jul-25,CUST1295,South,Bengaluru,Home & Kitchen,Coffee Maker,3,2061.21,0,0,0,0,Website,Consumer,UPI,Cancelled
ORD103896,01-May-24,CUST1296,South,Hyderabad,Clothing,Sneakers,1,2498.84,15,2124.01,1364.03,759.98,Marketplace,Student,Net Banking,Delivered
ORD103897,03-Oct-24,CUST1297,South,Hyderabad,Electronics,Bluetooth Speaker,1,1369.25,20,1095.4,645.8,449.61,Website,Consumer,UPI,Delivered
ORD103898,11-Jul-25,CUST1298,North,Lucknow,Electronics,Bluetooth Speaker,1,1454,0,1454,1003.17,450.83,Marketplace,Student,Credit Card,Delivered
ORD103899,28-Mar-25,CUST1299,West,Pune,Beauty,Face Serum,1,866.26,5,0,0,0,Marketplace,Consumer,Net Banking,Cancelled
ORD103900,24-Jan-25,CUST1300,North,Lucknow,Home & Kitchen,Coffee Maker,1,2092.52,0,2092.52,1220.7,871.83,Mobile App,Consumer,UPI,Delivered
ORD103901,20-Oct-24,CUST1301,North,Delhi,Sports,Yoga Mat,2,849.84,0,1699.68,1280.4,419.28,Website,Consumer,Cash on Delivery,Delivered
ORD103902,27-Jul-25,CUST1302,West,Pune,Electronics,Keyboard,2,1260.62,10,2269.11,1615.23,653.88,Website,Consumer,Credit Card,Delivered
ORD103903,20-Aug-25,CUST1303,South,Bengaluru,Electronics,Wireless Headphones,3,1753.39,0,5260.17,3729.03,1531.13,Mobile App,Consumer,UPI,Delivered
ORD103904,21-Mar-25,CUST1304,West,Ahmedabad,Electronics,Power Bank,1,953.63,10,858.27,688.64,169.63,Website,Consumer,UPI,Delivered
ORD103905,28-Jul-24,CUST1305,East,Kolkata,Home & Kitchen,Cookware Set,1,2128.81,10,1915.93,1548.27,367.66,Mobile App,Consumer,UPI,Delivered
ORD103906,12-Aug-25,CUST1306,South,Bengaluru,Sports,Yoga Mat,3,886.34,20,2127.22,1310.02,817.2,Marketplace,Student,UPI,Delivered
ORD103907,14-Dec-25,CUST1307,West,Pune,Beauty,Shampoo,1,538.39,10,0,0,0,Marketplace,Consumer,Credit Card,Cancelled
ORD103908,28-Oct-24,CUST1308,North,Chandigarh,Clothing,Dress,1,1597.5,0,0,0,0,Mobile App,Consumer,Debit Card,Cancelled
ORD103909,10-Aug-24,CUST1309,East,Guwahati,Sports,Yoga Mat,1,911.66,5,866.08,571.95,294.13,Marketplace,Consumer,UPI,Delivered
ORD103910,03-Jan-24,CUST1310,South,Hyderabad,Beauty,Shampoo,3,428.27,15,1092.08,796.91,295.17,Website,Student,Credit Card,Delivered
ORD103911,01-Jun-25,CUST1311,South,Coimbatore,Electronics,Wireless Headphones,2,2163.06,0,4326.11,3495.98,830.13,Marketplace,Consumer,Debit Card,Delivered
ORD103912,02-Apr-24,CUST1312,West,Ahmedabad,Beauty,Sunscreen,3,571.42,5,244.28,168.45,75.84,Website,Consumer,Debit Card,Returned
ORD103913,03-Jun-25,CUST1313,Central,Nagpur,Clothing,Sneakers,1,2781.91,25,2086.43,1677.12,409.31,Website,Consumer,Credit Card,Delivered
ORD103914,03-Mar-25,CUST1314,Central,Nagpur,Electronics,Smart Watch,3,2205.43,0,0,0,0,Website,Consumer,Credit Card,Cancelled
ORD103915,07-May-25,CUST1315,West,Ahmedabad,Electronics,Smart Watch,2,2761.55,0,5523.1,3757.84,1765.26,Website,Corporate,Debit Card,Delivered
ORD103916,22-Aug-24,CUST1316,South,Hyderabad,Clothing,Dress,1,1632.99,15,1388.04,1004.84,383.2,Website,Student,UPI,Delivered
ORD103917,11-Sep-25,CUST1317,South,Coimbatore,Clothing,Hoodie,5,1554.57,0,7772.87,5539.61,2233.25,Marketplace,Consumer,Credit Card,Delivered
ORD103918,09-Jun-24,CUST1318,South,Chennai,Clothing,Sneakers,2,2779.78,0,0,0,0,Website,Consumer,Net Banking,Cancelled
ORD103919,21-Dec-25,CUST1319,East,Bhubaneswar,Electronics,Smart Watch,4,2133.51,0,8534.04,5989.74,2544.3,Mobile App,Corporate,Debit Card,Delivered
ORD103920,26-Nov-24,CUST1320,South,Bengaluru,Beauty,Moisturizer,3,732.06,15,1866.74,1381.16,485.58,Website,Student,Credit Card,Delivered
ORD103921,28-Nov-24,CUST1321,Central,Nagpur,Sports,Dumbbells,1,1743.19,25,1307.39,1015.18,292.21,Website,Consumer,Credit Card,Delivered
ORD103922,19-Feb-24,CUST1322,South,Coimbatore,Beauty,Face Serum,2,717.08,10,1290.74,815.97,474.77,Website,Consumer,UPI,Delivered
ORD103923,06-Jun-25,CUST1323,South,Coimbatore,Clothing,Jeans,1,1413.12,0,1413.12,782.8,630.31,Marketplace,Consumer,Credit Card,Delivered
ORD103924,29-Oct-25,CUST1324,South,Hyderabad,Electronics,Bluetooth Speaker,2,1501.3,5,2852.46,1993.38,859.08,Mobile App,Corporate,Cash on Delivery,Delivered
ORD103925,06-May-25,CUST1325,Central,Nagpur,Electronics,Power Bank,2,1032.51,10,1858.53,1267.71,590.81,Mobile App,Consumer,Credit Card,Delivered
ORD103926,04-Aug-25,CUST1326,West,Pune,Electronics,Bluetooth Speaker,3,1627.02,15,4148.91,2342.62,1806.3,Mobile App,Corporate,UPI,Delivered
ORD103927,11-Nov-25,CUST1327,West,Ahmedabad,Home & Kitchen,Mixer Grinder,1,3482.06,15,2959.75,2133.32,826.43,Mobile App,Consumer,Credit Card,Delivered
ORD103928,28-Sep-24,CUST1328,South,Coimbatore,Home & Kitchen,Bedsheet,2,947.15,10,1704.87,1371.02,333.85,Mobile App,Consumer,UPI,Delivered
ORD103929,02-Aug-25,CUST1329,West,Ahmedabad,Beauty,Moisturizer,1,749.23,25,561.92,370.09,191.84,Mobile App,Student,UPI,Delivered
ORD103930,08-Sep-24,CUST1330,North,Jaipur,Beauty,Sunscreen,1,665.39,5,94.82,75.05,19.77,Mobile App,Consumer,UPI,Returned
ORD103931,13-Jul-25,CUST1331,Central,Nagpur,Clothing,Jeans,3,1366.02,0,4098.05,3153.61,944.45,Mobile App,Consumer,UPI,Delivered
ORD103932,26-Nov-25,CUST1332,East,Kolkata,Clothing,Dress,1,1391.14,20,0,0,0,Website,Consumer,Cash on Delivery,Cancelled
ORD103933,29-Nov-25,CUST1333,South,Hyderabad,Beauty,Moisturizer,1,674.67,5,96.14,73.31,22.83,Website,Corporate,Debit Card,Returned
ORD103934,30-Mar-24,CUST1334,East,Kolkata,Clothing,Dress,1,1739.68,5,1652.69,1139.55,513.14,Marketplace,Consumer,Credit Card,Delivered
ORD103935,21-Mar-25,CUST1335,West,Surat,Electronics,Keyboard,1,1156.86,10,1041.18,830.89,210.29,Website,Student,Debit Card,Delivered
ORD103936,27-Nov-24,CUST1336,North,Chandigarh,Clothing,T-Shirt,1,761.33,5,723.26,434.78,288.48,Mobile App,Student,Net Banking,Delivered
ORD103937,18-May-24,CUST1337,Central,Indore,Clothing,Sneakers,2,2793.63,5,0,0,0,Mobile App,Consumer,Credit Card,Cancelled
ORD103938,22-Dec-24,CUST1338,East,Kolkata,Electronics,Smart Watch,2,2160.59,20,0,0,0,Mobile App,Student,Net Banking,Cancelled
ORD103939,23-Aug-25,CUST1339,South,Hyderabad,Beauty,Moisturizer,1,687.62,0,687.62,389.26,298.36,Website,Corporate,UPI,Delivered
ORD103940,30-Sep-24,CUST1340,North,Lucknow,Sports,Yoga Mat,1,843.98,10,759.58,483.41,276.17,Mobile App,Consumer,Net Banking,Delivered
ORD103941,19-Jan-24,CUST1341,South,Coimbatore,Electronics,Power Bank,1,955.34,0,143.3,89.77,53.54,Mobile App,Consumer,Cash on Delivery,Returned
ORD103942,06-Nov-24,CUST1342,East,Bhubaneswar,Electronics,Power Bank,2,970.97,15,1650.65,1093.35,557.29,Mobile App,Consumer,UPI,Delivered
ORD103943,02-Jun-24,CUST1343,South,Bengaluru,Beauty,Lipstick,1,523.81,0,0,0,0,Mobile App,Consumer,UPI,Cancelled
ORD103944,24-Jan-25,CUST1344,West,Ahmedabad,Electronics,Power Bank,1,1008.64,15,0,0,0,Mobile App,Consumer,Debit Card,Cancelled
ORD103945,16-Sep-24,CUST1345,South,Hyderabad,Clothing,Dress,1,1774.13,0,1774.13,1272.46,501.67,Marketplace,Consumer,UPI,Delivered
ORD103946,11-Sep-25,CUST1346,Central,Nagpur,Electronics,Keyboard,1,1220.86,10,1098.77,670.65,428.12,Website,Consumer,Credit Card,Delivered
ORD103947,24-Jul-25,CUST1347,East,Bhubaneswar,Electronics,Bluetooth Speaker,2,1493.31,15,2538.63,1479.82,1058.81,Website,Consumer,Credit Card,Delivered
ORD103948,04-May-24,CUST1348,West,Ahmedabad,Beauty,Face Serum,1,854.61,5,811.88,601.91,209.97,Mobile App,Corporate,UPI,Delivered
ORD103949,19-Dec-24,CUST1349,North,Delhi,Beauty,Lipstick,1,474.41,5,450.69,250.64,200.04,Website,Student,UPI,Delivered
ORD103950,29-Sep-24,CUST1350,South,Coimbatore,Electronics,Power Bank,1,974.66,15,0,0,0,Mobile App,Corporate,Credit Card,Cancelled
ORD103951,10-Sep-25,CUST1351,South,Bengaluru,Clothing,Dress,4,1654.87,5,6288.52,3703.87,2584.65,Mobile App,Consumer,UPI,Delivered
ORD103952,01-Sep-24,CUST1352,East,Bhubaneswar,Electronics,Keyboard,2,1406.04,25,2109.06,1662.68,446.37,Website,Consumer,UPI,Delivered
ORD103953,25-Mar-25,CUST1353,Central,Raipur,Electronics,Keyboard,1,1249.94,5,178.12,137.61,40.5,Website,Consumer,Debit Card,Returned
ORD103954,03-Sep-24,CUST1354,North,Delhi,Sports,Running Shoes,1,2979.89,15,2532.9,1434.49,1098.41,Mobile App,Consumer,Credit Card,Delivered
ORD103955,03-Jun-25,CUST1355,North,Chandigarh,Home & Kitchen,Coffee Maker,3,2448.11,15,6242.68,4361.27,1881.41,Website,Consumer,Credit Card,Delivered
ORD103956,20-May-24,CUST1356,Central,Bhopal,Home & Kitchen,Coffee Maker,1,1894.37,5,1799.65,1133.32,666.33,Website,Student,UPI,Delivered
ORD103957,27-Dec-24,CUST1357,South,Bengaluru,Beauty,Sunscreen,5,581.64,0,2908.21,1750.71,1157.5,Mobile App,Consumer,Credit Card,Delivered
ORD103958,08-Jan-24,CUST1358,West,Pune,Beauty,Shampoo,1,509.84,0,509.84,323.29,186.54,Mobile App,Student,Credit Card,Delivered
ORD103959,22-Apr-25,CUST1359,East,Patna,Beauty,Lipstick,1,425.29,25,0,0,0,Website,Consumer,Credit Card,Cancelled
ORD103960,17-Dec-24,CUST1360,Central,Raipur,Electronics,Bluetooth Speaker,2,1515.69,15,386.5,218.61,167.89,Website,Corporate,UPI,Returned
ORD103961,09-May-25,CUST1361,North,Jaipur,Electronics,Power Bank,2,864.31,10,233.36,169.19,64.17,Mobile App,Student,Cash on Delivery,Returned
ORD103962,28-Aug-25,CUST1362,North,Lucknow,Home & Kitchen,Mixer Grinder,5,3568,5,2542.2,2025.14,517.06,Mobile App,Consumer,Debit Card,Returned
ORD103963,02-Mar-25,CUST1363,East,Patna,Clothing,Hoodie,3,1921.18,0,0,0,0,Mobile App,Student,UPI,Cancelled
ORD103964,08-Feb-24,CUST1364,Central,Indore,Sports,Running Shoes,1,2575.27,15,2188.98,1736.75,452.22,Mobile App,Consumer,Credit Card,Delivered
ORD103965,15-Aug-25,CUST1365,South,Coimbatore,Home & Kitchen,Coffee Maker,2,1898.13,25,2847.19,2263.05,584.14,Website,Student,UPI,Delivered
ORD103966,05-Jul-24,CUST1366,South,Hyderabad,Sports,Cricket Bat,3,2105.9,0,6317.69,4514.57,1803.13,Mobile App,Corporate,UPI,Delivered
ORD103967,18-Aug-25,CUST1367,West,Mumbai,Electronics,Keyboard,2,1233.76,15,2097.39,1411.71,685.69,Marketplace,Consumer,Cash on Delivery,Delivered
ORD103968,22-Aug-25,CUST1368,Central,Bhopal,Sports,Yoga Mat,1,903.73,0,903.73,677.04,226.68,Website,Consumer,Cash on Delivery,Delivered
ORD103969,02-Apr-24,CUST1369,Central,Indore,Clothing,Hoodie,1,1660.46,15,0,0,0,Website,Corporate,Credit Card,Cancelled
ORD103970,26-Mar-24,CUST1370,Central,Bhopal,Sports,Gym Bag,1,1075.15,5,1021.39,749.3,272.09,Marketplace,Consumer,Cash on Delivery,Delivered
ORD103971,13-Feb-24,CUST1371,North,Chandigarh,Electronics,Keyboard,3,1207.99,15,462.06,280.28,181.78,Website,Consumer,Debit Card,Returned
ORD103972,16-May-24,CUST1372,North,Delhi,Home & Kitchen,Bedsheet,1,915.7,20,0,0,0,Website,Consumer,Cash on Delivery,Cancelled
ORD103973,24-Feb-25,CUST1373,West,Pune,Beauty,Shampoo,1,484.55,10,436.1,351.89,84.2,Website,Consumer,Cash on Delivery,Delivered
ORD103974,14-Mar-24,CUST1374,Central,Raipur,Clothing,Hoodie,3,1891.83,20,4540.4,3000.18,1540.22,Marketplace,Consumer,Cash on Delivery,Delivered
ORD103975,01-Jul-25,CUST1375,South,Coimbatore,Clothing,Hoodie,1,1798.31,5,1708.39,1261.39,447,Mobile App,Student,Cash on Delivery,Delivered
ORD103976,04-Sep-25,CUST1376,South,Hyderabad,Sports,Running Shoes,2,3042.42,25,684.54,472.27,212.27,Website,Corporate,Credit Card,Returned
ORD103977,26-May-25,CUST1377,West,Surat,Clothing,Dress,3,1562.1,20,3749.03,2175.35,1573.68,Mobile App,Consumer,Debit Card,Delivered
ORD103978,04-Jun-24,CUST1378,North,Jaipur,Home & Kitchen,Water Bottle,1,561.67,0,0,0,0,Website,Consumer,UPI,Cancelled
ORD103979,11-Sep-24,CUST1379,South,Bengaluru,Electronics,Smart Watch,1,2220.98,10,0,0,0,Website,Corporate,Cash on Delivery,Cancelled
ORD103980,19-Jun-24,CUST1380,East,Bhubaneswar,Beauty,Lipstick,2,471.92,20,755.07,552.61,202.46,Marketplace,Consumer,Cash on Delivery,Delivered
ORD103981,28-Dec-25,CUST1381,East,Guwahati,Home & Kitchen,Bedsheet,2,1028.57,0,0,0,0,Mobile App,Consumer,UPI,Cancelled
ORD103982,18-Jun-24,CUST1382,West,Pune,Clothing,T-Shirt,2,732.64,10,1318.74,737.25,581.49,Mobile App,Consumer,UPI,Delivered
ORD103983,17-Nov-24,CUST1383,South,Coimbatore,Electronics,Keyboard,1,1268.71,15,1078.4,611.06,467.34,Marketplace,Consumer,UPI,Delivered
ORD103984,20-Jul-25,CUST1384,West,Surat,Home & Kitchen,Mixer Grinder,1,3378.67,0,3378.67,2096.17,1282.5,Mobile App,Consumer,UPI,Delivered
ORD103985,31-Mar-25,CUST1385,East,Kolkata,Electronics,Wireless Headphones,2,1812.79,15,3081.74,2314.73,767.01,Website,Consumer,Credit Card,Delivered
ORD103986,25-Aug-25,CUST1386,East,Guwahati,Electronics,Smart Watch,1,2704.46,5,2569.24,1501.07,1068.17,Website,Student,Credit Card,Delivered
ORD103987,04-Sep-25,CUST1387,West,Pune,Home & Kitchen,Cookware Set,3,2708.42,5,7719.01,4672.23,3046.78,Mobile App,Consumer,UPI,Delivered
ORD103988,03-Jun-24,CUST1388,South,Hyderabad,Electronics,Keyboard,2,1216.5,10,2189.7,1740.94,448.76,Website,Consumer,UPI,Delivered
ORD103989,14-Dec-24,CUST1389,North,Chandigarh,Electronics,Smart Watch,2,2493.71,10,0,0,0,Mobile App,Consumer,UPI,Cancelled
ORD103990,26-Mar-25,CUST1390,North,Delhi,Home & Kitchen,Coffee Maker,4,2229.34,20,7133.9,5119.5,2014.4,Mobile App,Consumer,UPI,Delivered
ORD103991,14-Oct-25,CUST1391,South,Bengaluru,Electronics,Wireless Headphones,1,1954.13,15,1661.01,1117.96,543.06,Mobile App,Corporate,Credit Card,Delivered
ORD103992,21-Jun-24,CUST1392,East,Bhubaneswar,Clothing,Dress,1,1752.52,10,236.59,149.27,87.32,Mobile App,Consumer,UPI,Returned
ORD103993,10-Jan-24,CUST1393,Central,Indore,Electronics,Smart Watch,2,2623.26,15,4459.54,2752.72,1706.82,Mobile App,Corporate,Debit Card,Delivered
ORD103994,21-Sep-24,CUST1394,West,Mumbai,Home & Kitchen,Bedsheet,1,1030.55,15,131.39,93.17,38.22,Marketplace,Student,UPI,Returned
ORD103995,13-Mar-25,CUST1395,West,Surat,Home & Kitchen,Coffee Maker,2,2177.94,20,0,0,0,Mobile App,Consumer,Debit Card,Cancelled
ORD103996,03-Sep-24,CUST1396,South,Bengaluru,Beauty,Shampoo,5,435.58,15,1851.22,1219.62,631.6,Mobile App,Consumer,Cash on Delivery,Delivered
ORD103997,28-Oct-25,CUST1397,South,Coimbatore,Clothing,Sneakers,3,2196.9,10,5931.63,4374.48,1557.15,Website,Consumer,Credit Card,Delivered
ORD103998,29-Jun-25,CUST1398,South,Bengaluru,Electronics,Bluetooth Speaker,2,1395.17,5,2650.82,1747.21,903.61,Mobile App,Corporate,UPI,Delivered
ORD103999,13-May-25,CUST1399,South,Bengaluru,Electronics,Bluetooth Speaker,3,1359.76,20,3263.42,1827.25,1436.18,Mobile App,Corporate,UPI,Delivered
ORD104000,08-May-24,CUST1400,North,Chandigarh,Clothing,T-Shirt,1,773.92,15,98.67,76.64,22.03,Mobile App,Consumer,Net Banking,Returned
ORD104001,02-Nov-25,CUST1401,East,Guwahati,Sports,Running Shoes,1,2880.99,0,432.15,274.83,157.32,Website,Corporate,Debit Card,Returned
ORD104002,23-Aug-25,CUST1402,Central,Raipur,Electronics,Power Bank,1,1085.6,15,922.76,743.31,179.45,Mobile App,Consumer,UPI,Delivered
ORD104003,27-Aug-25,CUST1403,North,Jaipur,Clothing,Jeans,1,1605.25,10,1444.73,1137.69,307.03,Website,Student,UPI,Delivered
ORD104004,22-Nov-24,CUST1404,North,Lucknow,Electronics,Bluetooth Speaker,1,1603.02,0,1603.02,982.9,620.12,Marketplace,Student,UPI,Delivered
ORD104005,07-Feb-25,CUST1405,West,Ahmedabad,Home & Kitchen,Bedsheet,3,907.33,10,2449.8,1986,463.8,Website,Corporate,UPI,Delivered
ORD104006,20-Sep-25,CUST1406,South,Coimbatore,Home & Kitchen,Coffee Maker,3,2134.74,5,6084,4748.33,1335.67,Mobile App,Consumer,Debit Card,Delivered
ORD104007,28-Aug-25,CUST1407,Central,Bhopal,Home & Kitchen,Cookware Set,2,2338.68,15,3975.76,3244.04,731.72,Website,Consumer,Credit Card,Delivered
ORD104008,05-Nov-25,CUST1408,West,Surat,Sports,Cricket Bat,1,2222.91,5,2111.76,1548.02,563.74,Mobile App,Consumer,Net Banking,Delivered
ORD104009,02-Sep-25,CUST1409,Central,Indore,Home & Kitchen,Mixer Grinder,1,3585.09,0,3585.09,2872.72,712.37,Website,Consumer,UPI,Delivered
ORD104010,16-Sep-25,CUST1410,South,Hyderabad,Electronics,Bluetooth Speaker,4,1375.3,0,0,0,0,Marketplace,Corporate,Debit Card,Cancelled
ORD104011,24-Dec-24,CUST1411,West,Ahmedabad,Clothing,Hoodie,2,1681.44,10,3026.59,2363.39,663.2,Website,Student,UPI,Delivered
ORD104012,25-Aug-25,CUST1412,East,Bhubaneswar,Home & Kitchen,Mixer Grinder,2,3275.27,5,0,0,0,Mobile App,Corporate,Credit Card,Cancelled
ORD104013,18-Dec-25,CUST1413,West,Mumbai,Home & Kitchen,Coffee Maker,4,2034.57,20,6510.61,5214.2,1296.41,Website,Consumer,Credit Card,Delivered
ORD104014,17-Jan-24,CUST1414,East,Guwahati,Home & Kitchen,Bedsheet,2,1071.55,0,321.47,221.77,99.69,Mobile App,Consumer,Cash on Delivery,Returned
ORD104015,30-Sep-24,CUST1415,North,Lucknow,Beauty,Sunscreen,2,641.64,15,163.62,122.53,41.09,Mobile App,Consumer,Debit Card,Returned
ORD104016,15-Nov-25,CUST1416,East,Patna,Home & Kitchen,Cookware Set,1,2612.88,10,2351.6,1875.58,476.01,Website,Corporate,UPI,Delivered
ORD104017,25-Apr-24,CUST1417,East,Kolkata,Sports,Gym Bag,1,1242.3,20,993.84,659.96,333.89,Website,Student,Net Banking,Delivered
ORD104018,23-Nov-25,CUST1418,West,Mumbai,Home & Kitchen,Mixer Grinder,2,3291.65,5,6254.13,3484.35,2769.78,Website,Consumer,Cash on Delivery,Delivered
ORD104019,31-Mar-24,CUST1419,West,Surat,Beauty,Shampoo,1,470.92,0,0,0,0,Mobile App,Consumer,UPI,Cancelled
ORD104020,22-Mar-24,CUST1420,West,Ahmedabad,Electronics,Wireless Headphones,2,2150.87,10,3871.57,3145.32,726.24,Website,Corporate,Cash on Delivery,Delivered
ORD104021,19-Nov-24,CUST1421,North,Delhi,Home & Kitchen,Cookware Set,1,2703.63,15,2298.09,1805.75,492.33,Marketplace,Consumer,Net Banking,Delivered
ORD104022,23-Apr-24,CUST1422,West,Pune,Sports,Cricket Bat,1,1725.87,5,1639.58,1115.77,523.81,Website,Student,Cash on Delivery,Delivered
ORD104023,27-Feb-24,CUST1423,East,Kolkata,Clothing,Sneakers,1,2393.11,0,358.97,290.56,68.4,Marketplace,Corporate,Credit Card,Returned
ORD104024,02-Jun-24,CUST1424,Central,Indore,Beauty,Moisturizer,1,599.18,10,539.26,323.62,215.64,Website,Consumer,Credit Card,Delivered
ORD104025,07-Feb-25,CUST1425,Central,Nagpur,Beauty,Lipstick,3,537.25,5,1531.17,888.02,643.15,Website,Corporate,UPI,Delivered
ORD104026,19-Sep-25,CUST1426,North,Chandigarh,Electronics,Smart Watch,1,2243.64,5,2131.46,1518.43,613.03,Website,Corporate,UPI,Delivered
ORD104027,22-Sep-24,CUST1427,Central,Nagpur,Home & Kitchen,Coffee Maker,2,2269.24,10,4084.64,2667.97,1416.67,Website,Consumer,Net Banking,Delivered
ORD104028,10-Nov-24,CUST1428,North,Lucknow,Electronics,Keyboard,1,1229.49,15,1045.07,670.66,374.41,Marketplace,Consumer,Debit Card,Delivered
ORD104029,15-Dec-25,CUST1429,South,Bengaluru,Sports,Running Shoes,1,3209.94,25,2407.46,1801.31,606.15,Mobile App,Corporate,UPI,Delivered
ORD104030,10-Feb-24,CUST1430,East,Patna,Beauty,Moisturizer,1,690.34,0,103.55,61.15,42.4,Website,Student,Credit Card,Returned
ORD104031,14-Apr-24,CUST1431,North,Chandigarh,Electronics,Smart Watch,4,2343.03,15,1194.95,908.38,286.57,Mobile App,Consumer,UPI,Returned
ORD104032,11-Jul-24,CUST1432,West,Mumbai,Electronics,Wireless Headphones,1,1873.95,5,0,0,0,Mobile App,Student,UPI,Cancelled
ORD104033,04-Feb-25,CUST1433,North,Chandigarh,Home & Kitchen,Coffee Maker,3,2063.26,5,0,0,0,Website,Consumer,Credit Card,Cancelled
ORD104034,04-Oct-24,CUST1434,North,Chandigarh,Clothing,T-Shirt,1,742.98,10,668.68,513.79,154.89,Mobile App,Corporate,UPI,Delivered
ORD104035,19-Dec-24,CUST1435,East,Guwahati,Electronics,Bluetooth Speaker,1,1561.96,15,1327.67,961.87,365.8,Website,Corporate,UPI,Delivered
ORD104036,02-Aug-25,CUST1436,West,Surat,Home & Kitchen,Mixer Grinder,3,3088.48,25,0,0,0,Mobile App,Consumer,Net Banking,Cancelled
ORD104037,09-Dec-25,CUST1437,Central,Bhopal,Clothing,T-Shirt,2,686.67,15,1167.33,943.48,223.85,Website,Consumer,UPI,Delivered
ORD104038,12-Sep-24,CUST1438,West,Ahmedabad,Electronics,Power Bank,2,869.69,0,260.91,145.82,115.09,Mobile App,Corporate,Credit Card,Returned
ORD104039,12-Oct-25,CUST1439,West,Mumbai,Beauty,Moisturizer,1,750.32,5,106.92,65.25,41.67,Mobile App,Consumer,Credit Card,Returned
ORD104040,22-Oct-25,CUST1440,South,Chennai,Sports,Cricket Bat,1,1842.69,15,1566.29,877.01,689.28,Mobile App,Student,Credit Card,Delivered
ORD104041,08-Apr-24,CUST1441,North,Lucknow,Beauty,Face Serum,2,870.98,10,235.17,190.71,44.46,Marketplace,Consumer,Debit Card,Returned
ORD104042,10-Aug-25,CUST1442,North,Delhi,Beauty,Lipstick,3,504.56,5,215.7,169.39,46.31,Marketplace,Consumer,UPI,Returned
ORD104043,08-Oct-24,CUST1443,East,Guwahati,Electronics,Power Bank,1,1002.31,10,135.31,109.21,26.11,Website,Consumer,Cash on Delivery,Returned
ORD104044,06-Feb-25,CUST1444,West,Surat,Clothing,Sneakers,4,2233.94,20,7148.61,5311.84,1836.77,Website,Consumer,Credit Card,Delivered
ORD104045,18-Apr-24,CUST1445,South,Bengaluru,Electronics,Wireless Headphones,1,1736.68,15,1476.18,822.83,653.35,Website,Student,Credit Card,Delivered
ORD104046,30-Nov-25,CUST1446,West,Ahmedabad,Beauty,Shampoo,2,498.6,10,897.49,719.34,178.15,Website,Consumer,Credit Card,Delivered
ORD104047,17-Jul-24,CUST1447,East,Patna,Sports,Dumbbells,1,1561.19,25,1170.9,777.07,393.82,Mobile App,Consumer,Credit Card,Delivered
ORD104048,29-Oct-24,CUST1448,North,Chandigarh,Beauty,Sunscreen,1,528.51,15,449.23,291.74,157.49,Website,Corporate,UPI,Delivered
ORD104049,22-Nov-24,CUST1449,South,Bengaluru,Sports,Dumbbells,1,1719.9,0,1719.9,1077.89,642.01,Mobile App,Consumer,Credit Card,Delivered
ORD104050,02-Jun-24,CUST1450,Central,Bhopal,Home & Kitchen,Cookware Set,1,2405.67,0,360.85,226.41,134.44,Website,Student,Credit Card,Returned
ORD104051,05-Jul-25,CUST1451,West,Mumbai,Clothing,Dress,4,1471.6,10,5297.75,4058.98,1238.77,Website,Consumer,Credit Card,Delivered
ORD104052,06-Oct-25,CUST1452,Central,Indore,Clothing,Jeans,2,1593.19,5,3027.06,1874.42,1152.63,Marketplace,Consumer,UPI,Delivered
ORD104053,08-Feb-25,CUST1453,North,Jaipur,Electronics,Keyboard,2,1424.39,15,2421.46,1477.05,944.41,Website,Consumer,UPI,Delivered
ORD104054,06-Apr-25,CUST1454,Central,Nagpur,Electronics,Keyboard,1,1211.46,20,0,0,0,Website,Consumer,Debit Card,Cancelled
ORD104055,11-May-24,CUST1455,South,Coimbatore,Beauty,Moisturizer,4,740.6,5,2814.26,1766.27,1047.99,Website,Corporate,Credit Card,Delivered
ORD104056,24-Mar-24,CUST1456,North,Chandigarh,Clothing,T-Shirt,1,717.3,15,609.71,337.5,272.21,Website,Student,Debit Card,Delivered
ORD104057,02-Feb-25,CUST1457,Central,Raipur,Home & Kitchen,Mixer Grinder,3,3685.73,10,9951.47,7976.87,1974.6,Mobile App,Student,UPI,Delivered
ORD104058,19-Sep-25,CUST1458,South,Chennai,Home & Kitchen,Mixer Grinder,1,2985.85,5,0,0,0,Mobile App,Consumer,Debit Card,Cancelled
ORD104059,18-Apr-24,CUST1459,West,Mumbai,Clothing,Hoodie,1,1995.78,15,0,0,0,Mobile App,Consumer,UPI,Cancelled
ORD104060,08-Aug-24,CUST1460,North,Jaipur,Clothing,T-Shirt,5,653.65,10,2941.43,1990.25,951.18,Mobile App,Consumer,Debit Card,Delivered
ORD104061,06-Jul-25,CUST1461,East,Bhubaneswar,Clothing,Sneakers,1,2402.11,10,2161.9,1267.31,894.59,Mobile App,Student,UPI,Delivered
ORD104062,02-Jan-25,CUST1462,Central,Raipur,Clothing,Hoodie,3,1703.44,0,5110.33,3724,1386.33,Website,Student,UPI,Delivered
ORD104063,26-May-24,CUST1463,South,Chennai,Beauty,Face Serum,1,737.06,10,663.36,406.32,257.04,Website,Consumer,UPI,Delivered
ORD104064,21-Apr-24,CUST1464,West,Pune,Clothing,Dress,2,1658.43,5,472.65,296.7,175.95,Website,Consumer,Credit Card,Returned
ORD104065,06-Sep-25,CUST1465,North,Chandigarh,Home & Kitchen,Cookware Set,3,2521.66,10,0,0,0,Website,Student,UPI,Cancelled
ORD104066,11-Jul-25,CUST1466,West,Mumbai,Sports,Cricket Bat,2,1864.14,5,3541.87,1963.71,1578.15,Mobile App,Consumer,UPI,Delivered
ORD104067,08-May-25,CUST1467,South,Hyderabad,Sports,Running Shoes,2,2656.21,10,717.18,493.9,223.27,Website,Consumer,Credit Card,Returned
ORD104068,19-May-25,CUST1468,South,Hyderabad,Sports,Cricket Bat,1,1870.45,0,1870.45,1057.93,812.51,Website,Consumer,UPI,Delivered
ORD104069,19-Apr-25,CUST1469,South,Chennai,Clothing,Dress,1,1523.74,0,1523.74,924.21,599.53,Mobile App,Consumer,Cash on Delivery,Delivered
ORD104070,27-Sep-24,CUST1470,North,Chandigarh,Electronics,Power Bank,1,951.82,5,904.23,722.87,181.36,Mobile App,Consumer,Net Banking,Delivered
ORD104071,24-Feb-25,CUST1471,Central,Indore,Clothing,Jeans,2,1418.74,15,2411.86,1380.48,1031.38,Mobile App,Consumer,Cash on Delivery,Delivered
ORD104072,07-Dec-25,CUST1472,South,Hyderabad,Clothing,Sneakers,3,2157.02,0,6471.07,4067.15,2403.92,Website,Consumer,Net Banking,Delivered
ORD104073,01-Jan-25,CUST1473,South,Coimbatore,Sports,Cricket Bat,1,1949.6,15,1657.16,1236.51,420.65,Mobile App,Consumer,Cash on Delivery,Delivered
ORD104074,06-Oct-24,CUST1474,East,Patna,Home & Kitchen,Coffee Maker,2,2365.63,0,709.69,559.78,149.91,Website,Student,Cash on Delivery,Returned
ORD104075,09-Oct-24,CUST1475,South,Bengaluru,Electronics,Power Bank,3,897.8,10,2424.06,1363.48,1060.58,Marketplace,Consumer,UPI,Delivered
ORD104076,09-Feb-24,CUST1476,West,Ahmedabad,Electronics,Bluetooth Speaker,1,1333.1,15,1133.14,679.96,453.18,Website,Corporate,UPI,Delivered
ORD104077,07-Jul-24,CUST1477,Central,Raipur,Electronics,Power Bank,3,976.42,5,0,0,0,Website,Consumer,Cash on Delivery,Cancelled
ORD104078,12-Jun-24,CUST1478,South,Bengaluru,Home & Kitchen,Mixer Grinder,4,3134.26,5,11910.18,7711.46,4198.71,Marketplace,Consumer,Credit Card,Delivered
ORD104079,19-Jun-25,CUST1479,Central,Nagpur,Beauty,Face Serum,1,800.24,5,114.03,71.6,42.43,Website,Corporate,Net Banking,Returned
ORD104080,19-Jun-25,CUST1480,East,Guwahati,Sports,Dumbbells,1,1768.03,15,1502.83,924.87,577.95,Marketplace,Corporate,Cash on Delivery,Delivered
ORD104081,04-Jan-24,CUST1481,North,Delhi,Sports,Cricket Bat,1,2109.82,5,2004.33,1247.77,756.56,Website,Consumer,Cash on Delivery,Delivered
ORD104082,16-Oct-24,CUST1482,West,Surat,Electronics,Keyboard,3,1345.12,10,3631.83,2128.34,1503.49,Website,Consumer,UPI,Delivered
ORD104083,08-Mar-25,CUST1483,East,Bhubaneswar,Clothing,Sneakers,1,2404.8,0,360.72,214.3,146.42,Website,Consumer,UPI,Returned
ORD104084,15-Apr-25,CUST1484,West,Surat,Electronics,Wireless Headphones,2,1854.25,10,3337.64,2382.5,955.14,Marketplace,Student,Debit Card,Delivered
ORD104085,29-Jun-24,CUST1485,Central,Bhopal,Clothing,Jeans,1,1492.81,10,1343.53,844.93,498.6,Website,Corporate,Credit Card,Delivered
ORD104086,04-Sep-24,CUST1486,East,Patna,Sports,Dumbbells,3,1741.42,0,5224.27,3437.12,1787.14,Website,Consumer,Net Banking,Delivered
ORD104087,19-Sep-25,CUST1487,Central,Raipur,Home & Kitchen,Coffee Maker,3,2389.7,15,6093.73,4029.36,2064.37,Marketplace,Corporate,Cash on Delivery,Delivered
ORD104088,05-Oct-24,CUST1488,West,Ahmedabad,Beauty,Lipstick,4,484.17,20,0,0,0,Mobile App,Student,Net Banking,Cancelled
ORD104089,03-Aug-25,CUST1489,East,Bhubaneswar,Home & Kitchen,Cookware Set,1,2290.28,5,2175.77,1678.09,497.68,Mobile App,Consumer,Credit Card,Delivered
ORD104090,10-Sep-24,CUST1490,West,Mumbai,Electronics,Keyboard,1,1183.19,15,150.86,121.92,28.93,Website,Consumer,Credit Card,Returned
ORD104091,29-Jun-24,CUST1491,South,Bengaluru,Electronics,Smart Watch,1,2147.08,5,2039.73,1266.99,772.74,Website,Consumer,Cash on Delivery,Delivered
ORD104092,11-Nov-25,CUST1492,Central,Nagpur,Home & Kitchen,Cookware Set,1,2692.72,15,343.32,216.12,127.2,Marketplace,Consumer,Credit Card,Returned
ORD104093,23-May-25,CUST1493,West,Ahmedabad,Beauty,Lipstick,1,459.83,5,436.84,322.02,114.82,Mobile App,Consumer,Cash on Delivery,Delivered
ORD104094,30-Nov-25,CUST1494,North,Lucknow,Electronics,Wireless Headphones,4,1892.91,20,6057.32,3463.33,2593.99,Website,Consumer,UPI,Delivered
ORD104095,19-Jul-25,CUST1495,South,Hyderabad,Beauty,Face Serum,3,853.72,5,2433.11,1934.27,498.84,Website,Student,UPI,Delivered
ORD104096,21-Nov-24,CUST1496,West,Mumbai,Beauty,Shampoo,1,440.32,15,374.27,218.04,156.24,Marketplace,Consumer,Cash on Delivery,Delivered
ORD104097,22-Dec-24,CUST1497,North,Delhi,Clothing,T-Shirt,3,681.2,15,0,0,0,Website,Corporate,UPI,Cancelled
ORD104098,11-Oct-25,CUST1498,North,Lucknow,Beauty,Face Serum,1,705.54,5,670.27,421.4,248.86,Mobile App,Corporate,UPI,Delivered
ORD104099,10-Nov-25,CUST1499,East,Kolkata,Clothing,Jeans,1,1452.98,0,0,0,0,Mobile App,Corporate,UPI,Cancelled
ORD104100,25-Jan-25,CUST1500,South,Bengaluru,Home & Kitchen,Mixer Grinder,3,2846.14,15,7257.65,4267.7,2989.95,Marketplace,Consumer,UPI,Delivered
ORD104101,06-Sep-25,CUST1501,South,Coimbatore,Beauty,Face Serum,5,790.82,5,3756.38,2721.54,1034.84,Website,Consumer,UPI,Delivered
ORD104102,25-Mar-24,CUST1502,South,Coimbatore,Sports,Running Shoes,1,3193.46,20,2554.77,1953.5,601.27,Marketplace,Consumer,Debit Card,Delivered
ORD104103,12-Nov-24,CUST1503,North,Jaipur,Clothing,T-Shirt,3,721.79,20,1732.29,1397.2,335.09,Website,Corporate,Debit Card,Delivered
ORD104104,30-Jul-24,CUST1504,West,Mumbai,Clothing,T-Shirt,3,690.25,15,264.02,168.84,95.17,Website,Consumer,Credit Card,Returned
ORD104105,29-May-25,CUST1505,East,Patna,Electronics,Bluetooth Speaker,1,1609.57,10,1448.62,1039.7,408.92,Mobile App,Consumer,Debit Card,Delivered
ORD104106,18-Jan-25,CUST1506,South,Hyderabad,Electronics,Wireless Headphones,1,1822.09,5,1730.99,1146,584.99,Website,Consumer,Credit Card,Delivered
ORD104107,21-Nov-25,CUST1507,South,Hyderabad,Beauty,Face Serum,2,858.38,20,1373.4,962.23,411.17,Mobile App,Consumer,Credit Card,Delivered
ORD104108,07-Dec-24,CUST1508,East,Bhubaneswar,Sports,Dumbbells,3,1478.46,0,4435.39,2634.59,1800.81,Mobile App,Consumer,Credit Card,Delivered
ORD104109,07-Feb-24,CUST1509,North,Jaipur,Clothing,Jeans,1,1420.86,5,0,0,0,Mobile App,Corporate,Debit Card,Cancelled
ORD104110,25-May-25,CUST1510,North,Delhi,Electronics,Wireless Headphones,1,1768.47,5,1680.04,1309.18,370.87,Mobile App,Student,Cash on Delivery,Delivered
ORD104111,23-Feb-25,CUST1511,North,Chandigarh,Clothing,Dress,2,1403.08,25,315.69,247.25,68.45,Marketplace,Consumer,Debit Card,Returned
ORD104112,17-Jun-24,CUST1512,West,Mumbai,Clothing,Jeans,2,1651.4,0,0,0,0,Marketplace,Consumer,Debit Card,Cancelled
ORD104113,08-Dec-24,CUST1513,West,Pune,Clothing,Jeans,2,1351.04,20,2161.66,1326.51,835.16,Mobile App,Corporate,Credit Card,Delivered
ORD104114,01-Nov-24,CUST1514,West,Ahmedabad,Electronics,Wireless Headphones,1,1879.04,10,1691.14,1312.16,378.98,Website,Consumer,UPI,Delivered
ORD104115,25-Jun-25,CUST1515,West,Ahmedabad,Beauty,Shampoo,3,495.44,0,1486.33,1218.56,267.77,Mobile App,Consumer,UPI,Delivered
ORD104116,02-Dec-25,CUST1516,West,Ahmedabad,Electronics,Smart Watch,2,2358.87,15,4010.07,2613.9,1396.17,Mobile App,Corporate,Cash on Delivery,Delivered
ORD104117,20-Jun-25,CUST1517,East,Bhubaneswar,Home & Kitchen,Bedsheet,3,1083.85,0,3251.55,2599.88,651.68,Website,Student,Debit Card,Delivered
ORD104118,21-Apr-24,CUST1518,West,Mumbai,Beauty,Lipstick,4,545.5,5,2072.91,1690.53,382.38,Website,Consumer,Debit Card,Delivered
ORD104119,14-Feb-25,CUST1519,North,Lucknow,Clothing,Hoodie,3,1687.49,15,4303.11,2826.35,1476.76,Mobile App,Consumer,UPI,Delivered
ORD104120,24-Jul-24,CUST1520,West,Surat,Home & Kitchen,Cookware Set,4,2186.24,0,8744.98,6500.99,2243.99,Website,Consumer,Net Banking,Delivered
ORD104121,03-Jul-24,CUST1521,West,Surat,Home & Kitchen,Bedsheet,4,905.84,5,3442.18,2433.26,1008.92,Website,Consumer,UPI,Delivered
ORD104122,16-Jan-25,CUST1522,East,Bhubaneswar,Home & Kitchen,Coffee Maker,2,2150.81,5,4086.54,3044.44,1042.1,Mobile App,Consumer,Cash on Delivery,Delivered
ORD104123,10-May-25,CUST1523,South,Hyderabad,Clothing,Hoodie,2,1669.27,10,3004.69,1777.64,1227.05,Website,Consumer,UPI,Delivered
ORD104124,13-Jan-25,CUST1524,South,Hyderabad,Clothing,Hoodie,2,1749.42,15,2974.01,1930.17,1043.83,Website,Consumer,UPI,Delivered
ORD104125,16-Feb-24,CUST1525,West,Pune,Beauty,Moisturizer,2,737.34,5,210.14,119.14,91,Mobile App,Consumer,Credit Card,Returned
ORD104126,04-Jul-25,CUST1526,West,Mumbai,Beauty,Moisturizer,1,673.54,5,639.86,457.86,182,Mobile App,Consumer,Debit Card,Delivered
ORD104127,11-Jun-25,CUST1527,Central,Nagpur,Clothing,T-Shirt,1,631.33,5,599.76,479.94,119.83,Website,Consumer,Credit Card,Delivered
ORD104128,18-May-25,CUST1528,South,Coimbatore,Electronics,Smart Watch,1,2365.68,5,337.11,236.41,100.7,Mobile App,Consumer,UPI,Returned
ORD104129,22-Jan-24,CUST1529,West,Surat,Electronics,Wireless Headphones,1,2100.16,10,1890.14,1075.47,814.67,Mobile App,Student,UPI,Delivered
ORD104130,31-Jul-24,CUST1530,East,Patna,Electronics,Power Bank,1,963.53,0,963.53,771.98,191.55,Website,Consumer,Debit Card,Delivered
ORD104131,05-Nov-24,CUST1531,Central,Nagpur,Home & Kitchen,Bedsheet,4,916.46,15,467.39,273.85,193.55,Website,Corporate,Credit Card,Returned
ORD104132,22-Oct-25,CUST1532,East,Patna,Electronics,Power Bank,1,964.44,20,0,0,0,Mobile App,Consumer,UPI,Cancelled
ORD104133,28-Sep-24,CUST1533,East,Bhubaneswar,Clothing,Dress,1,1555.5,15,1322.18,982.17,340.01,Mobile App,Student,UPI,Delivered
ORD104134,24-Jul-25,CUST1534,East,Patna,Beauty,Shampoo,2,464.08,0,928.16,669.97,258.2,Website,Consumer,Cash on Delivery,Delivered
ORD104135,20-Jul-24,CUST1535,West,Mumbai,Clothing,T-Shirt,1,782.07,10,703.86,498.65,205.21,Website,Consumer,Debit Card,Delivered
ORD104136,01-Feb-24,CUST1536,Central,Raipur,Beauty,Shampoo,3,527.57,15,1345.31,787.56,557.75,Website,Student,Cash on Delivery,Delivered
ORD104137,18-Mar-25,CUST1537,North,Jaipur,Beauty,Lipstick,1,517.44,5,0,0,0,Website,Corporate,UPI,Cancelled
ORD104138,10-Jun-24,CUST1538,North,Jaipur,Electronics,Power Bank,1,1079.73,20,0,0,0,Marketplace,Student,Cash on Delivery,Cancelled
ORD104139,10-Sep-24,CUST1539,Central,Nagpur,Beauty,Sunscreen,3,616.93,20,222.09,156.44,65.66,Website,Consumer,Net Banking,Returned
ORD104140,04-Jun-25,CUST1540,East,Guwahati,Beauty,Sunscreen,2,637.08,0,191.12,128.2,62.92,Mobile App,Consumer,Credit Card,Returned
ORD104141,12-Oct-25,CUST1541,West,Ahmedabad,Clothing,Jeans,3,1441.11,10,3891,2854.1,1036.9,Website,Consumer,UPI,Delivered
ORD104142,24-Apr-25,CUST1542,East,Patna,Electronics,Power Bank,1,984.12,0,984.12,802.32,181.79,Website,Student,Debit Card,Delivered
ORD104143,10-Jan-24,CUST1543,North,Jaipur,Home & Kitchen,Coffee Maker,1,1897.05,5,1802.2,1166.88,635.32,Marketplace,Consumer,Credit Card,Delivered
ORD104144,26-Dec-25,CUST1544,West,Mumbai,Sports,Gym Bag,2,1110,15,1887.01,1352.06,534.94,Marketplace,Consumer,Debit Card,Delivered
ORD104145,19-May-25,CUST1545,West,Surat,Home & Kitchen,Cookware Set,1,2372.46,25,1779.34,1393.92,385.42,Mobile App,Consumer,UPI,Delivered
ORD104146,13-Jul-25,CUST1546,South,Hyderabad,Electronics,Smart Watch,1,2546.17,20,305.54,175.71,129.83,Website,Consumer,Credit Card,Returned
ORD104147,11-Mar-25,CUST1547,South,Hyderabad,Beauty,Face Serum,1,779.29,0,0,0,0,Mobile App,Consumer,Credit Card,Cancelled
ORD104148,20-Apr-24,CUST1548,Central,Raipur,Clothing,Sneakers,3,2534.28,20,6082.26,3738.43,2343.83,Mobile App,Consumer,Credit Card,Delivered
ORD104149,01-Jun-24,CUST1549,North,Delhi,Home & Kitchen,Cookware Set,2,2605.45,15,4429.27,3082.22,1347.05,Marketplace,Consumer,Debit Card,Delivered
ORD104150,26-Sep-25,CUST1550,Central,Indore,Beauty,Shampoo,1,429.91,20,343.92,281.23,62.7,Website,Consumer,Credit Card,Delivered
ORD104151,11-Apr-24,CUST1551,South,Chennai,Home & Kitchen,Coffee Maker,1,2022.5,20,1618,1319.79,298.21,Marketplace,Consumer,UPI,Delivered
ORD104152,09-Jul-24,CUST1552,East,Patna,Beauty,Face Serum,4,716.02,10,2577.67,1637.5,940.17,Mobile App,Student,UPI,Delivered
ORD104153,29-Dec-25,CUST1553,Central,Indore,Beauty,Lipstick,1,449.41,5,426.94,250,176.93,Website,Consumer,Debit Card,Delivered
ORD104154,16-Jul-25,CUST1554,West,Mumbai,Home & Kitchen,Cookware Set,2,2463.62,0,4927.25,3958.11,969.14,Website,Consumer,Debit Card,Delivered
ORD104155,21-Mar-24,CUST1555,South,Hyderabad,Electronics,Keyboard,2,1363.68,0,2727.37,2158.04,569.33,Mobile App,Consumer,Credit Card,Delivered
ORD104156,03-May-25,CUST1556,West,Surat,Beauty,Lipstick,2,460.9,10,829.62,594.28,235.34,Marketplace,Corporate,UPI,Delivered
ORD104157,28-Mar-24,CUST1557,South,Coimbatore,Sports,Gym Bag,1,1286.05,5,1221.75,682.65,539.09,Website,Consumer,Credit Card,Delivered
ORD104158,12-Jul-24,CUST1558,South,Chennai,Electronics,Bluetooth Speaker,4,1635.35,10,5887.27,4432.21,1455.07,Website,Consumer,UPI,Delivered
ORD104159,13-Apr-24,CUST1559,Central,Indore,Home & Kitchen,Water Bottle,1,565.84,0,565.84,335.79,230.05,Mobile App,Consumer,Net Banking,Delivered
ORD104160,05-Apr-24,CUST1560,West,Surat,Clothing,Jeans,1,1549.92,25,0,0,0,Mobile App,Consumer,Credit Card,Cancelled
ORD104161,26-Feb-25,CUST1561,West,Mumbai,Beauty,Sunscreen,1,528.08,0,79.21,52.87,26.34,Mobile App,Consumer,Credit Card,Returned
ORD104162,16-Jul-24,CUST1562,South,Hyderabad,Beauty,Face Serum,1,839.66,10,755.69,541.14,214.56,Marketplace,Consumer,UPI,Delivered
ORD104163,01-Jan-24,CUST1563,North,Jaipur,Electronics,Wireless Headphones,1,1788.22,10,241.41,151.1,90.31,Mobile App,Corporate,Credit Card,Returned
ORD104164,10-Feb-25,CUST1564,North,Jaipur,Sports,Gym Bag,4,1241.69,0,4966.75,3368.8,1597.95,Mobile App,Consumer,UPI,Delivered
ORD104165,12-Jan-25,CUST1565,East,Bhubaneswar,Electronics,Keyboard,1,1252.12,15,159.65,120.33,39.31,Website,Consumer,Credit Card,Returned
ORD104166,15-Jun-24,CUST1566,West,Pune,Beauty,Shampoo,3,549.24,10,222.44,151.89,70.55,Mobile App,Corporate,Credit Card,Returned
ORD104167,23-May-25,CUST1567,East,Bhubaneswar,Clothing,Dress,1,1559.67,10,0,0,0,Website,Student,Credit Card,Cancelled
ORD104168,29-Sep-25,CUST1568,Central,Nagpur,Clothing,Dress,1,1372.49,15,174.99,129.94,45.06,Marketplace,Consumer,Cash on Delivery,Returned
ORD104169,08-Nov-24,CUST1569,North,Jaipur,Electronics,Keyboard,1,1272.74,5,1209.1,690.26,518.84,Website,Consumer,UPI,Delivered
ORD104170,15-Aug-25,CUST1570,South,Coimbatore,Electronics,Power Bank,2,1063.72,20,255.29,182.24,73.05,Website,Student,UPI,Returned
ORD104171,21-Feb-25,CUST1571,South,Hyderabad,Home & Kitchen,Cookware Set,2,2560.76,20,4097.21,2931.15,1166.06,Marketplace,Corporate,UPI,Delivered
ORD104172,11-Nov-25,CUST1572,East,Bhubaneswar,Home & Kitchen,Bedsheet,3,1109.79,15,424.5,277.13,147.37,Marketplace,Student,Cash on Delivery,Returned
ORD104173,21-Apr-25,CUST1573,North,Delhi,Electronics,Bluetooth Speaker,2,1615.45,5,3069.35,1955.59,1113.76,Website,Corporate,UPI,Delivered
ORD104174,13-Mar-24,CUST1574,Central,Indore,Electronics,Smart Watch,2,2479.43,0,743.83,421.74,322.09,Website,Consumer,Net Banking,Returned
ORD104175,20-May-24,CUST1575,South,Bengaluru,Electronics,Bluetooth Speaker,1,1357.74,10,1221.96,819.28,402.68,Marketplace,Consumer,Net Banking,Delivered
ORD104176,04-Aug-25,CUST1576,Central,Indore,Beauty,Sunscreen,4,509.76,5,0,0,0,Mobile App,Student,Net Banking,Cancelled
ORD104177,18-Sep-24,CUST1577,South,Hyderabad,Beauty,Lipstick,4,556.25,0,2225.01,1795.11,429.9,Marketplace,Corporate,Net Banking,Delivered
ORD104178,05-Dec-24,CUST1578,Central,Bhopal,Electronics,Bluetooth Speaker,1,1653.92,5,1571.22,1150.18,421.04,Mobile App,Consumer,UPI,Delivered
ORD104179,03-Nov-24,CUST1579,East,Kolkata,Home & Kitchen,Bedsheet,1,923.09,10,830.79,560.13,270.66,Website,Consumer,Debit Card,Delivered
ORD104180,01-Sep-24,CUST1580,Central,Indore,Electronics,Bluetooth Speaker,2,1532.46,0,459.74,346.52,113.21,Website,Consumer,UPI,Returned
ORD104181,29-May-25,CUST1581,North,Jaipur,Sports,Running Shoes,3,3139.64,20,1130.27,859.31,270.96,Mobile App,Student,Debit Card,Returned
ORD104182,02-Dec-24,CUST1582,West,Pune,Sports,Running Shoes,2,3017.18,15,5129.21,3486.45,1642.77,Marketplace,Consumer,Credit Card,Delivered
ORD104183,28-Jul-25,CUST1583,Central,Indore,Beauty,Face Serum,1,861,0,0,0,0,Mobile App,Consumer,UPI,Cancelled
ORD104184,14-Jul-25,CUST1584,North,Chandigarh,Sports,Running Shoes,3,2612.17,15,6661.03,5067.37,1593.66,Website,Student,Cash on Delivery,Delivered
ORD104185,16-Mar-24,CUST1585,North,Chandigarh,Beauty,Sunscreen,1,654.14,20,523.31,300.58,222.73,Mobile App,Consumer,Credit Card,Delivered
ORD104186,23-Jun-24,CUST1586,South,Chennai,Beauty,Moisturizer,1,668.14,5,95.21,74.15,21.06,Mobile App,Consumer,Debit Card,Returned
ORD104187,18-Apr-24,CUST1587,Central,Indore,Home & Kitchen,Bedsheet,1,978.81,0,978.81,626.65,352.15,Mobile App,Consumer,Credit Card,Delivered
ORD104188,01-Jul-24,CUST1588,East,Guwahati,Clothing,Jeans,1,1454.15,5,1381.44,997.85,383.59,Mobile App,Consumer,Debit Card,Delivered
ORD104189,10-Jul-24,CUST1589,East,Guwahati,Electronics,Bluetooth Speaker,4,1489.18,15,759.48,569.54,189.94,Website,Consumer,UPI,Returned
ORD104190,05-Mar-24,CUST1590,North,Delhi,Clothing,Hoodie,2,1819.7,0,3639.4,2036.25,1603.15,Website,Consumer,UPI,Delivered
ORD104191,18-Apr-25,CUST1591,North,Delhi,Home & Kitchen,Cookware Set,3,2603.44,15,995.82,651.11,344.71,Mobile App,Consumer,Cash on Delivery,Returned
ORD104192,09-Apr-24,CUST1592,West,Ahmedabad,Electronics,Bluetooth Speaker,2,1486.61,15,2527.24,1802.22,725.02,Website,Consumer,UPI,Delivered
ORD104193,27-Jun-25,CUST1593,North,Chandigarh,Clothing,Jeans,3,1551.3,15,3955.81,3081.57,874.24,Website,Corporate,UPI,Delivered
ORD104194,07-May-24,CUST1594,West,Mumbai,Clothing,Hoodie,2,1693.47,10,3048.25,2267.28,780.97,Website,Corporate,UPI,Delivered
ORD104195,27-Mar-25,CUST1595,Central,Raipur,Electronics,Wireless Headphones,1,2204.7,5,2094.47,1658.73,435.74,Marketplace,Consumer,Net Banking,Delivered
ORD104196,03-Jan-25,CUST1596,South,Hyderabad,Home & Kitchen,Mixer Grinder,3,2861.63,0,0,0,0,Website,Consumer,UPI,Cancelled
ORD104197,12-Feb-24,CUST1597,West,Pune,Sports,Cricket Bat,1,1993.59,5,1893.91,1078.38,815.54,Website,Student,UPI,Delivered
ORD104198,22-Feb-25,CUST1598,North,Jaipur,Beauty,Sunscreen,1,523.28,10,470.96,349.76,121.2,Mobile App,Consumer,UPI,Delivered
ORD104199,02-May-25,CUST1599,West,Pune,Home & Kitchen,Cookware Set,1,2422.9,20,0,0,0,Website,Corporate,UPI,Cancelled
ORD104200,18-Mar-24,CUST1600,North,Jaipur,Home & Kitchen,Mixer Grinder,1,3033.59,15,0,0,0,Mobile App,Consumer,Credit Card,Cancelled
ORD104201,26-Sep-24,CUST1601,West,Surat,Home & Kitchen,Coffee Maker,1,2425.42,0,363.81,259.46,104.35,Mobile App,Consumer,Net Banking,Returned
ORD104202,04-Nov-25,CUST1602,South,Bengaluru,Electronics,Bluetooth Speaker,3,1279.44,0,575.75,469.93,105.82,Marketplace,Consumer,Credit Card,Returned
ORD104203,01-Dec-25,CUST1603,East,Patna,Sports,Running Shoes,1,2865.92,15,2436.03,1383.99,1052.04,Website,Consumer,UPI,Delivered
ORD104204,28-Dec-25,CUST1604,East,Patna,Electronics,Keyboard,1,1378.44,20,1102.75,638.93,463.81,Mobile App,Consumer,Cash on Delivery,Delivered
ORD104205,10-Nov-24,CUST1605,North,Chandigarh,Electronics,Smart Watch,2,2251.31,0,675.39,522.7,152.7,Mobile App,Consumer,UPI,Returned
ORD104206,16-Jun-24,CUST1606,West,Ahmedabad,Beauty,Shampoo,1,534.03,15,453.93,252.18,201.75,Website,Student,UPI,Delivered
ORD104207,04-Dec-24,CUST1607,South,Hyderabad,Electronics,Keyboard,3,1405.68,5,4006.19,2690.65,1315.54,Website,Corporate,Debit Card,Delivered
ORD104208,11-Jul-24,CUST1608,West,Mumbai,Clothing,Sneakers,3,2601.86,5,1112.3,844.25,268.05,Mobile App,Corporate,UPI,Returned
ORD104209,28-Mar-25,CUST1609,North,Lucknow,Electronics,Smart Watch,1,2265.22,10,2038.69,1228.77,809.93,Mobile App,Corporate,UPI,Delivered
ORD104210,09-Oct-24,CUST1610,West,Surat,Electronics,Power Bank,2,922.53,15,1568.3,941.75,626.55,Website,Consumer,Credit Card,Delivered
ORD104211,01-Dec-24,CUST1611,North,Delhi,Electronics,Smart Watch,1,2236.79,5,2124.95,1346.72,778.22,Website,Corporate,UPI,Delivered
ORD104212,24-Jan-25,CUST1612,South,Coimbatore,Electronics,Wireless Headphones,2,1798.49,15,3057.44,1805.43,1252.01,Website,Corporate,UPI,Delivered
ORD104213,08-Jun-25,CUST1613,South,Chennai,Home & Kitchen,Mixer Grinder,2,2836.65,10,5105.98,3743.75,1362.23,Mobile App,Consumer,UPI,Delivered
ORD104214,27-Aug-24,CUST1614,West,Mumbai,Beauty,Shampoo,1,539.66,10,0,0,0,Mobile App,Consumer,UPI,Cancelled
ORD104215,27-Apr-25,CUST1615,South,Bengaluru,Clothing,T-Shirt,1,693.89,10,624.5,381.73,242.78,Mobile App,Consumer,Net Banking,Delivered
ORD104216,20-Oct-25,CUST1616,Central,Indore,Sports,Gym Bag,2,1125.26,0,0,0,0,Mobile App,Consumer,Debit Card,Cancelled
ORD104217,16-Dec-25,CUST1617,Central,Indore,Electronics,Keyboard,1,1205.71,0,1205.71,978.05,227.66,Mobile App,Consumer,UPI,Delivered
ORD104218,14-Aug-25,CUST1618,South,Bengaluru,Clothing,Jeans,1,1494.6,10,1345.14,1071.74,273.4,Website,Consumer,UPI,Delivered
ORD104219,08-Jul-25,CUST1619,West,Mumbai,Electronics,Power Bank,5,937.27,10,4217.7,3304.21,913.49,Website,Corporate,Credit Card,Delivered
ORD104220,02-Apr-25,CUST1620,North,Chandigarh,Home & Kitchen,Water Bottle,1,648.84,0,97.33,67.48,29.85,Website,Consumer,Debit Card,Returned
ORD104221,29-Mar-24,CUST1621,South,Bengaluru,Clothing,Jeans,2,1359.53,10,2447.16,1542.67,904.49,Mobile App,Corporate,UPI,Delivered
ORD104222,21-Oct-25,CUST1622,West,Mumbai,Home & Kitchen,Cookware Set,1,2719.47,15,2311.55,1711.83,599.71,Mobile App,Consumer,Cash on Delivery,Delivered
ORD104223,04-Apr-24,CUST1623,West,Surat,Beauty,Face Serum,3,822.41,10,2220.52,1454.85,765.67,Mobile App,Consumer,Net Banking,Delivered
ORD104224,27-Mar-25,CUST1624,West,Ahmedabad,Home & Kitchen,Coffee Maker,1,2437.13,10,329.01,250.06,78.95,Mobile App,Consumer,Credit Card,Returned
ORD104225,03-Mar-25,CUST1625,South,Bengaluru,Home & Kitchen,Cookware Set,1,2134.34,15,1814.19,1005.74,808.46,Marketplace,Consumer,Credit Card,Delivered
ORD104226,30-May-24,CUST1626,South,Coimbatore,Sports,Dumbbells,2,1384.66,0,2769.33,1919.08,850.25,Mobile App,Consumer,Debit Card,Delivered
ORD104227,28-May-25,CUST1627,North,Jaipur,Clothing,Hoodie,3,1772.45,10,0,0,0,Marketplace,Consumer,Debit Card,Cancelled
ORD104228,10-Jan-25,CUST1628,West,Pune,Clothing,Dress,3,1753.05,0,788.87,486.93,301.95,Website,Consumer,UPI,Returned
ORD104229,22-Jan-24,CUST1629,East,Guwahati,Beauty,Moisturizer,1,732.07,10,658.87,480.11,178.75,Website,Student,Credit Card,Delivered
ORD104230,08-Nov-24,CUST1630,West,Ahmedabad,Home & Kitchen,Bedsheet,3,1016.96,10,2745.79,1998.28,747.51,Website,Consumer,Credit Card,Delivered
ORD104231,02-Jun-25,CUST1631,South,Coimbatore,Electronics,Keyboard,2,1115.23,0,0,0,0,Marketplace,Consumer,Net Banking,Cancelled
ORD104232,24-Jul-24,CUST1632,South,Coimbatore,Clothing,Jeans,5,1417.49,0,7087.45,5711.63,1375.83,Marketplace,Consumer,UPI,Delivered
ORD104233,09-Jan-25,CUST1633,South,Bengaluru,Clothing,Jeans,4,1414.13,0,5656.51,3663.72,1992.79,Website,Consumer,Net Banking,Delivered
ORD104234,26-Mar-25,CUST1634,North,Chandigarh,Clothing,Sneakers,2,2489.91,10,0,0,0,Mobile App,Corporate,Credit Card,Cancelled
ORD104235,17-Sep-25,CUST1635,South,Coimbatore,Electronics,Power Bank,2,918.69,5,1745.52,1235.14,510.38,Mobile App,Student,UPI,Delivered
ORD104236,17-Aug-25,CUST1636,West,Mumbai,Sports,Cricket Bat,2,1843.34,5,3502.35,2543.4,958.95,Website,Corporate,Cash on Delivery,Delivered
ORD104237,27-Jun-24,CUST1637,Central,Raipur,Beauty,Moisturizer,2,711.33,15,1209.25,978.7,230.56,Website,Student,UPI,Delivered
ORD104238,28-Jul-24,CUST1638,East,Bhubaneswar,Home & Kitchen,Bedsheet,1,1103.93,5,1048.73,809.61,239.12,Website,Consumer,UPI,Delivered
ORD104239,14-May-25,CUST1639,East,Kolkata,Beauty,Shampoo,1,513.1,5,487.44,286.52,200.92,Mobile App,Consumer,Debit Card,Delivered
ORD104240,08-Apr-25,CUST1640,North,Jaipur,Sports,Gym Bag,1,1235.44,20,0,0,0,Website,Student,Cash on Delivery,Cancelled
ORD104241,03-May-24,CUST1641,Central,Raipur,Electronics,Bluetooth Speaker,4,1673.3,15,5689.22,3603.09,2086.13,Website,Consumer,UPI,Delivered
ORD104242,22-Apr-24,CUST1642,North,Lucknow,Clothing,Jeans,1,1336.27,5,1269.45,865.65,403.81,Mobile App,Corporate,Net Banking,Delivered
ORD104243,12-Jan-24,CUST1643,Central,Nagpur,Home & Kitchen,Water Bottle,1,514.62,10,0,0,0,Marketplace,Consumer,UPI,Cancelled
ORD104244,05-May-24,CUST1644,East,Guwahati,Beauty,Shampoo,1,524.59,15,0,0,0,Website,Consumer,Credit Card,Cancelled
ORD104245,18-Jul-25,CUST1645,South,Coimbatore,Electronics,Power Bank,2,967.5,20,0,0,0,Website,Consumer,UPI,Cancelled
ORD104246,26-Nov-24,CUST1646,Central,Raipur,Sports,Dumbbells,4,1544.29,10,5559.43,3871.25,1688.18,Mobile App,Student,UPI,Delivered
ORD104247,09-Oct-24,CUST1647,North,Delhi,Clothing,T-Shirt,2,636.67,10,0,0,0,Mobile App,Student,Cash on Delivery,Cancelled
ORD104248,19-May-24,CUST1648,East,Bhubaneswar,Clothing,Dress,1,1577.98,20,1262.38,869.42,392.96,Mobile App,Student,Cash on Delivery,Delivered
ORD104249,04-Feb-25,CUST1649,East,Guwahati,Clothing,Hoodie,4,1743.93,0,1046.36,770.14,276.21,Mobile App,Consumer,Credit Card,Returned
ORD104250,06-Apr-24,CUST1650,South,Bengaluru,Electronics,Bluetooth Speaker,1,1413.96,10,1272.57,866.63,405.94,Mobile App,Consumer,Net Banking,Delivered
ORD104251,31-May-25,CUST1651,South,Hyderabad,Beauty,Sunscreen,5,580.76,10,2613.4,1811.12,802.27,Website,Consumer,Credit Card,Delivered
ORD104252,22-Jul-25,CUST1652,West,Pune,Sports,Cricket Bat,1,1906.32,20,1525.05,1226.16,298.9,Mobile App,Consumer,Debit Card,Delivered
ORD104253,09-Mar-24,CUST1653,West,Surat,Clothing,Sneakers,2,2758.33,25,620.62,406.55,214.07,Marketplace,Consumer,UPI,Returned
ORD104254,27-Apr-24,CUST1654,North,Lucknow,Sports,Running Shoes,1,3342.89,0,0,0,0,Website,Consumer,UPI,Cancelled
ORD104255,28-Feb-24,CUST1655,Central,Bhopal,Beauty,Sunscreen,4,644.99,5,2450.95,1569.5,881.45,Website,Consumer,Credit Card,Delivered
ORD104256,02-Feb-24,CUST1656,North,Chandigarh,Home & Kitchen,Mixer Grinder,1,3686.34,5,525.3,335.98,189.32,Website,Corporate,Debit Card,Returned
ORD104257,13-Nov-24,CUST1657,South,Hyderabad,Home & Kitchen,Water Bottle,1,552.12,0,552.12,441.81,110.31,Marketplace,Corporate,UPI,Delivered
ORD104258,19-Feb-24,CUST1658,South,Chennai,Clothing,Sneakers,3,2692.9,10,7270.82,5370.53,1900.29,Website,Student,Net Banking,Delivered
ORD104259,03-May-25,CUST1659,North,Chandigarh,Home & Kitchen,Coffee Maker,1,2110.58,10,1899.52,1521.17,378.35,Mobile App,Consumer,Debit Card,Delivered
ORD104260,19-Jan-24,CUST1660,North,Lucknow,Electronics,Smart Watch,3,2627.59,10,0,0,0,Website,Consumer,Credit Card,Cancelled
ORD104261,26-Dec-25,CUST1661,Central,Bhopal,Beauty,Lipstick,2,451.28,15,115.08,63.3,51.78,Website,Consumer,UPI,Returned
ORD104262,15-Jul-24,CUST1662,South,Bengaluru,Electronics,Smart Watch,2,2672,0,5344,4357.77,986.23,Marketplace,Consumer,Credit Card,Delivered
ORD104263,25-Mar-25,CUST1663,North,Lucknow,Beauty,Face Serum,1,697.16,10,94.12,54.33,39.79,Mobile App,Corporate,Debit Card,Returned
ORD104264,12-Jul-25,CUST1664,North,Lucknow,Beauty,Lipstick,4,460.6,20,1473.93,838.68,635.25,Mobile App,Corporate,Debit Card,Delivered
ORD104265,09-Nov-25,CUST1665,West,Pune,Electronics,Wireless Headphones,3,2142.78,10,5785.51,4381.42,1404.09,Website,Student,Credit Card,Delivered
ORD104266,27-Mar-25,CUST1666,Central,Bhopal,Clothing,Hoodie,1,1892.07,0,1892.07,1219.53,672.54,Website,Consumer,Credit Card,Delivered
ORD104267,15-Oct-24,CUST1667,South,Coimbatore,Home & Kitchen,Cookware Set,1,2462.36,0,2462.36,1964.49,497.87,Website,Consumer,Cash on Delivery,Delivered
ORD104268,20-May-24,CUST1668,North,Jaipur,Home & Kitchen,Coffee Maker,1,2268.61,5,2155.18,1502.19,652.98,Mobile App,Consumer,UPI,Delivered
ORD104269,24-Mar-24,CUST1669,South,Hyderabad,Clothing,Dress,1,1439.27,15,1223.38,800.4,422.98,Mobile App,Corporate,Credit Card,Delivered
ORD104270,24-Nov-25,CUST1670,North,Delhi,Home & Kitchen,Mixer Grinder,2,3398.95,5,6458,3679.95,2778.05,Website,Corporate,Credit Card,Delivered
ORD104271,25-Jan-25,CUST1671,North,Chandigarh,Clothing,Sneakers,3,2129.53,15,5430.31,3667.91,1762.4,Website,Consumer,Cash on Delivery,Delivered
ORD104272,13-Aug-25,CUST1672,South,Coimbatore,Electronics,Power Bank,3,1073.89,15,2738.43,1711.61,1026.82,Mobile App,Consumer,Credit Card,Delivered
ORD104273,02-Aug-24,CUST1673,South,Hyderabad,Electronics,Smart Watch,3,2472.5,10,1001.36,571.46,429.9,Marketplace,Consumer,Cash on Delivery,Returned
ORD104274,09-Jun-25,CUST1674,East,Patna,Electronics,Power Bank,1,1103.74,5,1048.56,766.5,282.06,Website,Corporate,Net Banking,Delivered
ORD104275,02-Aug-24,CUST1675,South,Coimbatore,Beauty,Sunscreen,1,586.48,10,527.84,429.59,98.24,Mobile App,Consumer,UPI,Delivered
ORD104276,06-Feb-25,CUST1676,Central,Nagpur,Sports,Dumbbells,2,1546.13,15,2628.42,1714.53,913.88,Mobile App,Consumer,Credit Card,Delivered
ORD104277,07-May-24,CUST1677,Central,Bhopal,Clothing,Jeans,3,1456.3,0,4368.9,2753.55,1615.35,Website,Corporate,Cash on Delivery,Delivered
ORD104278,21-Apr-25,CUST1678,East,Guwahati,Home & Kitchen,Mixer Grinder,2,3124.57,25,4686.86,2691.61,1995.25,Marketplace,Consumer,Cash on Delivery,Delivered
ORD104279,07-Feb-25,CUST1679,South,Coimbatore,Electronics,Power Bank,1,894.11,10,804.7,491.07,313.63,Marketplace,Corporate,UPI,Delivered
ORD104280,29-Jan-24,CUST1680,South,Chennai,Home & Kitchen,Cookware Set,2,2692.31,5,5115.4,3207.06,1908.34,Mobile App,Corporate,Credit Card,Delivered
ORD104281,03-Dec-24,CUST1681,South,Bengaluru,Electronics,Power Bank,1,954.1,10,858.69,552.07,306.61,Mobile App,Consumer,UPI,Delivered
ORD104282,14-Dec-25,CUST1682,West,Surat,Home & Kitchen,Coffee Maker,1,2183.3,5,2074.13,1495.8,578.33,Marketplace,Consumer,Cash on Delivery,Delivered
ORD104283,26-Dec-24,CUST1683,East,Guwahati,Sports,Gym Bag,2,1025.59,10,1846.06,1072.59,773.47,Mobile App,Student,UPI,Delivered
ORD104284,22-Jul-25,CUST1684,Central,Indore,Electronics,Smart Watch,1,2164.81,10,0,0,0,Mobile App,Consumer,UPI,Cancelled
ORD104285,26-Jan-25,CUST1685,Central,Raipur,Beauty,Face Serum,4,807.98,0,0,0,0,Marketplace,Consumer,Credit Card,Cancelled
ORD104286,05-Aug-24,CUST1686,South,Hyderabad,Electronics,Smart Watch,1,2717.39,0,2717.39,2080.93,636.46,Mobile App,Corporate,UPI,Delivered
ORD104287,27-Jul-25,CUST1687,East,Patna,Clothing,Sneakers,2,2457.06,5,0,0,0,Website,Consumer,Net Banking,Cancelled
ORD104288,30-Oct-25,CUST1688,North,Lucknow,Electronics,Bluetooth Speaker,3,1340.92,10,0,0,0,Website,Consumer,UPI,Cancelled
ORD104289,20-Jul-24,CUST1689,South,Bengaluru,Clothing,T-Shirt,1,616.07,5,87.79,62.33,25.46,Mobile App,Corporate,UPI,Returned
ORD104290,17-Jan-24,CUST1690,South,Chennai,Electronics,Bluetooth Speaker,3,1638.32,15,4177.72,3135.85,1041.87,Mobile App,Student,UPI,Delivered
ORD104291,17-Nov-24,CUST1691,South,Chennai,Clothing,T-Shirt,2,726.57,5,207.07,161.93,45.14,Marketplace,Consumer,Net Banking,Returned
ORD104292,01-Jun-25,CUST1692,Central,Raipur,Clothing,T-Shirt,4,776.5,0,3106,2008.32,1097.68,Website,Corporate,Credit Card,Delivered
ORD104293,23-Jul-25,CUST1693,North,Delhi,Clothing,Sneakers,1,2179.71,0,2179.71,1587.76,591.96,Mobile App,Consumer,UPI,Delivered
ORD104294,20-Nov-24,CUST1694,East,Bhubaneswar,Home & Kitchen,Coffee Maker,1,2405.06,0,360.76,276.54,84.22,Website,Consumer,UPI,Returned
ORD104295,15-Feb-25,CUST1695,West,Ahmedabad,Sports,Cricket Bat,1,2155.56,0,323.33,238.88,84.45,Marketplace,Consumer,Credit Card,Returned
ORD104296,13-Nov-24,CUST1696,West,Mumbai,Clothing,Sneakers,3,2726.81,20,0,0,0,Mobile App,Consumer,Net Banking,Cancelled
ORD104297,11-Nov-25,CUST1697,South,Hyderabad,Electronics,Power Bank,1,850.7,15,723.1,494.29,228.81,Mobile App,Corporate,Net Banking,Delivered
ORD104298,22-Mar-24,CUST1698,Central,Nagpur,Clothing,Hoodie,1,1889.51,25,1417.14,1086.54,330.6,Mobile App,Consumer,Net Banking,Delivered
ORD104299,18-Apr-25,CUST1699,East,Kolkata,Sports,Yoga Mat,1,897.39,0,134.61,107.1,27.51,Website,Consumer,UPI,Returned
ORD104300,12-Apr-25,CUST1700,South,Bengaluru,Home & Kitchen,Water Bottle,1,601.85,15,511.57,358.31,153.27,Marketplace,Student,Cash on Delivery,Delivered
ORD104301,28-Feb-25,CUST1701,North,Delhi,Clothing,Jeans,2,1464.05,15,2488.89,1380.51,1108.38,Website,Consumer,Credit Card,Delivered
ORD104302,31-Dec-25,CUST1702,East,Guwahati,Electronics,Power Bank,1,1049.47,10,944.53,728.1,216.43,Website,Corporate,Credit Card,Delivered
ORD104303,19-Nov-25,CUST1703,Central,Bhopal,Clothing,T-Shirt,1,782.85,5,743.71,578.92,164.78,Mobile App,Consumer,Credit Card,Delivered
ORD104304,22-Jul-24,CUST1704,West,Mumbai,Clothing,Jeans,1,1561.73,5,1483.64,976.18,507.46,Website,Student,UPI,Delivered
ORD104305,05-Aug-25,CUST1705,Central,Bhopal,Sports,Gym Bag,2,1238.66,15,315.86,193.26,122.6,Mobile App,Consumer,UPI,Returned
ORD104306,21-Jan-25,CUST1706,East,Patna,Sports,Gym Bag,3,1231.01,15,3139.08,2555.52,583.55,Website,Consumer,Cash on Delivery,Delivered
ORD104307,07-Apr-24,CUST1707,North,Delhi,Electronics,Power Bank,2,1036.67,15,264.35,184.76,79.59,Website,Consumer,Cash on Delivery,Returned
ORD104308,10-Dec-24,CUST1708,North,Delhi,Home & Kitchen,Water Bottle,1,564.48,0,564.48,389.13,175.35,Mobile App,Corporate,UPI,Delivered
ORD104309,26-Jul-24,CUST1709,South,Chennai,Electronics,Keyboard,1,1216.46,5,1155.64,930.8,224.84,Mobile App,Student,UPI,Delivered
ORD104310,28-May-25,CUST1710,West,Ahmedabad,Clothing,Jeans,1,1591.6,25,1193.7,788.06,405.63,Website,Consumer,Cash on Delivery,Delivered
ORD104311,27-Sep-25,CUST1711,West,Surat,Sports,Running Shoes,2,2592.14,10,4665.85,3634.68,1031.17,Website,Consumer,UPI,Delivered
ORD104312,08-Aug-25,CUST1712,South,Hyderabad,Home & Kitchen,Cookware Set,2,2636.44,15,4481.94,3312.94,1169,Mobile App,Consumer,Cash on Delivery,Delivered
ORD104313,14-Jun-24,CUST1713,East,Guwahati,Clothing,T-Shirt,4,747.75,5,2841.44,2305.21,536.23,Website,Consumer,Cash on Delivery,Delivered
ORD104314,22-Jan-24,CUST1714,South,Chennai,Electronics,Power Bank,4,989.84,15,3365.46,2240.51,1124.95,Marketplace,Consumer,Cash on Delivery,Delivered
ORD104315,02-Jun-24,CUST1715,South,Bengaluru,Beauty,Shampoo,1,546.77,0,546.77,434.72,112.06,Mobile App,Student,Cash on Delivery,Delivered
ORD104316,14-Mar-25,CUST1716,South,Hyderabad,Home & Kitchen,Water Bottle,1,585.66,0,585.66,412.07,173.59,Website,Consumer,Cash on Delivery,Delivered
ORD104317,21-Oct-24,CUST1717,North,Chandigarh,Clothing,T-Shirt,1,627.76,10,0,0,0,Mobile App,Consumer,Cash on Delivery,Cancelled
ORD104318,06-Aug-24,CUST1718,South,Hyderabad,Electronics,Smart Watch,1,2368,10,2131.2,1348.04,783.15,Mobile App,Consumer,Cash on Delivery,Delivered
ORD104319,30-Oct-25,CUST1719,North,Jaipur,Clothing,Hoodie,2,1969.16,5,3741.4,2616.09,1125.31,Mobile App,Consumer,Credit Card,Delivered
ORD104320,09-May-25,CUST1720,South,Bengaluru,Sports,Dumbbells,3,1788.18,15,4559.85,3212.82,1347.03,Marketplace,Consumer,UPI,Delivered
ORD104321,17-Aug-24,CUST1721,North,Jaipur,Home & Kitchen,Water Bottle,1,577.38,10,519.64,411.85,107.79,Marketplace,Student,Credit Card,Delivered
ORD104322,20-Jan-24,CUST1722,West,Mumbai,Clothing,Jeans,3,1341.68,20,3220.03,2383.13,836.9,Mobile App,Consumer,Net Banking,Delivered
ORD104323,06-Jul-25,CUST1723,South,Hyderabad,Home & Kitchen,Mixer Grinder,2,3059.19,0,6118.38,4730.42,1387.97,Mobile App,Consumer,Net Banking,Delivered
ORD104324,27-May-24,CUST1724,Central,Bhopal,Beauty,Sunscreen,5,598.63,0,2993.17,2267.82,725.35,Website,Consumer,Debit Card,Delivered
ORD104325,17-Apr-24,CUST1725,South,Bengaluru,Clothing,Dress,2,1606.14,20,2569.83,1605.36,964.47,Website,Corporate,Debit Card,Delivered
ORD104326,06-Feb-25,CUST1726,South,Chennai,Electronics,Bluetooth Speaker,2,1529.15,15,2599.56,1574.2,1025.36,Mobile App,Corporate,Net Banking,Delivered
ORD104327,18-Aug-25,CUST1727,South,Chennai,Home & Kitchen,Water Bottle,1,644.25,15,547.61,339.41,208.21,Website,Student,UPI,Delivered
ORD104328,27-Apr-25,CUST1728,North,Chandigarh,Home & Kitchen,Cookware Set,3,2604.03,0,7812.08,4605.82,3206.26,Website,Consumer,UPI,Delivered
ORD104329,01-Jan-25,CUST1729,Central,Nagpur,Beauty,Shampoo,1,459.29,20,0,0,0,Marketplace,Consumer,UPI,Cancelled
ORD104330,17-Feb-25,CUST1730,North,Delhi,Sports,Gym Bag,2,1147.04,15,1949.96,1416.75,533.21,Mobile App,Consumer,Net Banking,Delivered
ORD104331,04-Nov-24,CUST1731,Central,Indore,Clothing,T-Shirt,1,752.65,15,639.75,444.62,195.13,Mobile App,Consumer,UPI,Delivered
ORD104332,13-May-24,CUST1732,Central,Raipur,Electronics,Wireless Headphones,1,2041.01,20,1632.8,1197.48,435.33,Website,Consumer,UPI,Delivered
ORD104333,19-Dec-25,CUST1733,East,Bhubaneswar,Sports,Yoga Mat,1,804.54,10,724.09,467.87,256.22,Mobile App,Consumer,UPI,Delivered
ORD104334,09-Oct-24,CUST1734,East,Guwahati,Clothing,Sneakers,1,2343.8,5,2226.61,1348.05,878.56,Website,Consumer,Credit Card,Delivered
ORD104335,13-Mar-24,CUST1735,West,Mumbai,Home & Kitchen,Coffee Maker,1,2338.84,10,2104.96,1272.96,832,Website,Consumer,Debit Card,Delivered
ORD104336,25-Apr-25,CUST1736,South,Hyderabad,Home & Kitchen,Mixer Grinder,5,2957.44,15,1885.37,1342.82,542.55,Website,Consumer,UPI,Returned
ORD104337,17-Dec-24,CUST1737,West,Mumbai,Home & Kitchen,Cookware Set,1,2590.42,15,330.28,196.3,133.97,Website,Consumer,UPI,Returned
ORD104338,13-Jul-25,CUST1738,North,Jaipur,Electronics,Wireless Headphones,3,2003.31,10,811.34,533.24,278.1,Mobile App,Corporate,Debit Card,Returned
ORD104339,21-Nov-24,CUST1739,North,Delhi,Beauty,Moisturizer,1,621.98,5,590.88,358.94,231.94,Website,Consumer,Credit Card,Delivered
ORD104340,18-Mar-25,CUST1740,East,Guwahati,Beauty,Face Serum,1,827.76,15,703.6,512.88,190.71,Website,Student,Credit Card,Delivered
ORD104341,09-Apr-24,CUST1741,East,Guwahati,Home & Kitchen,Coffee Maker,1,1953.67,10,1758.3,1259.23,499.07,Website,Consumer,Net Banking,Delivered
ORD104342,28-Feb-24,CUST1742,Central,Raipur,Home & Kitchen,Water Bottle,1,573.59,5,544.91,355.77,189.14,Mobile App,Consumer,Credit Card,Delivered
ORD104343,22-May-25,CUST1743,North,Jaipur,Electronics,Wireless Headphones,1,1865.69,10,1679.12,981.87,697.25,Mobile App,Corporate,Debit Card,Delivered
ORD104344,14-Sep-24,CUST1744,Central,Nagpur,Electronics,Keyboard,1,1346.16,25,0,0,0,Mobile App,Consumer,UPI,Cancelled
ORD104345,16-Feb-25,CUST1745,South,Coimbatore,Clothing,T-Shirt,1,741.81,5,0,0,0,Mobile App,Student,Credit Card,Cancelled
ORD104346,27-Mar-25,CUST1746,South,Chennai,Clothing,Jeans,4,1342.27,0,5369.09,4362.18,1006.91,Mobile App,Consumer,UPI,Delivered
ORD104347,05-Mar-24,CUST1747,South,Chennai,Sports,Gym Bag,1,1282.02,0,1282.02,798.84,483.18,Mobile App,Consumer,UPI,Delivered
ORD104348,17-Aug-25,CUST1748,South,Coimbatore,Beauty,Moisturizer,3,595.51,5,0,0,0,Website,Consumer,Credit Card,Cancelled
ORD104349,02-Jun-24,CUST1749,North,Jaipur,Home & Kitchen,Mixer Grinder,5,3276.29,5,15562.37,9486.58,6075.79,Marketplace,Consumer,UPI,Delivered
ORD104350,22-Sep-24,CUST1750,East,Kolkata,Home & Kitchen,Mixer Grinder,2,3264.47,20,5223.15,3871.39,1351.76,Marketplace,Corporate,Cash on Delivery,Delivered
ORD104351,19-Mar-24,CUST1751,West,Mumbai,Electronics,Power Bank,4,1017.41,0,4069.65,3243.37,826.28,Website,Consumer,UPI,Delivered
ORD104352,10-Nov-24,CUST1752,East,Kolkata,Sports,Running Shoes,1,2743.24,20,2194.59,1251.57,943.03,Marketplace,Consumer,Cash on Delivery,Delivered
ORD104353,23-Oct-25,CUST1753,East,Patna,Clothing,Hoodie,3,1533.94,0,4601.81,3461.98,1139.83,Marketplace,Consumer,Debit Card,Delivered
ORD104354,13-Jul-25,CUST1754,Central,Nagpur,Electronics,Wireless Headphones,1,1944.6,20,233.35,159.51,73.85,Marketplace,Corporate,UPI,Returned
ORD104355,04-Sep-24,CUST1755,West,Pune,Home & Kitchen,Cookware Set,1,2172.33,5,2063.71,1594.84,468.87,Website,Consumer,Credit Card,Delivered
ORD104356,01-Sep-25,CUST1756,East,Bhubaneswar,Sports,Dumbbells,2,1744.34,10,3139.81,2084.22,1055.58,Marketplace,Consumer,UPI,Delivered
ORD104357,17-Feb-25,CUST1757,South,Bengaluru,Sports,Yoga Mat,4,806.3,0,3225.22,1778.41,1446.8,Mobile App,Consumer,Cash on Delivery,Delivered
ORD104358,25-Jan-24,CUST1758,Central,Raipur,Electronics,Keyboard,4,1253.29,5,4762.51,3497.37,1265.14,Website,Consumer,Net Banking,Delivered
ORD104359,10-Oct-24,CUST1759,East,Patna,Sports,Cricket Bat,1,1933.39,0,290.01,222.77,67.24,Mobile App,Consumer,Debit Card,Returned
ORD104360,24-Mar-25,CUST1760,South,Coimbatore,Clothing,Dress,1,1597.84,10,0,0,0,Website,Student,Net Banking,Cancelled
ORD104361,27-Oct-24,CUST1761,South,Bengaluru,Electronics,Smart Watch,3,2652.15,5,7558.62,5318.58,2240.04,Website,Student,UPI,Delivered
ORD104362,08-Mar-24,CUST1762,West,Surat,Beauty,Shampoo,2,487.76,20,780.42,454.95,325.47,Marketplace,Student,Credit Card,Delivered
ORD104363,07-Jan-24,CUST1763,North,Jaipur,Sports,Cricket Bat,1,1713.05,5,1627.4,1057.57,569.82,Marketplace,Consumer,Credit Card,Delivered
ORD104364,16-May-24,CUST1764,Central,Bhopal,Home & Kitchen,Mixer Grinder,1,3491,5,3316.45,2526.3,790.15,Marketplace,Consumer,UPI,Delivered
ORD104365,12-Jun-24,CUST1765,North,Jaipur,Home & Kitchen,Mixer Grinder,3,2877.34,0,8632.03,5899.92,2732.11,Marketplace,Consumer,Debit Card,Delivered
ORD104366,23-Mar-24,CUST1766,West,Ahmedabad,Beauty,Shampoo,2,510.59,10,0,0,0,Mobile App,Consumer,Credit Card,Cancelled
ORD104367,11-Oct-25,CUST1767,South,Bengaluru,Beauty,Lipstick,1,532.4,0,532.4,293.49,238.9,Mobile App,Student,Credit Card,Delivered
ORD104368,23-Feb-25,CUST1768,East,Guwahati,Sports,Gym Bag,2,1110.67,5,316.54,180.34,136.2,Marketplace,Consumer,Debit Card,Returned
ORD104369,13-Mar-24,CUST1769,Central,Nagpur,Home & Kitchen,Cookware Set,2,2427.18,15,4126.2,3028.28,1097.92,Website,Consumer,UPI,Delivered
ORD104370,24-Aug-24,CUST1770,South,Hyderabad,Sports,Cricket Bat,4,1706.89,0,6827.55,4290.12,2537.43,Marketplace,Corporate,Cash on Delivery,Delivered
ORD104371,15-Feb-24,CUST1771,East,Bhubaneswar,Sports,Gym Bag,2,1279.39,15,326.24,213.63,112.62,Mobile App,Consumer,UPI,Returned
ORD104372,09-Sep-25,CUST1772,North,Lucknow,Electronics,Power Bank,1,1038.84,0,0,0,0,Marketplace,Consumer,UPI,Cancelled
ORD104373,18-Sep-24,CUST1773,North,Jaipur,Beauty,Lipstick,3,455.32,10,0,0,0,Mobile App,Consumer,UPI,Cancelled
ORD104374,24-Jun-24,CUST1774,South,Chennai,Home & Kitchen,Bedsheet,1,954.41,25,715.8,554.63,161.18,Website,Consumer,UPI,Delivered
ORD104375,14-Jun-24,CUST1775,West,Mumbai,Clothing,Sneakers,4,2593.3,0,10373.2,6109.79,4263.42,Marketplace,Consumer,UPI,Delivered
ORD104376,18-Oct-25,CUST1776,North,Chandigarh,Home & Kitchen,Water Bottle,2,567.08,5,0,0,0,Mobile App,Consumer,UPI,Cancelled
ORD104377,04-Jan-25,CUST1777,North,Lucknow,Electronics,Power Bank,4,892.96,20,2857.47,1797.47,1060,Website,Consumer,Net Banking,Delivered
ORD104378,23-Feb-24,CUST1778,South,Coimbatore,Home & Kitchen,Mixer Grinder,1,3266,10,2939.4,1822.99,1116.41,Website,Consumer,Credit Card,Delivered
ORD104379,20-Nov-25,CUST1779,West,Pune,Sports,Yoga Mat,2,939.78,10,1691.61,1305.48,386.12,Mobile App,Consumer,Credit Card,Delivered
ORD104380,22-Feb-25,CUST1780,West,Ahmedabad,Electronics,Smart Watch,3,2340.61,10,6319.65,4418.03,1901.62,Website,Corporate,UPI,Delivered
ORD104381,21-May-25,CUST1781,North,Jaipur,Clothing,Dress,2,1411.72,5,402.34,243.61,158.73,Marketplace,Consumer,UPI,Returned
ORD104382,06-Dec-24,CUST1782,North,Lucknow,Sports,Running Shoes,1,3220.86,20,2576.69,1418.95,1157.74,Website,Consumer,UPI,Delivered
ORD104383,06-May-24,CUST1783,Central,Nagpur,Clothing,Dress,1,1468.29,15,1248.05,1014.31,233.74,Mobile App,Consumer,Debit Card,Delivered
ORD104384,12-Feb-25,CUST1784,South,Chennai,Clothing,Sneakers,2,2470.16,10,4446.29,2963.34,1482.95,Website,Consumer,Credit Card,Delivered
ORD104385,01-Jan-25,CUST1785,Central,Nagpur,Clothing,Dress,1,1657.62,20,198.91,130.75,68.17,Website,Consumer,UPI,Returned
ORD104386,27-Sep-24,CUST1786,Central,Indore,Home & Kitchen,Mixer Grinder,2,3086.58,10,833.38,469.68,363.7,Website,Consumer,Debit Card,Returned
ORD104387,05-Oct-25,CUST1787,West,Ahmedabad,Home & Kitchen,Cookware Set,1,2561.8,10,2305.62,1824.88,480.75,Mobile App,Student,UPI,Delivered
ORD104388,27-Aug-25,CUST1788,North,Delhi,Beauty,Face Serum,3,778.32,25,262.68,154.45,108.24,Mobile App,Consumer,Credit Card,Returned
ORD104389,13-Jan-25,CUST1789,Central,Bhopal,Clothing,Sneakers,1,2509.04,5,2383.59,1526.86,856.73,Mobile App,Corporate,Net Banking,Delivered
ORD104390,13-Mar-24,CUST1790,West,Surat,Beauty,Lipstick,1,503.72,0,503.72,334.32,169.4,Marketplace,Student,UPI,Delivered
ORD104391,04-Sep-24,CUST1791,East,Bhubaneswar,Home & Kitchen,Water Bottle,1,642.44,0,642.44,493.86,148.58,Mobile App,Consumer,Cash on Delivery,Delivered
ORD104392,12-Feb-24,CUST1792,South,Bengaluru,Clothing,T-Shirt,2,718.02,25,1077.03,696.9,380.13,Mobile App,Consumer,Debit Card,Delivered
ORD104393,11-Jan-25,CUST1793,South,Coimbatore,Home & Kitchen,Bedsheet,2,920.44,15,1564.75,1085.15,479.6,Website,Corporate,Credit Card,Delivered
ORD104394,10-Feb-24,CUST1794,North,Jaipur,Beauty,Lipstick,2,432.18,5,821.14,546.68,274.46,Website,Consumer,Net Banking,Delivered
ORD104395,18-Jun-24,CUST1795,East,Patna,Home & Kitchen,Bedsheet,3,849.69,5,2421.6,1535.78,885.83,Website,Student,UPI,Delivered
ORD104396,30-Jul-24,CUST1796,East,Kolkata,Electronics,Power Bank,1,1093.1,0,1093.1,880.49,212.61,Website,Corporate,UPI,Delivered
ORD104397,07-May-25,CUST1797,South,Coimbatore,Electronics,Bluetooth Speaker,5,1655.45,0,8277.25,6333.39,1943.86,Website,Corporate,UPI,Delivered
ORD104398,10-Nov-25,CUST1798,East,Guwahati,Clothing,T-Shirt,4,611.91,20,1958.12,1169.14,788.97,Website,Consumer,UPI,Delivered
ORD104399,08-Feb-24,CUST1799,South,Coimbatore,Clothing,Jeans,1,1471.28,15,1250.58,875.12,375.46,Marketplace,Consumer,UPI,Delivered
ORD104400,03-Jan-25,CUST1800,West,Mumbai,Home & Kitchen,Coffee Maker,3,1959.16,20,705.3,539.6,165.69,Mobile App,Corporate,Credit Card,Returned
ORD104401,30-May-24,CUST1801,Central,Raipur,Electronics,Wireless Headphones,2,2211.22,10,3980.19,2812.18,1168.01,Marketplace,Consumer,UPI,Delivered
ORD104402,20-Apr-24,CUST1802,North,Chandigarh,Beauty,Sunscreen,2,549.07,10,148.25,101.3,46.95,Marketplace,Consumer,UPI,Returned
ORD104403,24-Apr-25,CUST1803,South,Hyderabad,Clothing,T-Shirt,2,688.83,10,0,0,0,Marketplace,Corporate,UPI,Cancelled
ORD104404,11-Mar-25,CUST1804,North,Chandigarh,Clothing,Dress,3,1430.65,20,0,0,0,Website,Consumer,UPI,Cancelled
ORD104405,16-Feb-24,CUST1805,West,Ahmedabad,Home & Kitchen,Bedsheet,4,938.91,25,2816.72,1735.7,1081.01,Mobile App,Corporate,Cash on Delivery,Delivered
ORD104406,28-Jul-25,CUST1806,West,Ahmedabad,Electronics,Smart Watch,2,2304.17,20,553,380.81,172.2,Website,Consumer,Debit Card,Returned
ORD104407,31-Dec-24,CUST1807,Central,Nagpur,Sports,Gym Bag,1,1173.06,10,1055.75,862.1,193.66,Marketplace,Corporate,Debit Card,Delivered
ORD104408,09-Mar-24,CUST1808,South,Hyderabad,Electronics,Smart Watch,2,2407.39,0,722.22,553.66,168.56,Website,Consumer,UPI,Returned
ORD104409,25-Oct-24,CUST1809,Central,Bhopal,Clothing,Sneakers,1,2347.35,10,316.89,183.71,133.19,Website,Corporate,Debit Card,Returned
ORD104410,22-Oct-24,CUST1810,North,Jaipur,Beauty,Face Serum,2,701.99,0,1403.98,1044.09,359.9,Website,Corporate,UPI,Delivered
ORD104411,21-Jul-24,CUST1811,West,Surat,Home & Kitchen,Mixer Grinder,3,3235.7,0,9707.09,7463.08,2244.01,Website,Student,UPI,Delivered
ORD104412,01-Mar-24,CUST1812,North,Delhi,Clothing,Dress,1,1726.21,5,245.98,162.81,83.18,Mobile App,Consumer,Credit Card,Returned
ORD104413,09-Nov-24,CUST1813,Central,Indore,Clothing,Sneakers,1,2616.85,5,372.9,238.34,134.57,Mobile App,Corporate,Debit Card,Returned
ORD104414,09-Jun-24,CUST1814,East,Guwahati,Beauty,Shampoo,2,521.23,10,140.73,99.62,41.12,Mobile App,Student,UPI,Returned
ORD104415,26-Nov-24,CUST1815,West,Pune,Sports,Cricket Bat,1,1896.74,5,1801.9,1243.62,558.28,Mobile App,Consumer,Debit Card,Delivered
ORD104416,11-Jun-25,CUST1816,Central,Nagpur,Sports,Cricket Bat,1,2081.51,10,1873.35,1164.49,708.86,Mobile App,Consumer,Net Banking,Delivered
ORD104417,03-Dec-24,CUST1817,North,Lucknow,Clothing,Hoodie,2,1755.27,0,3510.55,2307.45,1203.09,Website,Corporate,Credit Card,Delivered
ORD104418,28-Aug-25,CUST1818,North,Lucknow,Sports,Dumbbells,4,1424.03,10,5126.5,3573.16,1553.34,Mobile App,Consumer,Credit Card,Delivered
ORD104419,30-Oct-24,CUST1819,Central,Bhopal,Electronics,Power Bank,2,962.18,15,245.36,173.36,71.99,Website,Consumer,UPI,Returned
ORD104420,17-May-25,CUST1820,South,Bengaluru,Electronics,Smart Watch,2,2213.71,0,664.11,460.61,203.5,Mobile App,Consumer,UPI,Returned
ORD104421,11-Oct-25,CUST1821,North,Delhi,Beauty,Sunscreen,2,527.67,15,0,0,0,Marketplace,Consumer,Credit Card,Cancelled
ORD104422,03-Dec-24,CUST1822,East,Patna,Electronics,Power Bank,1,855.37,10,769.83,430.01,339.83,Mobile App,Corporate,Net Banking,Delivered
ORD104423,03-Jul-25,CUST1823,East,Patna,Electronics,Smart Watch,3,2315,10,937.58,599.96,337.62,Website,Student,UPI,Returned
ORD104424,30-Sep-25,CUST1824,North,Lucknow,Electronics,Bluetooth Speaker,2,1408.06,10,2534.52,1907.11,627.41,Marketplace,Corporate,UPI,Delivered
ORD104425,01-Oct-24,CUST1825,South,Chennai,Clothing,Hoodie,4,1868.89,10,6728.01,4884.41,1843.6,Website,Consumer,Net Banking,Delivered
ORD104426,12-Jun-24,CUST1826,North,Jaipur,Beauty,Sunscreen,5,596.16,0,0,0,0,Mobile App,Consumer,Credit Card,Cancelled
ORD104427,18-Mar-25,CUST1827,South,Chennai,Home & Kitchen,Bedsheet,1,1080.7,15,0,0,0,Mobile App,Consumer,Debit Card,Cancelled
ORD104428,14-Nov-24,CUST1828,Central,Raipur,Electronics,Wireless Headphones,5,1794.4,10,8074.78,5832.42,2242.36,Mobile App,Consumer,Cash on Delivery,Delivered
ORD104429,11-Aug-25,CUST1829,Central,Raipur,Home & Kitchen,Bedsheet,4,920.89,0,552.53,409.06,143.47,Website,Student,UPI,Returned
ORD104430,18-May-25,CUST1830,West,Mumbai,Sports,Cricket Bat,2,2207.08,15,0,0,0,Marketplace,Student,Credit Card,Cancelled
ORD104431,16-Nov-25,CUST1831,North,Delhi,Beauty,Lipstick,1,483.98,15,0,0,0,Website,Consumer,UPI,Cancelled
ORD104432,21-Jan-25,CUST1832,Central,Indore,Clothing,Jeans,2,1593.5,5,0,0,0,Website,Corporate,Credit Card,Cancelled
ORD104433,25-Aug-25,CUST1833,East,Kolkata,Sports,Running Shoes,1,2947.67,15,375.83,249.78,126.05,Mobile App,Consumer,Net Banking,Returned
ORD104434,21-Nov-25,CUST1834,North,Lucknow,Beauty,Shampoo,2,487.62,10,877.71,486.06,391.65,Website,Corporate,UPI,Delivered
ORD104435,08-May-25,CUST1835,Central,Indore,Electronics,Bluetooth Speaker,1,1334.1,5,0,0,0,Website,Consumer,UPI,Cancelled
ORD104436,04-May-25,CUST1836,West,Mumbai,Electronics,Keyboard,2,1402.69,15,2384.58,1925.41,459.17,Website,Corporate,Net Banking,Delivered
ORD104437,21-Dec-25,CUST1837,West,Mumbai,Electronics,Keyboard,4,1131.63,10,4073.87,2306.84,1767.04,Website,Consumer,UPI,Delivered
ORD104438,13-Mar-24,CUST1838,West,Surat,Beauty,Moisturizer,1,652.71,0,652.71,470.93,181.78,Marketplace,Consumer,UPI,Delivered
ORD104439,23-May-25,CUST1839,South,Coimbatore,Electronics,Wireless Headphones,3,2062.64,20,4950.34,4006.85,943.48,Website,Consumer,UPI,Delivered
ORD104440,24-Jan-25,CUST1840,South,Hyderabad,Home & Kitchen,Cookware Set,1,2466.41,20,1973.13,1408.54,564.58,Website,Student,Debit Card,Delivered
ORD104441,10-Sep-25,CUST1841,West,Mumbai,Electronics,Smart Watch,2,2718.84,15,4622.03,3537.92,1084.11,Marketplace,Consumer,Debit Card,Delivered
ORD104442,21-Oct-24,CUST1842,South,Coimbatore,Sports,Dumbbells,2,1376.12,5,2614.62,1521.43,1093.19,Mobile App,Consumer,Debit Card,Delivered
ORD104443,03-Jan-25,CUST1843,South,Bengaluru,Clothing,Sneakers,1,2562.32,15,326.7,201.28,125.42,Website,Consumer,Debit Card,Returned
ORD104444,24-Nov-25,CUST1844,West,Mumbai,Sports,Dumbbells,2,1565.29,15,2660.99,1711.94,949.05,Mobile App,Consumer,Cash on Delivery,Delivered
ORD104445,02-Jul-25,CUST1845,West,Mumbai,Sports,Dumbbells,3,1425.77,25,0,0,0,Website,Corporate,Debit Card,Cancelled
ORD104446,10-Oct-25,CUST1846,East,Guwahati,Electronics,Power Bank,1,1049.63,25,787.22,599.14,188.08,Mobile App,Consumer,Credit Card,Delivered
ORD104447,21-Jul-25,CUST1847,West,Ahmedabad,Clothing,Sneakers,2,2401.67,5,4563.18,3600.93,962.24,Website,Consumer,Debit Card,Delivered
ORD104448,05-Jul-24,CUST1848,Central,Bhopal,Electronics,Keyboard,2,1290.59,5,2452.12,1671.15,780.98,Website,Consumer,Credit Card,Delivered
ORD104449,20-Mar-25,CUST1849,West,Surat,Sports,Yoga Mat,1,998.93,5,142.35,105.84,36.51,Website,Consumer,UPI,Returned
ORD104450,23-Jul-25,CUST1850,South,Hyderabad,Home & Kitchen,Water Bottle,4,587.79,10,2116.04,1581.79,534.25,Website,Corporate,Cash on Delivery,Delivered
ORD104451,28-Dec-24,CUST1851,South,Chennai,Electronics,Wireless Headphones,2,2143.55,15,3644.03,2563.98,1080.06,Website,Student,Debit Card,Delivered
ORD104452,02-May-24,CUST1852,South,Coimbatore,Electronics,Power Bank,1,1056.73,15,898.22,706.94,191.27,Website,Consumer,UPI,Delivered
ORD104453,06-Jul-24,CUST1853,North,Delhi,Clothing,T-Shirt,1,719.23,15,91.7,54.35,37.35,Mobile App,Consumer,UPI,Returned
ORD104454,10-Nov-25,CUST1854,South,Bengaluru,Sports,Running Shoes,1,3275.33,5,0,0,0,Mobile App,Consumer,UPI,Cancelled
ORD104455,23-Feb-25,CUST1855,South,Chennai,Beauty,Lipstick,2,458.05,5,870.29,550.11,320.18,Mobile App,Consumer,Credit Card,Delivered
ORD104456,17-Sep-25,CUST1856,East,Bhubaneswar,Sports,Gym Bag,2,1284.86,0,2569.72,1474.59,1095.13,Marketplace,Consumer,UPI,Delivered
ORD104457,08-Sep-24,CUST1857,Central,Raipur,Clothing,Dress,2,1522.25,10,2740.05,1551.65,1188.4,Mobile App,Consumer,Cash on Delivery,Delivered
ORD104458,10-Sep-25,CUST1858,North,Lucknow,Electronics,Bluetooth Speaker,3,1602.99,15,613.14,406.61,206.53,Website,Corporate,UPI,Returned
ORD104459,02-Jul-25,CUST1859,West,Ahmedabad,Sports,Dumbbells,1,1572.33,20,188.68,113.99,74.69,Website,Consumer,Credit Card,Returned
ORD104460,30-Nov-24,CUST1860,West,Ahmedabad,Electronics,Power Bank,2,1080.5,10,1944.9,1484.62,460.28,Website,Consumer,UPI,Delivered
ORD104461,01-Apr-24,CUST1861,North,Lucknow,Sports,Cricket Bat,5,2182.12,20,8728.5,6167.05,2561.45,Website,Consumer,Credit Card,Delivered
ORD104462,13-Jun-25,CUST1862,Central,Indore,Clothing,Hoodie,4,1819.44,5,6913.89,4475.77,2438.11,Marketplace,Consumer,Credit Card,Delivered
ORD104463,03-Mar-24,CUST1863,East,Bhubaneswar,Electronics,Keyboard,1,1282.19,10,173.1,108.59,64.5,Mobile App,Student,Debit Card,Returned
ORD104464,23-Oct-25,CUST1864,South,Coimbatore,Beauty,Shampoo,2,529.68,5,0,0,0,Website,Consumer,Debit Card,Cancelled
ORD104465,26-May-25,CUST1865,West,Pune,Sports,Yoga Mat,1,828.96,5,787.51,525.41,262.1,Mobile App,Consumer,Cash on Delivery,Delivered
ORD104466,18-May-24,CUST1866,South,Hyderabad,Sports,Gym Bag,1,1024.12,25,115.21,65.1,50.11,Mobile App,Consumer,Credit Card,Returned
ORD104467,28-Nov-25,CUST1867,West,Mumbai,Electronics,Bluetooth Speaker,3,1438.91,15,0,0,0,Mobile App,Consumer,Cash on Delivery,Cancelled
ORD104468,03-Jul-24,CUST1868,North,Jaipur,Electronics,Power Bank,1,986.11,0,986.11,675.42,310.69,Website,Consumer,Debit Card,Delivered
ORD104469,23-Jul-24,CUST1869,Central,Bhopal,Home & Kitchen,Bedsheet,1,929.33,5,132.43,82.74,49.69,Website,Student,Debit Card,Returned
ORD104470,01-Aug-24,CUST1870,East,Patna,Home & Kitchen,Coffee Maker,2,2096.76,5,0,0,0,Website,Consumer,Credit Card,Cancelled
ORD104471,12-Sep-24,CUST1871,West,Surat,Beauty,Shampoo,4,442.08,0,1768.31,1188.75,579.56,Marketplace,Student,Debit Card,Delivered
ORD104472,14-May-24,CUST1872,South,Hyderabad,Electronics,Keyboard,4,1201.4,15,4084.77,3159.37,925.41,Website,Corporate,Credit Card,Delivered
ORD104473,26-Jul-25,CUST1873,West,Mumbai,Sports,Dumbbells,2,1462.81,10,2633.05,1748.94,884.12,Mobile App,Consumer,UPI,Delivered
ORD104474,28-Mar-24,CUST1874,West,Mumbai,Home & Kitchen,Cookware Set,1,2327.23,10,2094.51,1626.78,467.73,Mobile App,Student,Credit Card,Delivered
ORD104475,25-Jul-24,CUST1875,East,Kolkata,Beauty,Face Serum,1,743.66,5,706.48,469.61,236.87,Mobile App,Consumer,UPI,Delivered
ORD104476,08-May-24,CUST1876,West,Surat,Home & Kitchen,Coffee Maker,3,2201.03,5,6272.92,4855.72,1417.2,Website,Consumer,Credit Card,Delivered
ORD104477,03-Jan-24,CUST1877,East,Bhubaneswar,Clothing,Dress,4,1467.34,5,836.38,670.37,166.01,Mobile App,Student,UPI,Returned
ORD104478,30-Apr-24,CUST1878,Central,Raipur,Sports,Cricket Bat,3,2207.02,15,5627.89,3126.6,2501.29,Mobile App,Corporate,Net Banking,Delivered
ORD104479,19-Jan-25,CUST1879,East,Bhubaneswar,Home & Kitchen,Coffee Maker,2,2172.71,25,0,0,0,Website,Consumer,UPI,Cancelled
ORD104480,05-Sep-25,CUST1880,Central,Nagpur,Sports,Dumbbells,1,1414.83,5,201.61,118.18,83.43,Website,Consumer,UPI,Returned
ORD104481,07-Feb-24,CUST1881,West,Pune,Sports,Running Shoes,1,2775.56,5,2636.78,1537.17,1099.61,Marketplace,Consumer,Cash on Delivery,Delivered
ORD104482,06-Dec-24,CUST1882,South,Chennai,Home & Kitchen,Mixer Grinder,1,3454.17,5,3281.46,2207.47,1073.99,Website,Consumer,Credit Card,Delivered
ORD104483,06-Oct-25,CUST1883,South,Coimbatore,Home & Kitchen,Coffee Maker,3,1877.26,0,5631.78,4259.25,1372.53,Mobile App,Student,UPI,Delivered
ORD104484,14-Dec-25,CUST1884,South,Coimbatore,Electronics,Smart Watch,1,2756.92,5,2619.08,2120.3,498.78,Mobile App,Corporate,Cash on Delivery,Delivered
ORD104485,21-Jan-24,CUST1885,Central,Raipur,Electronics,Bluetooth Speaker,2,1454.33,20,2326.92,1542.29,784.64,Website,Student,Debit Card,Delivered
ORD104486,29-Aug-24,CUST1886,South,Chennai,Electronics,Bluetooth Speaker,1,1485.05,15,0,0,0,Mobile App,Student,Credit Card,Cancelled
ORD104487,30-Mar-25,CUST1887,East,Patna,Electronics,Keyboard,2,1450.82,0,2901.63,2093.78,807.85,Website,Consumer,UPI,Delivered
ORD104488,12-Sep-25,CUST1888,West,Pune,Clothing,Hoodie,3,1773.67,5,5054.95,3316.86,1738.1,Website,Consumer,UPI,Delivered
ORD104489,29-Oct-24,CUST1889,South,Bengaluru,Clothing,Jeans,2,1657.73,5,3149.69,2345.58,804.1,Mobile App,Consumer,Credit Card,Delivered
ORD104490,18-Aug-25,CUST1890,West,Mumbai,Clothing,T-Shirt,3,766.88,0,2300.64,1633.06,667.59,Marketplace,Consumer,Credit Card,Delivered
ORD104491,17-Aug-25,CUST1891,South,Coimbatore,Clothing,Hoodie,2,1986.38,10,3575.48,2700.14,875.33,Mobile App,Consumer,UPI,Delivered
ORD104492,09-Mar-24,CUST1892,North,Chandigarh,Electronics,Keyboard,1,1389.07,10,1250.17,752.96,497.21,Marketplace,Consumer,UPI,Delivered
ORD104493,08-May-24,CUST1893,West,Ahmedabad,Electronics,Keyboard,1,1208.11,10,1087.3,703.78,383.52,Website,Consumer,Cash on Delivery,Delivered
ORD104494,14-Jul-24,CUST1894,North,Chandigarh,Home & Kitchen,Coffee Maker,4,2074.81,20,6639.38,4854.92,1784.47,Mobile App,Corporate,Debit Card,Delivered
ORD104495,19-May-24,CUST1895,South,Bengaluru,Home & Kitchen,Bedsheet,1,947.6,10,852.84,497.8,355.04,Website,Consumer,Net Banking,Delivered
ORD104496,19-Mar-25,CUST1896,Central,Bhopal,Clothing,Hoodie,1,2004.77,5,1904.53,1443.65,460.88,Website,Consumer,Credit Card,Delivered
ORD104497,09-Oct-24,CUST1897,South,Coimbatore,Home & Kitchen,Water Bottle,1,567.49,5,539.12,315.94,223.18,Mobile App,Corporate,Net Banking,Delivered
ORD104498,07-Nov-24,CUST1898,Central,Nagpur,Beauty,Shampoo,1,438.79,0,65.82,41.97,23.85,Website,Consumer,Credit Card,Returned
ORD104499,18-Jun-25,CUST1899,Central,Raipur,Clothing,Jeans,1,1589.16,10,1430.25,878.36,551.89,Website,Corporate,Credit Card,Delivered
ORD104500,26-Oct-25,CUST1900,South,Bengaluru,Home & Kitchen,Mixer Grinder,2,3130.21,10,0,0,0,Marketplace,Consumer,UPI,Cancelled
ORD104501,03-Oct-24,CUST1901,North,Lucknow,Sports,Running Shoes,5,3051.94,20,12207.76,7606.38,4601.38,Marketplace,Corporate,UPI,Delivered
ORD104502,01-Mar-24,CUST1902,West,Ahmedabad,Beauty,Shampoo,2,548.69,20,877.9,698.91,179,Website,Consumer,Net Banking,Delivered
ORD104503,14-Nov-24,CUST1903,East,Patna,Clothing,Jeans,1,1507.07,15,1281.01,713.87,567.14,Mobile App,Consumer,Net Banking,Delivered
ORD104504,21-Feb-24,CUST1904,North,Lucknow,Home & Kitchen,Cookware Set,2,2554.43,10,4597.97,2549.77,2048.19,Website,Consumer,Credit Card,Delivered
ORD104505,01-Jun-24,CUST1905,West,Ahmedabad,Electronics,Power Bank,3,1022.55,15,2607.5,1929.95,677.55,Marketplace,Consumer,UPI,Delivered
ORD104506,06-Nov-24,CUST1906,North,Chandigarh,Home & Kitchen,Bedsheet,3,1014.33,15,2586.55,1678.81,907.74,Mobile App,Consumer,Net Banking,Delivered
ORD104507,27-Jun-25,CUST1907,Central,Nagpur,Sports,Dumbbells,1,1428.13,0,1428.13,874.06,554.07,Mobile App,Corporate,Debit Card,Delivered
ORD104508,20-Jul-25,CUST1908,North,Lucknow,Home & Kitchen,Mixer Grinder,1,3210.69,5,0,0,0,Mobile App,Consumer,UPI,Cancelled
ORD104509,23-Jan-25,CUST1909,North,Lucknow,Sports,Running Shoes,3,2555.36,0,0,0,0,Website,Consumer,UPI,Cancelled
ORD104510,01-Jul-25,CUST1910,North,Jaipur,Clothing,T-Shirt,3,712.34,10,1923.33,1261.41,661.92,Website,Student,UPI,Delivered
ORD104511,13-Sep-25,CUST1911,Central,Bhopal,Sports,Dumbbells,2,1607.55,15,409.93,304.63,105.29,Mobile App,Corporate,Credit Card,Returned
ORD104512,25-Jun-24,CUST1912,West,Mumbai,Home & Kitchen,Bedsheet,1,934.96,5,888.21,516.55,371.66,Marketplace,Student,Credit Card,Delivered
ORD104513,27-Dec-24,CUST1913,West,Mumbai,Electronics,Keyboard,2,1287.9,15,2189.42,1771.48,417.95,Marketplace,Consumer,UPI,Delivered
ORD104514,09-Nov-24,CUST1914,South,Hyderabad,Home & Kitchen,Mixer Grinder,1,3243.33,10,2919,1638.97,1280.03,Marketplace,Consumer,UPI,Delivered
ORD104515,06-Apr-24,CUST1915,South,Hyderabad,Clothing,Hoodie,1,1651.03,20,0,0,0,Website,Consumer,Net Banking,Cancelled
ORD104516,31-Jul-24,CUST1916,South,Hyderabad,Electronics,Power Bank,1,928.26,10,835.43,622.93,212.5,Marketplace,Consumer,Credit Card,Delivered
ORD104517,16-May-24,CUST1917,East,Patna,Beauty,Lipstick,1,526.89,25,395.17,247.44,147.73,Mobile App,Consumer,Cash on Delivery,Delivered
ORD104518,06-Jan-24,CUST1918,East,Kolkata,Clothing,Jeans,1,1580.02,5,1501.02,873.51,627.5,Website,Consumer,Cash on Delivery,Delivered
ORD104519,18-Apr-24,CUST1919,West,Ahmedabad,Beauty,Lipstick,1,487.44,20,389.95,304.22,85.74,Marketplace,Consumer,Net Banking,Delivered
ORD104520,30-Jun-25,CUST1920,South,Coimbatore,Clothing,Jeans,1,1564.55,5,0,0,0,Mobile App,Consumer,UPI,Cancelled
ORD104521,08-Feb-24,CUST1921,Central,Bhopal,Electronics,Power Bank,1,970.74,10,131.05,82.37,48.68,Mobile App,Consumer,UPI,Returned
ORD104522,23-Oct-25,CUST1922,North,Jaipur,Sports,Running Shoes,1,3238.53,0,3238.53,1796,1442.54,Mobile App,Consumer,Credit Card,Delivered
ORD104523,28-Feb-25,CUST1923,Central,Indore,Clothing,T-Shirt,1,656.96,15,0,0,0,Marketplace,Consumer,Credit Card,Cancelled
ORD104524,21-Sep-25,CUST1924,North,Lucknow,Home & Kitchen,Coffee Maker,1,2419.71,25,1814.78,1196.21,618.57,Marketplace,Consumer,Credit Card,Delivered
ORD104525,17-Sep-24,CUST1925,East,Kolkata,Home & Kitchen,Coffee Maker,1,2191.12,15,0,0,0,Website,Consumer,UPI,Cancelled
ORD104526,01-Mar-25,CUST1926,South,Coimbatore,Home & Kitchen,Water Bottle,1,595.79,10,536.21,426.93,109.28,Marketplace,Student,UPI,Delivered
ORD104527,27-Mar-24,CUST1927,East,Kolkata,Sports,Cricket Bat,1,2061.21,10,1855.09,1200.12,654.96,Marketplace,Consumer,Credit Card,Delivered
ORD104528,09-Apr-25,CUST1928,East,Bhubaneswar,Home & Kitchen,Coffee Maker,1,2071.53,5,0,0,0,Website,Corporate,UPI,Cancelled
ORD104529,16-Mar-24,CUST1929,South,Coimbatore,Clothing,T-Shirt,3,730.85,10,296,218.63,77.37,Website,Consumer,Net Banking,Returned
ORD104530,15-Apr-25,CUST1930,South,Bengaluru,Sports,Gym Bag,2,1122.88,5,0,0,0,Mobile App,Consumer,Net Banking,Cancelled
ORD104531,17-Feb-25,CUST1931,West,Mumbai,Electronics,Power Bank,3,956.38,15,0,0,0,Mobile App,Student,UPI,Cancelled
ORD104532,26-Dec-25,CUST1932,West,Ahmedabad,Home & Kitchen,Cookware Set,2,2579.39,20,4127.03,3271.26,855.77,Mobile App,Corporate,Debit Card,Delivered
ORD104533,01-Apr-25,CUST1933,Central,Nagpur,Sports,Dumbbells,4,1522.54,20,4872.12,3906.4,965.72,Website,Consumer,UPI,Delivered
ORD104534,11-Oct-24,CUST1934,South,Bengaluru,Home & Kitchen,Mixer Grinder,1,2982.27,10,402.61,249.62,152.99,Website,Consumer,Debit Card,Returned
ORD104535,26-Aug-24,CUST1935,West,Ahmedabad,Beauty,Lipstick,2,541.62,10,974.92,667.13,307.79,Marketplace,Consumer,Debit Card,Delivered
ORD104536,07-Nov-25,CUST1936,East,Patna,Home & Kitchen,Water Bottle,2,658.29,10,1184.92,926.17,258.76,Marketplace,Consumer,UPI,Delivered
ORD104537,21-Aug-25,CUST1937,South,Coimbatore,Beauty,Face Serum,4,814.35,15,2768.81,1887.17,881.63,Website,Consumer,Debit Card,Delivered
ORD104538,14-Oct-25,CUST1938,East,Kolkata,Sports,Cricket Bat,1,2136.95,0,0,0,0,Mobile App,Student,Cash on Delivery,Cancelled
ORD104539,02-Nov-25,CUST1939,South,Chennai,Clothing,Jeans,3,1673.48,15,4267.37,3059.71,1207.66,Marketplace,Student,UPI,Delivered
ORD104540,11-Jul-25,CUST1940,North,Lucknow,Electronics,Wireless Headphones,2,2030.96,5,3858.83,2921.94,936.89,Website,Corporate,UPI,Delivered
ORD104541,06-Jan-25,CUST1941,South,Chennai,Home & Kitchen,Water Bottle,2,656.13,10,0,0,0,Website,Consumer,Credit Card,Cancelled
ORD104542,09-May-25,CUST1942,North,Jaipur,Beauty,Face Serum,3,756.65,15,1929.46,1387.62,541.85,Mobile App,Consumer,Credit Card,Delivered
ORD104543,15-Sep-25,CUST1943,West,Ahmedabad,Electronics,Power Bank,5,1038.09,25,3892.83,2531.71,1361.12,Mobile App,Consumer,Cash on Delivery,Delivered
ORD104544,14-Feb-24,CUST1944,West,Surat,Electronics,Bluetooth Speaker,2,1296.74,15,0,0,0,Website,Corporate,Credit Card,Cancelled
ORD104545,04-Feb-25,CUST1945,Central,Raipur,Clothing,Hoodie,1,1912.38,0,0,0,0,Marketplace,Consumer,Credit Card,Cancelled
ORD104546,03-Sep-24,CUST1946,West,Pune,Sports,Running Shoes,1,3221.07,5,3060.01,2021.39,1038.63,Mobile App,Consumer,Debit Card,Delivered
ORD104547,07-Sep-25,CUST1947,North,Jaipur,Beauty,Sunscreen,1,574.03,5,545.33,327.66,217.67,Mobile App,Consumer,UPI,Delivered
ORD104548,19-Aug-25,CUST1948,Central,Raipur,Clothing,Sneakers,1,2555.27,25,287.47,199.83,87.64,Website,Corporate,UPI,Returned
ORD104549,25-Mar-25,CUST1949,Central,Nagpur,Electronics,Smart Watch,1,2703.31,5,0,0,0,Mobile App,Corporate,Credit Card,Cancelled
ORD104550,29-Apr-25,CUST1950,East,Bhubaneswar,Clothing,Hoodie,2,1958.34,20,3133.35,2151.37,981.98,Mobile App,Corporate,UPI,Delivered
ORD104551,07-Oct-25,CUST1951,East,Guwahati,Electronics,Power Bank,3,877.88,20,2106.92,1601,505.92,Mobile App,Student,Net Banking,Delivered
ORD104552,11-Sep-25,CUST1952,Central,Nagpur,Electronics,Power Bank,1,1072.35,15,911.5,608.13,303.37,Mobile App,Corporate,Debit Card,Delivered
ORD104553,18-Jan-24,CUST1953,East,Bhubaneswar,Sports,Cricket Bat,2,1847.17,0,3694.33,2250.06,1444.28,Mobile App,Consumer,Debit Card,Delivered
ORD104554,28-Aug-25,CUST1954,Central,Bhopal,Sports,Yoga Mat,1,940.69,0,0,0,0,Marketplace,Consumer,UPI,Cancelled
ORD104555,23-Oct-25,CUST1955,North,Delhi,Electronics,Smart Watch,3,2343.55,15,5976.05,4749.1,1226.95,Marketplace,Consumer,Credit Card,Delivered
ORD104556,15-Oct-24,CUST1956,South,Chennai,Electronics,Keyboard,1,1123.91,15,143.3,109.03,34.27,Marketplace,Consumer,UPI,Returned
ORD104557,17-Feb-25,CUST1957,East,Patna,Clothing,Hoodie,2,1631.09,25,2446.64,1369.81,1076.83,Website,Student,UPI,Delivered
ORD104558,21-Dec-25,CUST1958,East,Bhubaneswar,Clothing,Jeans,5,1439.55,5,6837.87,5501.31,1336.56,Website,Consumer,Credit Card,Delivered
ORD104559,29-Sep-25,CUST1959,West,Surat,Electronics,Bluetooth Speaker,1,1574.15,15,1338.03,776.58,561.45,Marketplace,Consumer,UPI,Delivered
ORD104560,22-Aug-24,CUST1960,Central,Indore,Clothing,Jeans,2,1314.91,10,2366.83,1719.02,647.82,Website,Corporate,Cash on Delivery,Delivered
ORD104561,19-Feb-25,CUST1961,South,Chennai,Electronics,Keyboard,3,1389.27,5,3959.42,2767.26,1192.16,Website,Consumer,Net Banking,Delivered
ORD104562,13-May-25,CUST1962,North,Delhi,Beauty,Shampoo,1,558.47,10,502.62,282.78,219.85,Mobile App,Consumer,UPI,Delivered
ORD104563,25-Sep-25,CUST1963,West,Ahmedabad,Beauty,Lipstick,5,530.35,10,0,0,0,Marketplace,Student,Debit Card,Cancelled
ORD104564,11-Oct-25,CUST1964,West,Surat,Home & Kitchen,Bedsheet,3,976.93,5,2784.25,2114.59,669.67,Marketplace,Consumer,UPI,Delivered
ORD104565,24-Apr-24,CUST1965,South,Bengaluru,Clothing,T-Shirt,1,701.38,5,666.31,421.68,244.63,Mobile App,Consumer,Credit Card,Delivered
ORD104566,04-Nov-25,CUST1966,East,Guwahati,Sports,Yoga Mat,1,765.65,10,103.36,70.25,33.11,Marketplace,Consumer,UPI,Returned
ORD104567,13-Dec-25,CUST1967,West,Pune,Sports,Dumbbells,2,1449.5,10,391.36,289,102.36,Mobile App,Consumer,Net Banking,Returned
ORD104568,21-Aug-24,CUST1968,West,Ahmedabad,Electronics,Bluetooth Speaker,3,1638,5,4668.29,2657.77,2010.52,Mobile App,Consumer,Cash on Delivery,Delivered
ORD104569,23-Jun-25,CUST1969,East,Patna,Electronics,Keyboard,1,1111.77,5,1056.18,818.33,237.85,Website,Consumer,Credit Card,Delivered
ORD104570,11-Jan-24,CUST1970,South,Bengaluru,Home & Kitchen,Cookware Set,2,2734.64,25,615.29,345.32,269.97,Website,Consumer,UPI,Returned
ORD104571,24-Jul-24,CUST1971,Central,Bhopal,Electronics,Bluetooth Speaker,1,1319.99,20,1055.99,655.61,400.38,Marketplace,Consumer,Debit Card,Delivered
ORD104572,09-Nov-25,CUST1972,West,Mumbai,Clothing,Jeans,3,1328.01,15,3386.42,2560.23,826.19,Website,Consumer,Credit Card,Delivered
ORD104573,03-Sep-24,CUST1973,South,Hyderabad,Home & Kitchen,Coffee Maker,2,1973.26,5,562.38,447.77,114.61,Mobile App,Consumer,Credit Card,Returned
ORD104574,12-Jul-25,CUST1974,South,Coimbatore,Home & Kitchen,Coffee Maker,2,2343.77,5,4453.16,3363.44,1089.72,Marketplace,Corporate,Debit Card,Delivered
ORD104575,06-May-24,CUST1975,West,Ahmedabad,Clothing,T-Shirt,2,684.4,15,1163.48,711.22,452.26,Website,Consumer,Credit Card,Delivered
ORD104576,26-May-24,CUST1976,South,Chennai,Home & Kitchen,Water Bottle,3,532.63,5,1518,1238.91,279.09,Website,Corporate,UPI,Delivered
ORD104577,27-Apr-24,CUST1977,North,Lucknow,Sports,Yoga Mat,1,930.86,10,837.77,554.27,283.5,Mobile App,Student,UPI,Delivered
ORD104578,16-Jan-25,CUST1978,East,Guwahati,Electronics,Smart Watch,3,2758.86,5,7862.75,5123.7,2739.05,Website,Consumer,Credit Card,Delivered
ORD104579,15-Feb-25,CUST1979,South,Hyderabad,Home & Kitchen,Bedsheet,1,1003.56,5,953.38,747.08,206.3,Mobile App,Student,UPI,Delivered
ORD104580,25-Oct-25,CUST1980,West,Pune,Electronics,Smart Watch,2,2190.75,20,3505.19,1990.52,1514.68,Website,Consumer,Cash on Delivery,Delivered
ORD104581,06-Aug-25,CUST1981,North,Chandigarh,Electronics,Bluetooth Speaker,2,1296.31,20,2074.09,1452.16,621.93,Mobile App,Consumer,UPI,Delivered
ORD104582,28-Dec-24,CUST1982,West,Ahmedabad,Home & Kitchen,Water Bottle,1,637.87,25,478.4,387.85,90.55,Website,Corporate,Credit Card,Delivered
ORD104583,23-May-25,CUST1983,South,Coimbatore,Electronics,Power Bank,3,1018.02,20,2443.26,1409.84,1033.41,Website,Consumer,UPI,Delivered
ORD104584,16-May-24,CUST1984,North,Jaipur,Electronics,Bluetooth Speaker,2,1647.58,15,2800.88,1949.5,851.39,Website,Consumer,Debit Card,Delivered
ORD104585,23-Jun-24,CUST1985,North,Delhi,Electronics,Wireless Headphones,4,1994.52,10,7180.26,4205.93,2974.33,Website,Consumer,UPI,Delivered
ORD104586,15-Oct-24,CUST1986,Central,Nagpur,Home & Kitchen,Coffee Maker,1,1906.2,0,0,0,0,Mobile App,Consumer,UPI,Cancelled
ORD104587,25-Apr-25,CUST1987,Central,Raipur,Beauty,Sunscreen,1,574.44,10,516.99,366.39,150.6,Website,Corporate,Credit Card,Delivered
ORD104588,19-Jan-24,CUST1988,South,Chennai,Electronics,Smart Watch,3,2568.12,5,7319.13,4489.14,2829.99,Mobile App,Consumer,Net Banking,Delivered
ORD104589,13-Jul-24,CUST1989,West,Ahmedabad,Home & Kitchen,Bedsheet,3,952.97,20,2287.12,1447.52,839.6,Website,Consumer,Credit Card,Delivered
ORD104590,25-Nov-24,CUST1990,West,Ahmedabad,Electronics,Keyboard,1,1454.74,10,1309.26,902.72,406.54,Mobile App,Corporate,UPI,Delivered
ORD104591,23-Jun-24,CUST1991,Central,Indore,Home & Kitchen,Bedsheet,4,958.49,15,3258.88,2430.61,828.26,Marketplace,Consumer,UPI,Delivered
ORD104592,24-Mar-25,CUST1992,South,Coimbatore,Clothing,T-Shirt,2,697.24,15,1185.31,807.94,377.37,Website,Consumer,Debit Card,Delivered
ORD104593,19-Dec-24,CUST1993,West,Ahmedabad,Home & Kitchen,Coffee Maker,5,2002.97,5,0,0,0,Mobile App,Consumer,UPI,Cancelled
ORD104594,13-May-25,CUST1994,North,Delhi,Sports,Dumbbells,2,1424.83,15,363.33,269.3,94.03,Mobile App,Consumer,Debit Card,Returned
ORD104595,20-May-24,CUST1995,South,Coimbatore,Sports,Running Shoes,1,3071.67,15,391.64,227.92,163.72,Mobile App,Consumer,UPI,Returned
ORD104596,02-Apr-24,CUST1996,Central,Indore,Electronics,Wireless Headphones,1,2016.84,15,1714.32,1317.52,396.8,Marketplace,Student,UPI,Delivered
ORD104597,26-Aug-24,CUST1997,East,Patna,Sports,Cricket Bat,5,1701.49,15,1084.7,712.44,372.26,Mobile App,Consumer,Credit Card,Returned
ORD104598,23-Jul-24,CUST1998,South,Bengaluru,Electronics,Power Bank,1,925.96,5,0,0,0,Website,Corporate,Cash on Delivery,Cancelled
ORD104599,13-Jul-25,CUST1999,North,Jaipur,Sports,Cricket Bat,4,2046.51,20,6548.83,4211.35,2337.48,Mobile App,Student,UPI,Delivered
ORD104600,08-Mar-25,CUST2000,West,Mumbai,Clothing,Jeans,3,1602.89,10,4327.81,3162.11,1165.7,Mobile App,Consumer,UPI,Delivered
ORD104601,01-Sep-24,CUST2001,West,Pune,Clothing,Hoodie,1,1680.88,20,1344.7,1062.42,282.28,Website,Consumer,UPI,Delivered
ORD104602,12-Nov-24,CUST2002,South,Bengaluru,Electronics,Smart Watch,2,2560.99,20,4097.59,3029.67,1067.92,Website,Student,Debit Card,Delivered
ORD104603,21-Oct-24,CUST2003,Central,Indore,Electronics,Keyboard,2,1197.18,0,2394.37,1750.95,643.41,Mobile App,Consumer,UPI,Delivered
ORD104604,01-Oct-25,CUST2004,North,Lucknow,Beauty,Shampoo,2,517.16,25,775.75,585.3,190.45,Marketplace,Corporate,UPI,Delivered
ORD104605,08-Oct-24,CUST2005,South,Coimbatore,Sports,Yoga Mat,1,933.56,25,700.17,479.66,220.51,Mobile App,Consumer,UPI,Delivered
ORD104606,17-Jan-24,CUST2006,Central,Nagpur,Home & Kitchen,Cookware Set,4,2212.02,10,7963.26,4853.44,3109.82,Mobile App,Corporate,UPI,Delivered
ORD104607,11-Mar-24,CUST2007,South,Bengaluru,Beauty,Shampoo,2,513.76,15,873.39,672.68,200.71,Marketplace,Consumer,Credit Card,Delivered
ORD104608,25-Sep-24,CUST2008,South,Chennai,Beauty,Shampoo,4,469.09,20,1501.09,1088.43,412.67,Mobile App,Corporate,UPI,Delivered
ORD104609,20-Nov-24,CUST2009,East,Patna,Clothing,Sneakers,2,2240.6,0,4481.21,2844.37,1636.84,Mobile App,Corporate,Credit Card,Delivered
ORD104610,31-Oct-24,CUST2010,Central,Indore,Electronics,Wireless Headphones,1,1969.21,20,1575.37,983.79,591.57,Marketplace,Consumer,UPI,Delivered
ORD104611,26-Mar-25,CUST2011,North,Lucknow,Electronics,Smart Watch,2,2429.33,10,0,0,0,Website,Consumer,Net Banking,Cancelled
ORD104612,07-Jan-24,CUST2012,Central,Raipur,Clothing,Jeans,3,1587.36,15,4047.77,2452.84,1594.93,Website,Consumer,Credit Card,Delivered
ORD104613,09-Nov-24,CUST2013,West,Pune,Electronics,Bluetooth Speaker,1,1308.36,10,1177.52,926.86,250.67,Marketplace,Consumer,UPI,Delivered
ORD104614,12-Apr-24,CUST2014,North,Delhi,Electronics,Power Bank,4,1062.17,10,573.57,437.59,135.99,Marketplace,Consumer,Net Banking,Returned
ORD104615,11-Jul-24,CUST2015,West,Pune,Electronics,Keyboard,1,1141.36,20,913.09,578.21,334.88,Marketplace,Corporate,Net Banking,Delivered
ORD104616,27-Jul-25,CUST2016,South,Chennai,Electronics,Wireless Headphones,4,1811.12,10,978.01,550.95,427.06,Website,Consumer,UPI,Returned
ORD104617,12-Jun-25,CUST2017,South,Hyderabad,Sports,Running Shoes,3,2966.88,10,8010.56,4517.99,3492.57,Mobile App,Consumer,Cash on Delivery,Delivered
ORD104618,19-Jun-24,CUST2018,West,Mumbai,Electronics,Wireless Headphones,3,1949.14,10,5262.68,3316.66,1946.02,Mobile App,Consumer,Cash on Delivery,Delivered
ORD104619,20-Jun-25,CUST2019,Central,Nagpur,Home & Kitchen,Mixer Grinder,1,3684.96,10,3316.46,1956.14,1360.32,Website,Student,UPI,Delivered
ORD104620,07-Sep-24,CUST2020,North,Chandigarh,Home & Kitchen,Mixer Grinder,2,3329.21,10,5992.58,4708.97,1283.61,Website,Consumer,UPI,Delivered
ORD104621,21-Jan-25,CUST2021,South,Hyderabad,Home & Kitchen,Cookware Set,3,2345.08,5,6683.48,4435.23,2248.25,Mobile App,Consumer,Debit Card,Delivered
ORD104622,25-Jul-24,CUST2022,East,Kolkata,Electronics,Power Bank,2,1091.95,5,2074.7,1336.04,738.66,Website,Consumer,UPI,Delivered
ORD104623,24-Jun-25,CUST2023,South,Coimbatore,Clothing,Sneakers,2,2334.81,5,665.42,405.13,260.29,Marketplace,Corporate,Credit Card,Returned
ORD104624,20-Sep-25,CUST2024,South,Chennai,Electronics,Bluetooth Speaker,3,1384.96,10,560.91,435.89,125.01,Mobile App,Consumer,UPI,Returned
ORD104625,19-Feb-25,CUST2025,North,Delhi,Clothing,Sneakers,2,2457.72,10,663.58,506.96,156.63,Mobile App,Consumer,Credit Card,Returned
ORD104626,14-Jan-25,CUST2026,West,Surat,Electronics,Bluetooth Speaker,2,1643.74,10,2958.73,1934.32,1024.41,Mobile App,Student,Debit Card,Delivered
ORD104627,23-May-24,CUST2027,South,Bengaluru,Home & Kitchen,Coffee Maker,1,2289.82,5,2175.33,1295.9,879.43,Marketplace,Consumer,Cash on Delivery,Delivered
ORD104628,25-Jan-24,CUST2028,South,Coimbatore,Beauty,Sunscreen,1,618.72,0,618.72,499.33,119.39,Mobile App,Corporate,Net Banking,Delivered
ORD104629,29-Oct-25,CUST2029,West,Mumbai,Home & Kitchen,Coffee Maker,4,2300.24,15,7820.83,4968.43,2852.4,Mobile App,Consumer,Credit Card,Delivered
ORD104630,13-Mar-24,CUST2030,West,Ahmedabad,Clothing,Jeans,3,1541.13,10,4161.04,3154.88,1006.16,Website,Consumer,UPI,Delivered
ORD104631,23-Sep-25,CUST2031,East,Patna,Clothing,Jeans,1,1581.66,10,1423.5,960.89,462.6,Mobile App,Consumer,UPI,Delivered
ORD104632,02-Apr-24,CUST2032,South,Coimbatore,Beauty,Moisturizer,3,630.53,0,1891.59,1439.58,452.01,Website,Student,Credit Card,Delivered
ORD104633,19-May-25,CUST2033,West,Ahmedabad,Electronics,Keyboard,1,1166.32,10,157.45,107.07,50.38,Mobile App,Consumer,Cash on Delivery,Returned
ORD104634,20-Aug-25,CUST2034,South,Chennai,Beauty,Moisturizer,1,662.5,15,0,0,0,Website,Consumer,UPI,Cancelled
ORD104635,01-Dec-24,CUST2035,South,Hyderabad,Beauty,Lipstick,1,538.8,10,484.92,371.5,113.42,Mobile App,Consumer,Debit Card,Delivered
ORD104636,28-Feb-25,CUST2036,West,Ahmedabad,Clothing,Sneakers,4,2606.21,0,0,0,0,Mobile App,Consumer,UPI,Cancelled
ORD104637,13-May-25,CUST2037,North,Chandigarh,Clothing,Jeans,5,1503.42,5,7141.24,4757.51,2383.73,Mobile App,Consumer,Credit Card,Delivered
ORD104638,29-Dec-24,CUST2038,North,Jaipur,Clothing,T-Shirt,2,597.82,25,896.73,517.56,379.17,Website,Student,UPI,Delivered
ORD104639,21-Sep-25,CUST2039,North,Jaipur,Electronics,Keyboard,1,1186.85,10,0,0,0,Mobile App,Consumer,Net Banking,Cancelled
ORD104640,17-Jul-24,CUST2040,North,Lucknow,Electronics,Wireless Headphones,2,2132.83,5,0,0,0,Marketplace,Consumer,Debit Card,Cancelled
ORD104641,18-Dec-25,CUST2041,North,Chandigarh,Electronics,Smart Watch,3,2287.76,20,5490.63,3046.89,2443.74,Website,Consumer,UPI,Delivered
ORD104642,16-Feb-25,CUST2042,Central,Bhopal,Electronics,Keyboard,1,1360.28,5,1292.27,883.96,408.31,Website,Corporate,Credit Card,Delivered
ORD104643,04-Dec-24,CUST2043,South,Hyderabad,Home & Kitchen,Mixer Grinder,1,2968.61,15,2523.32,1798.73,724.58,Website,Student,UPI,Delivered
ORD104644,20-Oct-25,CUST2044,North,Lucknow,Beauty,Moisturizer,2,708.59,0,212.58,129.73,82.85,Website,Consumer,Debit Card,Returned
ORD104645,04-Mar-25,CUST2045,South,Hyderabad,Electronics,Smart Watch,1,2548.02,0,2548.02,1793.93,754.09,Marketplace,Student,UPI,Delivered
ORD104646,18-May-24,CUST2046,Central,Raipur,Sports,Cricket Bat,1,2105.01,10,1894.51,1500.07,394.43,Mobile App,Corporate,Cash on Delivery,Delivered
ORD104647,23-Nov-25,CUST2047,East,Bhubaneswar,Sports,Cricket Bat,2,1935.74,5,3677.9,2644.6,1033.3,Website,Corporate,UPI,Delivered
ORD104648,25-Jun-25,CUST2048,South,Bengaluru,Sports,Running Shoes,2,3061.45,0,6122.89,4121.01,2001.88,Marketplace,Consumer,Credit Card,Delivered
ORD104649,26-Feb-24,CUST2049,Central,Raipur,Beauty,Lipstick,5,489.76,20,1959.04,1153.87,805.17,Website,Student,Credit Card,Delivered
ORD104650,19-Aug-24,CUST2050,South,Bengaluru,Clothing,Hoodie,1,1989.3,0,1989.3,1184.86,804.44,Website,Corporate,UPI,Delivered
ORD104651,19-Oct-25,CUST2051,South,Chennai,Electronics,Bluetooth Speaker,2,1485.37,15,2525.13,1719.05,806.08,Mobile App,Corporate,UPI,Delivered
ORD104652,10-Mar-25,CUST2052,South,Bengaluru,Home & Kitchen,Coffee Maker,1,1993.59,5,1893.91,1278.47,615.44,Website,Consumer,UPI,Delivered
ORD104653,18-Jan-25,CUST2053,South,Chennai,Home & Kitchen,Bedsheet,1,1029.3,20,823.44,569.03,254.41,Website,Consumer,Credit Card,Delivered
ORD104654,13-Jul-25,CUST2054,South,Bengaluru,Beauty,Face Serum,2,797.47,25,1196.21,821.95,374.26,Website,Corporate,Net Banking,Delivered
ORD104655,12-Jul-24,CUST2055,West,Ahmedabad,Sports,Gym Bag,1,1279.37,5,1215.41,780.47,434.94,Mobile App,Consumer,Credit Card,Delivered
ORD104656,09-Oct-25,CUST2056,South,Hyderabad,Home & Kitchen,Cookware Set,1,2243.52,10,2019.17,1489.91,529.26,Website,Consumer,UPI,Delivered
ORD104657,17-Jun-25,CUST2057,East,Guwahati,Clothing,Sneakers,3,2300.21,15,0,0,0,Website,Consumer,UPI,Cancelled
ORD104658,01-Jun-25,CUST2058,North,Delhi,Electronics,Smart Watch,1,2746,0,2746,2142.23,603.77,Mobile App,Consumer,UPI,Delivered
ORD104659,16-Dec-25,CUST2059,South,Chennai,Electronics,Power Bank,5,1100.01,15,0,0,0,Mobile App,Consumer,Credit Card,Cancelled
ORD104660,03-Jul-24,CUST2060,South,Coimbatore,Home & Kitchen,Mixer Grinder,1,3198.08,20,2558.47,1694.44,864.02,Mobile App,Corporate,UPI,Delivered
ORD104661,18-Oct-24,CUST2061,Central,Raipur,Home & Kitchen,Mixer Grinder,1,2846.68,0,2846.68,1727.65,1119.03,Website,Consumer,UPI,Delivered
ORD104662,30-Nov-24,CUST2062,South,Chennai,Beauty,Sunscreen,1,558.73,15,474.92,340.51,134.41,Website,Student,UPI,Delivered
ORD104663,25-Apr-24,CUST2063,West,Surat,Home & Kitchen,Cookware Set,1,2290.89,0,343.63,233.31,110.32,Website,Consumer,UPI,Returned
ORD104664,18-Feb-24,CUST2064,South,Bengaluru,Sports,Dumbbells,4,1538.18,10,5537.44,3605.23,1932.21,Mobile App,Corporate,Debit Card,Delivered
ORD104665,15-Nov-25,CUST2065,North,Jaipur,Home & Kitchen,Bedsheet,2,934.87,5,0,0,0,Mobile App,Corporate,Credit Card,Cancelled
ORD104666,22-Mar-24,CUST2066,North,Chandigarh,Beauty,Lipstick,1,535.84,10,482.26,320.09,162.17,Mobile App,Consumer,UPI,Delivered
ORD104667,28-Nov-24,CUST2067,South,Hyderabad,Electronics,Smart Watch,2,2126.2,5,4039.78,3154.64,885.14,Mobile App,Student,UPI,Delivered
ORD104668,10-Jul-25,CUST2068,North,Chandigarh,Sports,Gym Bag,4,1227.84,5,699.87,408.41,291.46,Website,Corporate,Cash on Delivery,Returned
ORD104669,30-Nov-24,CUST2069,North,Chandigarh,Home & Kitchen,Bedsheet,1,1028.32,15,0,0,0,Mobile App,Consumer,UPI,Cancelled
ORD104670,15-Jun-25,CUST2070,West,Mumbai,Electronics,Bluetooth Speaker,1,1541.53,5,219.67,159.68,59.98,Website,Consumer,UPI,Returned
ORD104671,08-Aug-24,CUST2071,North,Delhi,Electronics,Bluetooth Speaker,1,1484.85,10,1336.37,860.68,475.68,Website,Consumer,UPI,Delivered
ORD104672,26-Sep-25,CUST2072,East,Bhubaneswar,Sports,Gym Bag,3,1216.98,5,3468.4,2768.33,700.07,Mobile App,Student,UPI,Delivered
ORD104673,18-Nov-24,CUST2073,South,Bengaluru,Electronics,Smart Watch,1,2671.01,5,0,0,0,Website,Consumer,UPI,Cancelled
ORD104674,03-Jan-24,CUST2074,East,Patna,Clothing,T-Shirt,1,742.15,10,667.94,423.32,244.61,Website,Consumer,Debit Card,Delivered
ORD104675,24-Nov-25,CUST2075,East,Bhubaneswar,Clothing,T-Shirt,2,600.68,0,180.21,117.35,62.85,Marketplace,Consumer,UPI,Returned
ORD104676,24-Jul-24,CUST2076,South,Bengaluru,Home & Kitchen,Bedsheet,2,857.36,15,218.63,158.48,60.14,Marketplace,Consumer,UPI,Returned
ORD104677,09-Feb-24,CUST2077,South,Chennai,Beauty,Sunscreen,3,644.83,10,261.16,210.37,50.79,Mobile App,Consumer,Credit Card,Returned
ORD104678,28-Feb-24,CUST2078,West,Surat,Clothing,Jeans,1,1506.76,15,1280.75,909.63,371.12,Website,Consumer,UPI,Delivered
ORD104679,27-Jul-25,CUST2079,Central,Nagpur,Clothing,Sneakers,2,2770.15,5,5263.29,4111.7,1151.59,Mobile App,Consumer,UPI,Delivered
ORD104680,05-Oct-25,CUST2080,South,Hyderabad,Sports,Cricket Bat,4,1932.09,15,985.37,782.72,202.65,Website,Consumer,Credit Card,Returned
ORD104681,21-May-25,CUST2081,North,Chandigarh,Beauty,Lipstick,1,447.96,10,403.17,272.52,130.65,Website,Corporate,Cash on Delivery,Delivered
ORD104682,25-Jul-25,CUST2082,Central,Bhopal,Sports,Cricket Bat,1,1954.57,0,1954.57,1324.33,630.24,Website,Consumer,Credit Card,Delivered
ORD104683,01-May-24,CUST2083,South,Hyderabad,Clothing,Dress,2,1547.62,15,2630.95,1624.61,1006.34,Mobile App,Consumer,Credit Card,Delivered
ORD104684,23-Apr-25,CUST2084,East,Patna,Electronics,Wireless Headphones,3,1978.29,15,5044.63,3593.94,1450.69,Marketplace,Consumer,UPI,Delivered
ORD104685,10-Sep-25,CUST2085,South,Chennai,Clothing,Hoodie,1,1921.59,5,1825.51,1063.19,762.32,Marketplace,Consumer,Debit Card,Delivered
ORD104686,05-Apr-24,CUST2086,North,Jaipur,Beauty,Sunscreen,1,615.18,20,492.14,354.97,137.18,Marketplace,Student,UPI,Delivered
ORD104687,17-Feb-25,CUST2087,East,Kolkata,Electronics,Wireless Headphones,3,1799.15,15,4587.83,3629.35,958.48,Website,Consumer,Debit Card,Delivered
ORD104688,22-Aug-24,CUST2088,East,Patna,Clothing,T-Shirt,2,732.77,5,0,0,0,Mobile App,Consumer,UPI,Cancelled
ORD104689,02-Mar-24,CUST2089,South,Chennai,Electronics,Keyboard,3,1311.75,5,3738.48,2711.44,1027.03,Marketplace,Consumer,UPI,Delivered
ORD104690,12-Sep-24,CUST2090,East,Patna,Clothing,Hoodie,3,1810.05,10,733.07,569.13,163.94,Mobile App,Student,UPI,Returned
ORD104691,14-Jul-25,CUST2091,West,Ahmedabad,Beauty,Lipstick,1,515.53,5,489.75,365.87,123.88,Website,Consumer,Debit Card,Delivered
ORD104692,13-Dec-24,CUST2092,East,Kolkata,Electronics,Wireless Headphones,3,2003.54,5,856.51,593.57,262.94,Marketplace,Consumer,Debit Card,Returned
ORD104693,01-Nov-25,CUST2093,North,Lucknow,Home & Kitchen,Coffee Maker,1,2140.79,5,2033.75,1404.69,629.06,Mobile App,Student,Credit Card,Delivered
ORD104694,03-May-24,CUST2094,East,Bhubaneswar,Sports,Cricket Bat,3,2044.78,0,920.15,532.67,387.48,Website,Consumer,Debit Card,Returned
ORD104695,26-Apr-25,CUST2095,West,Ahmedabad,Electronics,Keyboard,3,1357.98,10,3666.55,2446.66,1219.89,Website,Consumer,UPI,Delivered
ORD104696,12-Nov-24,CUST2096,West,Pune,Beauty,Face Serum,2,727.85,5,1382.92,955.69,427.24,Website,Student,Net Banking,Delivered
ORD104697,18-May-25,CUST2097,West,Pune,Sports,Cricket Bat,2,1967.42,5,3738.1,2530.24,1207.86,Mobile App,Consumer,UPI,Delivered
ORD104698,19-Dec-25,CUST2098,North,Lucknow,Sports,Cricket Bat,1,1946.44,0,1946.44,1478.37,468.07,Website,Consumer,UPI,Delivered
ORD104699,17-Feb-24,CUST2099,West,Surat,Electronics,Wireless Headphones,1,1720.69,10,1548.62,919.04,629.58,Mobile App,Consumer,UPI,Delivered
ORD104700,12-Feb-25,CUST2100,West,Pune,Electronics,Bluetooth Speaker,1,1611.87,10,217.6,166.38,51.22,Marketplace,Corporate,Net Banking,Returned
ORD104701,15-May-24,CUST2101,North,Jaipur,Electronics,Wireless Headphones,3,1902.83,15,4852.23,3640.38,1211.85,Marketplace,Consumer,UPI,Delivered
ORD104702,19-Jul-24,CUST2102,South,Chennai,Beauty,Sunscreen,1,520.91,25,58.6,46.48,12.12,Mobile App,Consumer,Debit Card,Returned
ORD104703,06-Sep-24,CUST2103,South,Coimbatore,Beauty,Moisturizer,1,680.57,0,680.57,442.94,237.63,Mobile App,Consumer,UPI,Delivered
ORD104704,09-Nov-24,CUST2104,West,Pune,Home & Kitchen,Coffee Maker,3,1965.03,5,840.05,502.07,337.98,Mobile App,Corporate,Debit Card,Returned
ORD104705,02-Jan-25,CUST2105,South,Coimbatore,Clothing,Dress,1,1663.27,15,1413.78,1067.16,346.62,Marketplace,Consumer,UPI,Delivered
ORD104706,04-Mar-25,CUST2106,East,Bhubaneswar,Electronics,Power Bank,3,1003.37,5,428.94,304.07,124.88,Marketplace,Corporate,Debit Card,Returned
ORD104707,24-Apr-25,CUST2107,Central,Raipur,Home & Kitchen,Bedsheet,1,922.01,0,922.01,684.47,237.53,Mobile App,Student,UPI,Delivered
ORD104708,09-Nov-24,CUST2108,West,Pune,Home & Kitchen,Mixer Grinder,1,3650.77,0,0,0,0,Website,Consumer,UPI,Cancelled
ORD104709,14-May-25,CUST2109,Central,Nagpur,Beauty,Lipstick,1,463.46,10,62.57,37.7,24.87,Website,Consumer,Credit Card,Returned
ORD104710,21-Dec-25,CUST2110,Central,Raipur,Clothing,Jeans,4,1498.77,10,5395.59,3566.4,1829.19,Mobile App,Corporate,UPI,Delivered
ORD104711,20-Dec-24,CUST2111,North,Jaipur,Clothing,Dress,1,1705.21,25,1278.91,769.94,508.97,Marketplace,Consumer,UPI,Delivered
ORD104712,29-Apr-25,CUST2112,West,Ahmedabad,Clothing,Hoodie,1,1778.76,10,0,0,0,Mobile App,Consumer,UPI,Cancelled
ORD104713,29-Jul-24,CUST2113,South,Bengaluru,Electronics,Wireless Headphones,2,2217.75,15,3770.18,2090.88,1679.29,Mobile App,Corporate,Credit Card,Delivered
ORD104714,04-Dec-25,CUST2114,Central,Raipur,Clothing,Dress,3,1723.47,10,4653.36,2729.24,1924.12,Website,Student,UPI,Delivered
ORD104715,13-Feb-24,CUST2115,South,Hyderabad,Electronics,Smart Watch,1,2745.59,5,391.25,241.37,149.88,Website,Consumer,Net Banking,Returned
ORD104716,24-Jun-25,CUST2116,Central,Nagpur,Clothing,Dress,2,1520.06,0,3040.11,2305.19,734.93,Mobile App,Consumer,Cash on Delivery,Delivered
ORD104717,24-Jul-25,CUST2117,West,Surat,Electronics,Wireless Headphones,2,1995.11,20,3192.18,2297.36,894.82,Marketplace,Consumer,UPI,Delivered
ORD104718,05-Aug-25,CUST2118,West,Surat,Electronics,Keyboard,2,1398.82,0,2797.64,1832.25,965.4,Mobile App,Consumer,UPI,Delivered
ORD104719,01-Apr-24,CUST2119,North,Delhi,Beauty,Sunscreen,2,655.27,0,1310.55,776.96,533.59,Website,Consumer,Net Banking,Delivered
ORD104720,21-Sep-24,CUST2120,North,Chandigarh,Clothing,T-Shirt,1,772.38,5,733.76,467.28,266.48,Website,Consumer,UPI,Delivered
ORD104721,07-Aug-24,CUST2121,West,Mumbai,Home & Kitchen,Bedsheet,1,1086.28,0,1086.28,815.5,270.79,Website,Consumer,Credit Card,Delivered
ORD104722,17-Mar-25,CUST2122,North,Chandigarh,Beauty,Shampoo,2,522.6,0,1045.21,682.65,362.55,Website,Consumer,Debit Card,Delivered
ORD104723,04-Feb-25,CUST2123,West,Surat,Home & Kitchen,Cookware Set,1,2140.49,10,1926.44,1300.16,626.28,Website,Corporate,UPI,Delivered
ORD104724,03-Feb-25,CUST2124,North,Lucknow,Sports,Gym Bag,2,1121.11,5,2130.11,1521.6,608.51,Marketplace,Consumer,Cash on Delivery,Delivered
ORD104725,27-Dec-25,CUST2125,West,Mumbai,Electronics,Smart Watch,1,2211.15,5,2100.59,1673.08,427.51,Marketplace,Consumer,Credit Card,Delivered
ORD104726,29-Jul-25,CUST2126,South,Hyderabad,Beauty,Lipstick,1,445,15,378.25,233.58,144.67,Mobile App,Corporate,Credit Card,Delivered
ORD104727,04-May-25,CUST2127,West,Pune,Sports,Yoga Mat,2,834.76,15,0,0,0,Mobile App,Consumer,Credit Card,Cancelled
ORD104728,29-Apr-25,CUST2128,West,Surat,Sports,Cricket Bat,3,1739.49,10,4696.62,2976.66,1719.97,Marketplace,Student,UPI,Delivered
ORD104729,14-Apr-25,CUST2129,South,Bengaluru,Electronics,Smart Watch,2,2288.13,10,0,0,0,Mobile App,Consumer,Debit Card,Cancelled
ORD104730,27-Jul-25,CUST2130,North,Lucknow,Clothing,Dress,1,1772.31,0,1772.31,1308.04,464.27,Mobile App,Consumer,Credit Card,Delivered
ORD104731,12-Nov-25,CUST2131,North,Lucknow,Electronics,Smart Watch,1,2334.63,15,0,0,0,Mobile App,Consumer,UPI,Cancelled
ORD104732,20-Mar-25,CUST2132,East,Kolkata,Home & Kitchen,Mixer Grinder,2,2946.41,10,5303.54,4111.97,1191.57,Mobile App,Consumer,Cash on Delivery,Delivered
ORD104733,25-Sep-24,CUST2133,East,Kolkata,Beauty,Moisturizer,2,729.71,10,1313.49,918.63,394.86,Marketplace,Consumer,Debit Card,Delivered
ORD104734,23-Sep-24,CUST2134,West,Mumbai,Clothing,Jeans,2,1609.47,15,0,0,0,Mobile App,Consumer,UPI,Cancelled
ORD104735,23-Feb-24,CUST2135,East,Bhubaneswar,Home & Kitchen,Mixer Grinder,1,3083.87,10,2775.49,2112.77,662.71,Mobile App,Consumer,UPI,Delivered
ORD104736,11-Jun-25,CUST2136,South,Chennai,Beauty,Shampoo,3,461.67,10,1246.51,830.75,415.77,Website,Corporate,Credit Card,Delivered
ORD104737,03-Jun-25,CUST2137,South,Bengaluru,Clothing,Jeans,4,1372,10,4939.19,3404.09,1535.1,Marketplace,Corporate,UPI,Delivered
ORD104738,07-Sep-25,CUST2138,North,Delhi,Sports,Cricket Bat,1,1911.4,10,258.04,211.22,46.82,Website,Corporate,Cash on Delivery,Returned
ORD104739,28-Feb-24,CUST2139,South,Chennai,Beauty,Sunscreen,2,523.26,15,0,0,0,Marketplace,Consumer,Net Banking,Cancelled
ORD104740,09-Feb-24,CUST2140,Central,Raipur,Electronics,Smart Watch,1,2575.63,10,0,0,0,Marketplace,Consumer,Credit Card,Cancelled
ORD104741,24-Aug-24,CUST2141,Central,Bhopal,Home & Kitchen,Mixer Grinder,1,3536.53,0,3536.53,2511.18,1025.35,Marketplace,Consumer,Credit Card,Delivered
ORD104742,20-Jan-25,CUST2142,South,Hyderabad,Electronics,Keyboard,1,1336.92,10,1203.23,774.9,428.33,Mobile App,Corporate,Cash on Delivery,Delivered
ORD104743,28-Aug-25,CUST2143,East,Kolkata,Home & Kitchen,Water Bottle,2,577.27,25,865.91,708,157.9,Mobile App,Consumer,UPI,Delivered
ORD104744,16-Dec-25,CUST2144,Central,Raipur,Sports,Running Shoes,1,2783.13,5,2643.97,1628.39,1015.59,Marketplace,Consumer,Credit Card,Delivered
ORD104745,11-Oct-25,CUST2145,East,Patna,Sports,Cricket Bat,3,1920.14,15,4896.36,3846.88,1049.48,Marketplace,Consumer,UPI,Delivered
ORD104746,26-Oct-24,CUST2146,North,Delhi,Clothing,Sneakers,1,2410.13,10,2169.11,1726.73,442.39,Marketplace,Consumer,Debit Card,Delivered
ORD104747,29-Jan-25,CUST2147,North,Lucknow,Clothing,T-Shirt,1,719.85,10,0,0,0,Website,Consumer,Debit Card,Cancelled
ORD104748,25-Jul-24,CUST2148,East,Kolkata,Electronics,Smart Watch,1,2750.34,20,2200.27,1277.92,922.35,Website,Consumer,UPI,Delivered
ORD104749,01-Dec-24,CUST2149,Central,Indore,Home & Kitchen,Coffee Maker,2,1911.06,15,3248.8,2536.05,712.75,Marketplace,Consumer,Cash on Delivery,Delivered
ORD104750,15-Aug-25,CUST2150,West,Pune,Electronics,Keyboard,1,1438.52,20,0,0,0,Mobile App,Consumer,UPI,Cancelled
ORD104751,30-Dec-25,CUST2151,North,Lucknow,Home & Kitchen,Mixer Grinder,1,3614.89,0,542.23,397.9,144.33,Website,Consumer,Net Banking,Returned
ORD104752,28-May-25,CUST2152,North,Lucknow,Electronics,Bluetooth Speaker,1,1321.8,5,1255.71,957.31,298.4,Website,Student,Cash on Delivery,Delivered
ORD104753,26-Jun-24,CUST2153,West,Pune,Clothing,Sneakers,1,2248.02,10,2023.22,1380.74,642.48,Website,Consumer,Debit Card,Delivered
ORD104754,30-Jan-25,CUST2154,Central,Indore,Electronics,Power Bank,1,933.2,15,793.22,493.49,299.73,Marketplace,Consumer,Cash on Delivery,Delivered
ORD104755,05-Jan-25,CUST2155,West,Surat,Sports,Running Shoes,1,3002.33,15,382.8,269.96,112.84,Mobile App,Student,UPI,Returned
ORD104756,19-Oct-25,CUST2156,West,Mumbai,Beauty,Face Serum,1,708.16,5,672.75,389.75,283,Website,Corporate,UPI,Delivered
ORD104757,13-Nov-24,CUST2157,North,Jaipur,Clothing,Hoodie,2,1626.46,0,0,0,0,Mobile App,Consumer,UPI,Cancelled
ORD104758,03-Jan-25,CUST2158,Central,Nagpur,Electronics,Power Bank,1,1092.63,15,928.73,631.91,296.83,Marketplace,Corporate,UPI,Delivered
ORD104759,18-Jan-25,CUST2159,West,Ahmedabad,Home & Kitchen,Mixer Grinder,2,2901.51,10,5222.71,3580.85,1641.87,Website,Consumer,Credit Card,Delivered
ORD104760,02-Mar-24,CUST2160,South,Coimbatore,Electronics,Bluetooth Speaker,1,1435.59,10,1292.03,775.44,516.59,Website,Student,Cash on Delivery,Delivered
ORD104761,19-May-25,CUST2161,West,Ahmedabad,Home & Kitchen,Coffee Maker,1,2322.17,15,0,0,0,Mobile App,Consumer,Credit Card,Cancelled
ORD104762,26-Aug-24,CUST2162,South,Chennai,Beauty,Lipstick,3,543.87,5,1550.03,1108.34,441.69,Mobile App,Corporate,Debit Card,Delivered
ORD104763,13-Jul-24,CUST2163,North,Chandigarh,Home & Kitchen,Cookware Set,2,2350.89,0,4701.78,3422.35,1279.43,Marketplace,Corporate,UPI,Delivered
ORD104764,08-Nov-25,CUST2164,South,Chennai,Home & Kitchen,Cookware Set,4,2235.1,20,7152.32,4896.04,2256.28,Website,Corporate,Net Banking,Delivered
ORD104765,09-Aug-24,CUST2165,North,Chandigarh,Home & Kitchen,Bedsheet,1,1047.94,0,1047.94,793.03,254.92,Website,Consumer,Credit Card,Delivered
ORD104766,01-Mar-24,CUST2166,South,Hyderabad,Sports,Gym Bag,3,1269.25,0,571.16,401.07,170.09,Website,Consumer,Debit Card,Returned
ORD104767,08-May-24,CUST2167,South,Coimbatore,Sports,Yoga Mat,2,1002.03,5,0,0,0,Mobile App,Consumer,Net Banking,Cancelled
ORD104768,15-Nov-25,CUST2168,East,Patna,Home & Kitchen,Coffee Maker,3,1952,5,0,0,0,Marketplace,Corporate,Cash on Delivery,Cancelled
ORD104769,04-Jun-24,CUST2169,East,Guwahati,Clothing,T-Shirt,4,728.04,5,414.98,255.48,159.5,Website,Consumer,Credit Card,Returned
ORD104770,12-Jan-25,CUST2170,South,Coimbatore,Clothing,Hoodie,1,1731.84,15,1472.07,913.43,558.64,Mobile App,Student,Cash on Delivery,Delivered
ORD104771,13-Sep-25,CUST2171,North,Lucknow,Electronics,Power Bank,1,1095.85,25,821.89,458.81,363.08,Marketplace,Student,Debit Card,Delivered
ORD104772,08-Aug-25,CUST2172,West,Ahmedabad,Home & Kitchen,Cookware Set,2,2399.33,5,4558.72,3615.83,942.89,Website,Consumer,Debit Card,Delivered
ORD104773,12-Mar-25,CUST2173,South,Hyderabad,Home & Kitchen,Mixer Grinder,1,3201.38,15,2721.17,2230.76,490.41,Mobile App,Consumer,Credit Card,Delivered
ORD104774,25-Jul-24,CUST2174,South,Bengaluru,Electronics,Smart Watch,3,2209.7,0,0,0,0,Website,Consumer,UPI,Cancelled
ORD104775,22-Jan-25,CUST2175,Central,Bhopal,Electronics,Bluetooth Speaker,1,1404.04,0,1404.04,928.64,475.41,Website,Consumer,UPI,Delivered
ORD104776,24-Apr-25,CUST2176,West,Ahmedabad,Clothing,Jeans,3,1436.38,10,3878.23,2503.64,1374.59,Website,Consumer,Credit Card,Delivered
ORD104777,05-Dec-24,CUST2177,Central,Bhopal,Sports,Dumbbells,1,1366.71,25,1025.03,778.17,246.86,Mobile App,Consumer,Cash on Delivery,Delivered
ORD104778,05-Dec-24,CUST2178,East,Patna,Home & Kitchen,Coffee Maker,1,2128.95,20,1703.16,1171.24,531.92,Website,Consumer,Credit Card,Delivered
ORD104779,22-Jul-24,CUST2179,North,Chandigarh,Beauty,Face Serum,4,751.7,0,0,0,0,Mobile App,Corporate,Credit Card,Cancelled
ORD104780,09-Jun-24,CUST2180,West,Surat,Clothing,Dress,1,1706.19,5,1620.88,1013.84,607.04,Mobile App,Consumer,UPI,Delivered
ORD104781,23-Jun-25,CUST2181,South,Coimbatore,Home & Kitchen,Bedsheet,1,878.04,20,702.43,447.75,254.68,Mobile App,Consumer,UPI,Delivered
ORD104782,26-Jan-25,CUST2182,East,Kolkata,Clothing,T-Shirt,1,737.62,0,0,0,0,Marketplace,Consumer,Credit Card,Cancelled
ORD104783,07-Nov-25,CUST2183,North,Delhi,Home & Kitchen,Cookware Set,3,2605.92,15,6645.08,5409.81,1235.27,Website,Corporate,Credit Card,Delivered
ORD104784,28-Jul-25,CUST2184,Central,Raipur,Electronics,Power Bank,2,914.37,0,1828.73,1442.87,385.86,Mobile App,Consumer,Net Banking,Delivered
ORD104785,17-Jun-25,CUST2185,North,Chandigarh,Home & Kitchen,Coffee Maker,3,1918.59,10,0,0,0,Mobile App,Student,Credit Card,Cancelled
ORD104786,10-Mar-24,CUST2186,Central,Raipur,Clothing,Sneakers,2,2692.16,10,4845.89,3761.16,1084.73,Website,Consumer,Credit Card,Delivered
ORD104787,08-Feb-25,CUST2187,Central,Bhopal,Clothing,Dress,1,1466.84,10,198.02,124.06,73.96,Mobile App,Consumer,UPI,Returned
ORD104788,30-Aug-25,CUST2188,East,Bhubaneswar,Sports,Dumbbells,1,1421.99,15,0,0,0,Website,Corporate,UPI,Cancelled
ORD104789,05-Nov-25,CUST2189,West,Mumbai,Electronics,Smart Watch,1,2366.4,0,2366.4,1650.66,715.75,Website,Consumer,Debit Card,Delivered
ORD104790,13-Aug-25,CUST2190,West,Surat,Clothing,Hoodie,2,1723.87,5,3275.35,2562.21,713.14,Website,Consumer,Cash on Delivery,Delivered
ORD104791,31-May-25,CUST2191,West,Pune,Home & Kitchen,Bedsheet,2,937.11,10,1686.79,972.13,714.66,Marketplace,Consumer,Cash on Delivery,Delivered
ORD104792,29-Apr-24,CUST2192,South,Bengaluru,Sports,Yoga Mat,1,1001.17,0,0,0,0,Website,Consumer,Credit Card,Cancelled
ORD104793,20-Nov-25,CUST2193,West,Ahmedabad,Clothing,Sneakers,1,2718.47,0,0,0,0,Website,Consumer,Debit Card,Cancelled
ORD104794,18-Nov-25,CUST2194,East,Guwahati,Beauty,Shampoo,1,541.77,0,541.77,382.78,158.98,Mobile App,Consumer,UPI,Delivered
ORD104795,04-Aug-24,CUST2195,Central,Indore,Sports,Gym Bag,1,1148.24,5,1090.83,664.31,426.52,Marketplace,Consumer,UPI,Delivered
ORD104796,25-Feb-24,CUST2196,East,Guwahati,Clothing,Dress,1,1774.85,25,1331.14,755.17,575.96,Website,Corporate,Net Banking,Delivered
ORD104797,31-Dec-24,CUST2197,East,Kolkata,Clothing,Sneakers,1,2585.68,10,349.07,276.34,72.73,Marketplace,Consumer,Cash on Delivery,Returned
ORD104798,29-Nov-25,CUST2198,West,Mumbai,Clothing,Sneakers,1,2685.52,10,2416.97,1704.25,712.72,Website,Consumer,UPI,Delivered
ORD104799,18-May-25,CUST2199,Central,Indore,Beauty,Sunscreen,3,590.16,15,1504.9,1139.71,365.19,Mobile App,Consumer,Credit Card,Delivered
ORD104800,30-Mar-25,CUST2200,East,Guwahati,Electronics,Smart Watch,1,2232.52,15,1897.64,1230.43,667.22,Website,Consumer,Credit Card,Delivered
ORD104801,13-Apr-24,CUST1001,North,Chandigarh,Clothing,Jeans,3,1633.1,10,4409.37,2475.75,1933.62,Website,Consumer,UPI,Delivered
ORD104802,17-Mar-24,CUST1002,East,Patna,Home & Kitchen,Cookware Set,1,2452.36,5,349.46,216.69,132.77,Mobile App,Corporate,Net Banking,Returned
ORD104803,17-Aug-24,CUST1003,Central,Indore,Home & Kitchen,Bedsheet,2,1110.4,5,316.46,180.32,136.14,Website,Consumer,UPI,Returned
ORD104804,14-Sep-24,CUST1004,West,Surat,Clothing,T-Shirt,1,642.25,0,642.25,366.81,275.44,Website,Consumer,Cash on Delivery,Delivered
ORD104805,20-Sep-24,CUST1005,West,Mumbai,Home & Kitchen,Coffee Maker,2,2458.36,20,3933.37,2391.11,1542.26,Mobile App,Consumer,Net Banking,Delivered
ORD104806,26-Nov-24,CUST1006,North,Chandigarh,Electronics,Wireless Headphones,1,1819.2,15,0,0,0,Marketplace,Corporate,Debit Card,Cancelled
ORD104807,30-Jun-24,CUST1007,East,Guwahati,Clothing,Dress,1,1518.1,10,1366.29,1053.13,313.16,Website,Consumer,Net Banking,Delivered
ORD104808,03-Jul-25,CUST1008,West,Mumbai,Home & Kitchen,Cookware Set,4,2524.95,5,9594.81,7404.95,2189.86,Website,Consumer,UPI,Delivered
ORD104809,18-Nov-25,CUST1009,Central,Bhopal,Sports,Gym Bag,2,1243.6,10,2238.48,1797.93,440.55,Mobile App,Student,UPI,Delivered
ORD104810,27-Jan-24,CUST1010,North,Chandigarh,Clothing,Jeans,1,1565.67,10,1409.1,1024.73,384.37,Mobile App,Consumer,Credit Card,Delivered
ORD104811,02-Oct-24,CUST1011,Central,Bhopal,Sports,Dumbbells,1,1564.76,5,0,0,0,Mobile App,Corporate,Debit Card,Cancelled
ORD104812,13-Oct-25,CUST1012,East,Patna,Home & Kitchen,Coffee Maker,1,1914.76,5,1819.03,1185.82,633.21,Mobile App,Consumer,Debit Card,Delivered
ORD104813,25-Oct-24,CUST1013,South,Bengaluru,Electronics,Wireless Headphones,2,1966.88,20,472.05,273.83,198.22,Mobile App,Student,Debit Card,Returned
ORD104814,31-Mar-24,CUST1014,South,Bengaluru,Beauty,Sunscreen,2,563.28,10,1013.9,770.48,243.42,Website,Consumer,UPI,Delivered
ORD104815,24-Apr-25,CUST1015,South,Chennai,Electronics,Bluetooth Speaker,1,1540.32,0,1540.32,896.95,643.37,Marketplace,Consumer,Cash on Delivery,Delivered
ORD104816,26-Jul-25,CUST1016,East,Kolkata,Sports,Dumbbells,1,1437.84,5,1365.95,790.34,575.61,Website,Consumer,Cash on Delivery,Delivered
ORD104817,02-Apr-25,CUST1017,North,Delhi,Sports,Cricket Bat,1,1911.76,5,0,0,0,Website,Consumer,Debit Card,Cancelled
ORD104818,26-Mar-25,CUST1018,North,Jaipur,Clothing,Sneakers,1,2776.02,15,2359.62,1906.54,453.08,Website,Corporate,Cash on Delivery,Delivered
ORD104819,30-Dec-24,CUST1019,West,Mumbai,Clothing,Hoodie,2,1572.32,15,2672.94,2037.16,635.78,Website,Corporate,UPI,Delivered
ORD104820,05-Nov-25,CUST1020,North,Lucknow,Clothing,Hoodie,2,1821.72,10,3279.1,2098.6,1180.5,Website,Consumer,UPI,Delivered
ORD104821,16-Dec-24,CUST1021,South,Bengaluru,Clothing,T-Shirt,2,611.26,25,0,0,0,Mobile App,Consumer,Cash on Delivery,Cancelled
ORD104822,16-Oct-25,CUST1022,East,Patna,Clothing,Jeans,1,1337.69,20,0,0,0,Mobile App,Corporate,Net Banking,Cancelled
ORD104823,03-Feb-25,CUST1023,East,Bhubaneswar,Clothing,Sneakers,3,2532.32,20,6077.56,3601.79,2475.77,Marketplace,Consumer,Credit Card,Delivered
ORD104824,09-Sep-24,CUST1024,West,Surat,Home & Kitchen,Mixer Grinder,1,3199.63,5,3039.65,1927.42,1112.23,Mobile App,Consumer,Credit Card,Delivered
ORD104825,03-Apr-25,CUST1025,East,Patna,Electronics,Smart Watch,2,2494.24,10,673.44,440.92,232.52,Website,Corporate,Debit Card,Returned
ORD104826,29-Nov-25,CUST1026,West,Pune,Beauty,Moisturizer,4,760.21,10,410.51,294.5,116.01,Mobile App,Student,Credit Card,Returned
ORD104827,13-May-25,CUST1027,West,Surat,Beauty,Face Serum,2,855.45,10,1539.82,992.55,547.27,Website,Corporate,UPI,Delivered
ORD104828,22-May-25,CUST1028,North,Jaipur,Clothing,Dress,1,1742.52,20,0,0,0,Website,Corporate,UPI,Cancelled
ORD104829,30-Oct-24,CUST1029,North,Jaipur,Sports,Gym Bag,1,1218.65,5,1157.72,743.9,413.82,Marketplace,Student,UPI,Delivered
ORD104830,15-May-25,CUST1030,South,Hyderabad,Electronics,Power Bank,3,981.22,15,0,0,0,Mobile App,Consumer,Credit Card,Cancelled
ORD104831,20-Aug-25,CUST1031,South,Chennai,Electronics,Wireless Headphones,1,1946.99,10,1752.29,1309.07,443.22,Mobile App,Student,UPI,Delivered
ORD104832,14-Jun-24,CUST1032,West,Mumbai,Home & Kitchen,Coffee Maker,2,2308.4,5,4385.95,3477.94,908.01,Marketplace,Consumer,Cash on Delivery,Delivered
ORD104833,18-Feb-25,CUST1033,East,Patna,Clothing,Jeans,1,1485.14,10,0,0,0,Website,Corporate,Net Banking,Cancelled
ORD104834,06-Apr-25,CUST1034,South,Hyderabad,Home & Kitchen,Mixer Grinder,1,2898.36,5,2753.44,1937.1,816.35,Mobile App,Student,Credit Card,Delivered
ORD104835,23-Apr-24,CUST1035,North,Lucknow,Sports,Gym Bag,1,1065.1,0,1065.1,732.21,332.89,Mobile App,Consumer,UPI,Delivered
ORD104836,08-Mar-25,CUST1036,South,Coimbatore,Sports,Yoga Mat,1,850.82,15,108.48,68.2,40.28,Marketplace,Consumer,Credit Card,Returned
ORD104837,21-Dec-24,CUST1037,East,Kolkata,Home & Kitchen,Water Bottle,3,520.12,15,1326.3,836.24,490.06,Website,Student,Credit Card,Delivered
ORD104838,25-Nov-25,CUST1038,South,Bengaluru,Beauty,Lipstick,3,456.38,5,1300.69,793.76,506.92,Marketplace,Consumer,UPI,Delivered
ORD104839,25-Jul-24,CUST1039,East,Patna,Electronics,Smart Watch,2,2567.04,20,4107.27,2686.55,1420.72,Website,Consumer,Credit Card,Delivered
ORD104840,22-Aug-24,CUST1040,North,Delhi,Electronics,Power Bank,1,852.5,0,127.88,74.72,53.16,Mobile App,Corporate,UPI,Returned
ORD104841,17-Mar-25,CUST1041,West,Pune,Beauty,Shampoo,1,505.54,5,0,0,0,Website,Consumer,Cash on Delivery,Cancelled
ORD104842,20-Dec-24,CUST1042,Central,Nagpur,Clothing,T-Shirt,2,739.92,0,1479.83,1147.04,332.8,Marketplace,Consumer,Credit Card,Delivered
ORD104843,29-May-25,CUST1043,South,Bengaluru,Clothing,Dress,1,1432.61,0,1432.61,1124.57,308.04,Website,Consumer,Credit Card,Delivered
ORD104844,26-Jul-24,CUST1044,East,Guwahati,Clothing,T-Shirt,2,628.3,5,179.07,129.57,49.5,Mobile App,Consumer,Net Banking,Returned
ORD104845,09-Dec-25,CUST1045,Central,Raipur,Home & Kitchen,Cookware Set,1,2143.62,15,273.31,169.27,104.04,Marketplace,Consumer,Credit Card,Returned
ORD104846,04-May-24,CUST1046,South,Chennai,Electronics,Power Bank,2,987.37,25,1481.06,910.7,570.36,Website,Consumer,Cash on Delivery,Delivered
ORD104847,17-May-24,CUST1047,East,Kolkata,Home & Kitchen,Bedsheet,3,1025.71,20,369.26,230.8,138.46,Website,Consumer,UPI,Returned
ORD104848,04-Dec-24,CUST1048,North,Jaipur,Electronics,Bluetooth Speaker,1,1459.08,10,196.98,134.93,62.05,Website,Consumer,Credit Card,Returned
ORD104849,20-Jun-25,CUST1049,West,Pune,Electronics,Keyboard,3,1240.74,15,3163.89,2574.27,589.62,Website,Corporate,UPI,Delivered
ORD104850,08-Mar-24,CUST1050,North,Lucknow,Clothing,Hoodie,3,1749.87,10,708.7,410.68,298.02,Mobile App,Consumer,Credit Card,Returned
ORD104851,26-Jul-25,CUST1051,Central,Raipur,Electronics,Keyboard,2,1378.26,10,2480.86,1699.73,781.13,Mobile App,Consumer,Cash on Delivery,Delivered
ORD104852,24-Jun-25,CUST1052,West,Pune,Sports,Running Shoes,1,2576.29,15,328.48,241.17,87.31,Website,Consumer,Cash on Delivery,Returned
ORD104853,17-Jan-25,CUST1053,West,Ahmedabad,Electronics,Keyboard,1,1379.06,25,0,0,0,Mobile App,Consumer,Net Banking,Cancelled
ORD104854,19-Jan-24,CUST1054,West,Ahmedabad,Electronics,Bluetooth Speaker,3,1543.84,0,4631.52,3759.22,872.3,Website,Consumer,Debit Card,Delivered
ORD104855,13-Nov-25,CUST1055,East,Kolkata,Home & Kitchen,Mixer Grinder,2,3019.2,5,0,0,0,Marketplace,Corporate,UPI,Cancelled
ORD104856,25-Mar-25,CUST1056,East,Guwahati,Home & Kitchen,Bedsheet,3,990.69,5,2823.46,2263.67,559.79,Marketplace,Consumer,UPI,Delivered
ORD104857,14-Mar-24,CUST1057,Central,Nagpur,Electronics,Power Bank,2,862.45,10,1552.4,1104.2,448.2,Mobile App,Corporate,UPI,Delivered
ORD104858,26-Jul-25,CUST1058,Central,Bhopal,Electronics,Bluetooth Speaker,1,1427.78,10,1285,708.17,576.84,Marketplace,Student,Debit Card,Delivered
ORD104859,26-Oct-25,CUST1059,East,Patna,Sports,Running Shoes,5,2690.08,10,1815.8,1151.22,664.58,Marketplace,Consumer,UPI,Returned
ORD104860,02-Oct-24,CUST1060,Central,Raipur,Home & Kitchen,Water Bottle,1,512.76,0,512.76,285,227.76,Mobile App,Consumer,Credit Card,Delivered
ORD104861,17-Feb-24,CUST1061,East,Patna,Clothing,Sneakers,4,2365.09,10,8514.32,5559.84,2954.48,Marketplace,Consumer,Cash on Delivery,Delivered
ORD104862,29-Jul-24,CUST1062,East,Patna,Clothing,Dress,1,1672.63,10,225.81,181.05,44.76,Marketplace,Consumer,Debit Card,Returned
ORD104863,12-Oct-25,CUST1063,East,Bhubaneswar,Clothing,Dress,1,1756.78,10,1581.1,1202.17,378.94,Website,Consumer,UPI,Delivered
ORD104864,13-Sep-25,CUST1064,South,Coimbatore,Clothing,Hoodie,1,1850.83,20,1480.67,1062.28,418.38,Mobile App,Consumer,UPI,Delivered
ORD104865,25-Nov-25,CUST1065,North,Delhi,Home & Kitchen,Mixer Grinder,4,3162.2,5,12016.35,8356.28,3660.07,Website,Corporate,Cash on Delivery,Delivered
ORD104866,23-Jun-25,CUST1066,South,Bengaluru,Sports,Cricket Bat,3,2238.61,0,1007.37,655.39,351.98,Mobile App,Consumer,Net Banking,Returned
ORD104867,09-Dec-25,CUST1067,East,Kolkata,Electronics,Smart Watch,3,2315.06,5,6597.92,4005.7,2592.22,Mobile App,Corporate,UPI,Delivered
ORD104868,09-Jul-24,CUST1068,South,Hyderabad,Beauty,Sunscreen,1,539.41,0,0,0,0,Marketplace,Consumer,Net Banking,Cancelled
ORD104869,10-Nov-24,CUST1069,East,Kolkata,Electronics,Wireless Headphones,1,1949.41,5,277.79,167.05,110.74,Mobile App,Corporate,Credit Card,Returned
ORD104870,16-Jul-25,CUST1070,Central,Nagpur,Electronics,Wireless Headphones,2,1971.67,5,3746.17,2415.94,1330.22,Mobile App,Consumer,Cash on Delivery,Delivered
ORD104871,22-Oct-25,CUST1071,South,Coimbatore,Electronics,Bluetooth Speaker,1,1417.76,15,180.76,124.8,55.96,Website,Consumer,Debit Card,Returned
ORD104872,15-Jul-25,CUST1072,East,Bhubaneswar,Electronics,Smart Watch,2,2593.42,5,4927.51,2982.07,1945.43,Website,Consumer,Cash on Delivery,Delivered
ORD104873,22-Apr-24,CUST1073,North,Delhi,Sports,Cricket Bat,3,1798.39,20,0,0,0,Mobile App,Corporate,Credit Card,Cancelled
ORD104874,18-Jun-24,CUST1074,North,Jaipur,Clothing,T-Shirt,1,690.47,5,655.94,374.38,281.56,Marketplace,Consumer,UPI,Delivered
ORD104875,12-Apr-25,CUST1075,West,Ahmedabad,Electronics,Wireless Headphones,2,1969.08,0,590.73,340.02,250.71,Mobile App,Consumer,UPI,Returned
ORD104876,08-Nov-25,CUST1076,East,Patna,Sports,Yoga Mat,3,964.11,0,2892.32,2123.84,768.48,Marketplace,Consumer,Credit Card,Delivered
ORD104877,14-Jan-24,CUST1077,West,Surat,Sports,Cricket Bat,4,2199.46,20,7038.28,5305.92,1732.36,Marketplace,Consumer,UPI,Delivered
ORD104878,15-Dec-25,CUST1078,North,Jaipur,Beauty,Sunscreen,2,616.42,10,1109.56,901.58,207.97,Website,Consumer,UPI,Delivered
ORD104879,14-Oct-24,CUST1079,East,Bhubaneswar,Sports,Cricket Bat,3,1863.97,10,5032.71,3488.78,1543.94,Website,Consumer,UPI,Delivered
ORD104880,07-Jul-24,CUST1080,South,Hyderabad,Electronics,Power Bank,2,1035.16,0,2070.32,1231.43,838.89,Mobile App,Consumer,Credit Card,Delivered
ORD104881,03-Jun-24,CUST1081,South,Chennai,Beauty,Shampoo,1,458.02,15,389.31,312.71,76.6,Website,Corporate,Credit Card,Delivered
ORD104882,20-Jul-25,CUST1082,North,Chandigarh,Beauty,Face Serum,1,887.66,15,754.51,614.67,139.84,Website,Corporate,Cash on Delivery,Delivered
ORD104883,24-Nov-25,CUST1083,North,Jaipur,Sports,Running Shoes,1,3215.04,5,3054.29,2441.44,612.85,Website,Consumer,Net Banking,Delivered
ORD104884,22-Dec-25,CUST1084,South,Chennai,Beauty,Shampoo,1,482.24,15,0,0,0,Website,Corporate,Net Banking,Cancelled
ORD104885,15-Apr-25,CUST1085,North,Lucknow,Clothing,Hoodie,1,1910.13,5,1814.62,1036.05,778.57,Mobile App,Consumer,Debit Card,Delivered
ORD104886,15-Mar-24,CUST1086,Central,Nagpur,Beauty,Lipstick,3,479.21,0,0,0,0,Website,Consumer,Net Banking,Cancelled
ORD104887,03-Oct-24,CUST1087,South,Hyderabad,Clothing,T-Shirt,2,608.23,15,0,0,0,Website,Consumer,Debit Card,Cancelled
ORD104888,06-Oct-25,CUST1088,North,Lucknow,Clothing,Jeans,1,1560.2,25,0,0,0,Website,Student,Cash on Delivery,Cancelled
ORD104889,08-Dec-24,CUST1089,South,Coimbatore,Electronics,Smart Watch,1,2397.16,10,2157.44,1636.63,520.81,Mobile App,Consumer,UPI,Delivered
ORD104890,28-Feb-25,CUST1090,East,Guwahati,Sports,Running Shoes,1,3302.46,5,470.6,342.8,127.8,Mobile App,Consumer,Net Banking,Returned
ORD104891,24-Jul-25,CUST1091,North,Jaipur,Clothing,T-Shirt,1,652.01,5,619.41,388.85,230.56,Marketplace,Consumer,UPI,Delivered
ORD104892,25-May-25,CUST1092,Central,Indore,Home & Kitchen,Coffee Maker,1,2369.86,20,284.38,201.52,82.86,Website,Consumer,Credit Card,Returned
ORD104893,30-Jun-24,CUST1093,Central,Bhopal,Clothing,Sneakers,3,2583.26,5,1104.34,872.58,231.77,Website,Consumer,Credit Card,Returned
ORD104894,02-Apr-25,CUST1094,South,Chennai,Sports,Cricket Bat,2,2159.71,15,0,0,0,Mobile App,Corporate,Credit Card,Cancelled
ORD104895,04-Mar-24,CUST1095,East,Kolkata,Clothing,T-Shirt,2,649.24,10,1168.63,828.95,339.67,Website,Consumer,Debit Card,Delivered
ORD104896,16-Sep-24,CUST1096,North,Lucknow,Beauty,Sunscreen,2,583.76,10,157.62,109.31,48.31,Mobile App,Consumer,Credit Card,Returned
ORD104897,11-Jul-24,CUST1097,West,Mumbai,Sports,Gym Bag,1,1285.62,5,1221.34,764.86,456.48,Marketplace,Consumer,Debit Card,Delivered
ORD104898,16-Oct-25,CUST1098,South,Coimbatore,Clothing,Dress,1,1637.11,0,1637.11,1184.92,452.19,Website,Corporate,Credit Card,Delivered
ORD104899,07-Sep-25,CUST1099,South,Hyderabad,Clothing,Dress,2,1514.54,10,2726.17,1874.4,851.77,Website,Corporate,UPI,Delivered
ORD104900,09-Feb-25,CUST1100,South,Hyderabad,Beauty,Moisturizer,2,690.78,25,1036.17,634.95,401.22,Website,Consumer,Credit Card,Delivered
ORD104901,26-Dec-25,CUST1101,West,Pune,Sports,Gym Bag,1,1341.62,5,1274.54,1009.12,265.42,Website,Consumer,Credit Card,Delivered
ORD104902,21-Dec-25,CUST1102,South,Bengaluru,Beauty,Sunscreen,3,629.13,10,0,0,0,Website,Corporate,Credit Card,Cancelled
ORD104903,02-Apr-24,CUST1103,North,Chandigarh,Electronics,Smart Watch,1,2538.79,15,323.7,182.87,140.82,Website,Student,UPI,Returned
ORD104904,05-Mar-25,CUST1104,West,Pune,Sports,Gym Bag,2,1287.17,10,2316.91,1663.62,653.29,Mobile App,Consumer,Credit Card,Delivered
ORD104905,15-Oct-25,CUST1105,East,Bhubaneswar,Clothing,Hoodie,2,1743.86,10,0,0,0,Website,Consumer,Cash on Delivery,Cancelled
ORD104906,09-Mar-25,CUST1106,Central,Indore,Home & Kitchen,Water Bottle,2,662.8,15,1126.77,779.73,347.04,Website,Student,UPI,Delivered
ORD104907,07-Feb-25,CUST1107,North,Chandigarh,Beauty,Shampoo,2,498.52,15,847.49,551.66,295.83,Mobile App,Consumer,Credit Card,Delivered
ORD104908,09-Mar-25,CUST1108,West,Surat,Electronics,Wireless Headphones,1,1875.57,5,267.27,181.23,86.04,Mobile App,Corporate,UPI,Returned
ORD104909,21-Apr-24,CUST1109,West,Mumbai,Beauty,Face Serum,1,697.71,20,558.17,355.73,202.43,Mobile App,Consumer,Credit Card,Delivered
ORD104910,09-Jan-25,CUST1110,North,Delhi,Home & Kitchen,Coffee Maker,1,2092.21,10,1882.99,1095.44,787.56,Mobile App,Consumer,UPI,Delivered
ORD104911,28-Feb-24,CUST1111,West,Pune,Sports,Cricket Bat,1,2006.06,15,1705.15,1076.89,628.27,Mobile App,Consumer,Cash on Delivery,Delivered
ORD104912,12-Feb-24,CUST1112,East,Bhubaneswar,Electronics,Smart Watch,1,2598.65,0,2598.65,1899.59,699.06,Mobile App,Consumer,UPI,Delivered
ORD104913,25-Jul-24,CUST1113,Central,Indore,Clothing,Jeans,2,1628.34,10,2931,1651.92,1279.08,Mobile App,Corporate,Net Banking,Delivered
ORD104914,22-Oct-24,CUST1114,North,Jaipur,Beauty,Moisturizer,1,772.3,0,115.85,75.69,40.16,Website,Consumer,Credit Card,Returned
ORD104915,27-Apr-24,CUST1115,West,Surat,Electronics,Smart Watch,1,2193.28,5,0,0,0,Marketplace,Consumer,Credit Card,Cancelled
ORD104916,15-Jun-25,CUST1116,South,Chennai,Electronics,Power Bank,2,1011.23,0,303.37,196.03,107.33,Website,Student,Cash on Delivery,Returned
ORD104917,09-Aug-24,CUST1117,Central,Nagpur,Sports,Running Shoes,4,3088.91,20,1482.68,850.54,632.13,Marketplace,Corporate,UPI,Returned
ORD104918,14-Jun-24,CUST1118,South,Coimbatore,Clothing,T-Shirt,3,626.62,15,1597.89,1025.37,572.52,Website,Corporate,UPI,Delivered
ORD104919,04-Oct-25,CUST1119,Central,Bhopal,Sports,Dumbbells,4,1594.7,15,5421.99,4209,1212.99,Mobile App,Consumer,Cash on Delivery,Delivered
ORD104920,04-Jun-24,CUST1120,Central,Indore,Electronics,Smart Watch,2,2350.07,10,4230.13,3027.17,1202.96,Mobile App,Consumer,Net Banking,Delivered
ORD104921,02-Jul-24,CUST1121,South,Hyderabad,Clothing,Hoodie,1,1566.75,20,1253.4,920.27,333.13,Website,Consumer,Cash on Delivery,Delivered
ORD104922,30-Mar-24,CUST1122,West,Ahmedabad,Beauty,Lipstick,2,433.02,20,103.93,71.3,32.63,Mobile App,Consumer,UPI,Returned
ORD104923,03-Apr-24,CUST1123,Central,Bhopal,Home & Kitchen,Coffee Maker,1,2319.92,5,0,0,0,Mobile App,Consumer,Debit Card,Cancelled
ORD104924,13-Jan-24,CUST1124,South,Chennai,Home & Kitchen,Mixer Grinder,1,3352.35,5,3184.74,2216.94,967.8,Website,Consumer,Credit Card,Delivered
ORD104925,13-Mar-25,CUST1125,South,Bengaluru,Home & Kitchen,Cookware Set,1,2606.66,10,2346,1356.36,989.64,Website,Consumer,Cash on Delivery,Delivered
ORD104926,21-Jun-25,CUST1126,East,Guwahati,Beauty,Face Serum,1,826.99,0,124.05,99.48,24.57,Website,Consumer,UPI,Returned
ORD104927,09-Aug-25,CUST1127,South,Bengaluru,Electronics,Bluetooth Speaker,2,1328.51,25,1992.77,1167.62,825.15,Website,Consumer,Net Banking,Delivered
ORD104928,29-May-24,CUST1128,North,Delhi,Clothing,Sneakers,2,2226.42,5,4230.19,3467.81,762.38,Website,Consumer,UPI,Delivered
ORD104929,21-Oct-25,CUST1129,South,Bengaluru,Electronics,Wireless Headphones,1,1835.42,10,1651.88,1102.72,549.16,Marketplace,Consumer,UPI,Delivered
ORD104930,08-Jan-24,CUST1130,South,Hyderabad,Home & Kitchen,Mixer Grinder,4,3159.64,15,10742.78,6121.68,4621.1,Mobile App,Consumer,UPI,Delivered
ORD104931,29-Jan-24,CUST1131,East,Guwahati,Clothing,T-Shirt,2,771.4,5,1465.66,1148.06,317.6,Mobile App,Consumer,UPI,Delivered
ORD104932,22-Oct-24,CUST1132,North,Jaipur,Clothing,Sneakers,1,2578.85,5,2449.9,1408.89,1041.02,Mobile App,Corporate,UPI,Delivered
ORD104933,21-Dec-25,CUST1133,Central,Nagpur,Clothing,T-Shirt,4,642.31,0,385.39,230.11,155.27,Marketplace,Consumer,UPI,Returned
ORD104934,01-Oct-25,CUST1134,West,Ahmedabad,Electronics,Wireless Headphones,1,1729.37,10,1556.43,1031.42,525.01,Mobile App,Corporate,Debit Card,Delivered
ORD104935,05-Dec-24,CUST1135,North,Delhi,Electronics,Bluetooth Speaker,3,1551.08,0,697.98,511.32,186.66,Mobile App,Consumer,Debit Card,Returned
ORD104936,19-Sep-25,CUST1136,West,Surat,Beauty,Face Serum,1,814.05,15,691.94,403.2,288.74,Website,Consumer,Cash on Delivery,Delivered
ORD104937,14-Mar-25,CUST1137,West,Ahmedabad,Clothing,T-Shirt,2,721.69,10,1299.04,932.85,366.19,Mobile App,Corporate,UPI,Delivered
ORD104938,23-May-24,CUST1138,Central,Bhopal,Sports,Gym Bag,4,1103.7,10,596,453.38,142.62,Mobile App,Consumer,UPI,Returned
ORD104939,02-Jun-25,CUST1139,North,Jaipur,Beauty,Moisturizer,2,691.72,5,0,0,0,Website,Consumer,UPI,Cancelled
ORD104940,14-Feb-24,CUST1140,South,Bengaluru,Electronics,Keyboard,1,1231.01,0,1231.01,892.29,338.72,Mobile App,Consumer,Credit Card,Delivered
ORD104941,26-Aug-24,CUST1141,Central,Nagpur,Home & Kitchen,Bedsheet,1,1069.71,15,909.25,735.49,173.76,Website,Consumer,Cash on Delivery,Delivered
ORD104942,03-Jun-24,CUST1142,Central,Bhopal,Electronics,Keyboard,1,1128.49,5,0,0,0,Website,Consumer,Credit Card,Cancelled
ORD104943,29-Jun-24,CUST1143,West,Mumbai,Beauty,Sunscreen,3,553.7,15,1411.93,838.19,573.74,Website,Consumer,Cash on Delivery,Delivered
ORD104944,02-Aug-24,CUST1144,West,Surat,Sports,Cricket Bat,1,2024.58,5,1923.35,1452.36,470.99,Mobile App,Consumer,Net Banking,Delivered
ORD104945,28-Mar-24,CUST1145,North,Chandigarh,Home & Kitchen,Mixer Grinder,1,2986.95,10,2688.25,2093.05,595.2,Mobile App,Consumer,UPI,Delivered
ORD104946,12-Sep-24,CUST1146,East,Guwahati,Beauty,Lipstick,3,514.78,10,1389.92,1098.06,291.86,Website,Consumer,UPI,Delivered
ORD104947,25-May-25,CUST1147,South,Bengaluru,Electronics,Keyboard,1,1152.12,10,1036.91,660.92,375.99,Mobile App,Consumer,Debit Card,Delivered
ORD104948,13-Mar-24,CUST1148,North,Delhi,Clothing,T-Shirt,3,598.46,25,1346.52,838.79,507.73,Mobile App,Consumer,Credit Card,Delivered
ORD104949,27-Jun-24,CUST1149,West,Surat,Sports,Yoga Mat,1,973.75,5,925.06,520.74,404.32,Website,Corporate,UPI,Delivered
ORD104950,30-Jul-24,CUST1150,North,Lucknow,Electronics,Bluetooth Speaker,1,1409.1,20,1127.28,741.59,385.69,Marketplace,Corporate,UPI,Delivered
ORD104951,21-Aug-24,CUST1151,East,Guwahati,Clothing,Dress,1,1426.87,0,1426.87,832.53,594.34,Website,Consumer,UPI,Delivered
ORD104952,09-Apr-25,CUST1152,Central,Indore,Clothing,Dress,4,1433.71,5,5448.11,4153.04,1295.07,Website,Student,Cash on Delivery,Delivered
ORD104953,10-Aug-24,CUST1153,North,Lucknow,Beauty,Sunscreen,1,652.43,0,652.43,384.02,268.41,Website,Consumer,UPI,Delivered
ORD104954,22-Sep-25,CUST1154,Central,Raipur,Clothing,Jeans,1,1539.02,10,1385.12,1068.07,317.05,Mobile App,Consumer,UPI,Delivered
ORD104955,20-Sep-24,CUST1155,Central,Raipur,Sports,Gym Bag,2,1328.75,10,358.76,207.74,151.02,Website,Consumer,Debit Card,Returned
ORD104956,25-Jul-24,CUST1156,East,Bhubaneswar,Electronics,Smart Watch,2,2663.96,10,719.27,488.94,230.33,Mobile App,Consumer,Credit Card,Returned
ORD104957,29-Aug-25,CUST1157,North,Jaipur,Clothing,Dress,1,1690.52,15,0,0,0,Marketplace,Consumer,Debit Card,Cancelled
ORD104958,31-Dec-24,CUST1158,South,Hyderabad,Beauty,Moisturizer,2,688.48,20,165.24,117.72,47.52,Website,Consumer,Cash on Delivery,Returned
ORD104959,02-Oct-24,CUST1159,South,Hyderabad,Electronics,Bluetooth Speaker,1,1606.35,15,0,0,0,Marketplace,Corporate,UPI,Cancelled
ORD104960,14-Jan-25,CUST1160,South,Chennai,Home & Kitchen,Coffee Maker,1,2114.15,5,301.27,214.39,86.88,Mobile App,Corporate,UPI,Returned
ORD104961,04-Nov-24,CUST1161,South,Hyderabad,Electronics,Keyboard,2,1394.2,5,2648.99,1457.63,1191.36,Website,Consumer,UPI,Delivered
ORD104962,22-Sep-25,CUST1162,Central,Raipur,Electronics,Smart Watch,1,2635.42,5,2503.65,1463.2,1040.45,Mobile App,Consumer,UPI,Delivered
ORD104963,24-Sep-24,CUST1163,North,Delhi,Electronics,Bluetooth Speaker,4,1548.73,5,5885.19,4058.56,1826.63,Website,Consumer,UPI,Delivered
ORD104964,04-Mar-24,CUST1164,West,Mumbai,Sports,Cricket Bat,1,1877.11,5,1783.25,1091.37,691.88,Mobile App,Corporate,Cash on Delivery,Delivered
ORD104965,15-Dec-24,CUST1165,North,Chandigarh,Home & Kitchen,Mixer Grinder,2,3365.94,5,6395.29,3649.19,2746.1,Marketplace,Consumer,Net Banking,Delivered
ORD104966,08-May-25,CUST1166,East,Kolkata,Beauty,Face Serum,1,788.48,25,88.7,54,34.7,Marketplace,Student,Debit Card,Returned
ORD104967,06-Jun-25,CUST1167,Central,Nagpur,Clothing,Jeans,3,1460.95,15,558.81,425.01,133.8,Website,Consumer,Debit Card,Returned
ORD104968,07-Apr-24,CUST1168,South,Coimbatore,Home & Kitchen,Water Bottle,1,669.3,20,80.32,55.92,24.4,Website,Consumer,Debit Card,Returned
ORD104969,11-Mar-24,CUST1169,North,Lucknow,Home & Kitchen,Bedsheet,4,985.2,20,3152.64,1895.75,1256.89,Marketplace,Consumer,UPI,Delivered
ORD104970,29-Dec-24,CUST1170,West,Pune,Sports,Cricket Bat,1,1716.41,15,1458.95,808.72,650.23,Mobile App,Consumer,UPI,Delivered
ORD104971,23-Jul-25,CUST1171,West,Pune,Beauty,Moisturizer,3,712.38,0,2137.15,1381.78,755.37,Mobile App,Consumer,Debit Card,Delivered
ORD104972,02-Oct-24,CUST1172,West,Surat,Beauty,Moisturizer,2,731.55,15,0,0,0,Mobile App,Consumer,UPI,Cancelled
ORD104973,19-Feb-24,CUST1173,South,Coimbatore,Electronics,Wireless Headphones,1,2176.91,0,0,0,0,Mobile App,Consumer,Cash on Delivery,Cancelled
ORD104974,23-Dec-24,CUST1174,South,Bengaluru,Home & Kitchen,Bedsheet,1,1019.8,0,0,0,0,Mobile App,Student,Credit Card,Cancelled
ORD104975,28-Dec-25,CUST1175,Central,Raipur,Clothing,T-Shirt,3,597.82,0,1793.47,1166.55,626.92,Marketplace,Student,UPI,Delivered
ORD104976,17-Jul-25,CUST1176,Central,Bhopal,Sports,Running Shoes,1,2646.11,0,0,0,0,Website,Consumer,Debit Card,Cancelled
ORD104977,29-Apr-25,CUST1177,East,Patna,Clothing,Sneakers,2,2232.94,15,0,0,0,Mobile App,Corporate,Credit Card,Cancelled
ORD104978,24-Mar-24,CUST1178,Central,Raipur,Clothing,Hoodie,1,1631.77,20,0,0,0,Mobile App,Consumer,UPI,Cancelled
ORD104979,29-Sep-25,CUST1179,East,Bhubaneswar,Clothing,Sneakers,5,2663.78,5,12652.97,7184.23,5468.74,Marketplace,Consumer,Cash on Delivery,Delivered
ORD104980,06-Aug-25,CUST1180,South,Bengaluru,Electronics,Wireless Headphones,2,1866.34,0,0,0,0,Marketplace,Consumer,UPI,Cancelled
ORD104981,22-Oct-24,CUST1181,North,Jaipur,Electronics,Wireless Headphones,1,1867.74,5,1774.35,1145.55,628.8,Website,Consumer,UPI,Delivered
ORD104982,23-Aug-24,CUST1182,South,Hyderabad,Sports,Yoga Mat,1,947.55,10,852.8,595.72,257.07,Mobile App,Corporate,Debit Card,Delivered
ORD104983,25-Feb-24,CUST1183,East,Guwahati,Home & Kitchen,Cookware Set,1,2402.43,5,342.35,199.88,142.47,Marketplace,Consumer,Debit Card,Returned
ORD104984,25-Dec-24,CUST1184,North,Delhi,Sports,Dumbbells,1,1387.06,25,1040.29,775.58,264.71,Website,Corporate,UPI,Delivered
ORD104985,19-Apr-24,CUST1185,East,Kolkata,Beauty,Shampoo,1,502.98,0,502.98,383.62,119.36,Marketplace,Student,UPI,Delivered
ORD104986,10-Jul-24,CUST1186,West,Ahmedabad,Clothing,Jeans,3,1326.79,25,2985.28,1955.02,1030.27,Mobile App,Consumer,UPI,Delivered
ORD104987,02-Apr-24,CUST1187,West,Mumbai,Home & Kitchen,Cookware Set,3,2509.87,0,0,0,0,Website,Consumer,UPI,Cancelled
ORD104988,21-Jul-25,CUST1188,West,Pune,Electronics,Smart Watch,1,2650.2,10,357.78,257.01,100.76,Marketplace,Consumer,Cash on Delivery,Returned
ORD104989,29-Feb-24,CUST1189,Central,Indore,Sports,Running Shoes,2,3301.79,5,941.01,760.4,180.61,Marketplace,Consumer,Cash on Delivery,Returned
ORD104990,11-Oct-25,CUST1190,North,Delhi,Clothing,Jeans,1,1301.29,10,0,0,0,Website,Consumer,Debit Card,Cancelled
ORD104991,08-Feb-24,CUST1191,East,Kolkata,Clothing,Jeans,1,1397.17,0,1397.17,815.03,582.15,Mobile App,Consumer,Debit Card,Delivered
ORD104992,23-Jun-25,CUST1192,West,Mumbai,Clothing,T-Shirt,1,717.29,20,0,0,0,Website,Corporate,Credit Card,Cancelled
ORD104993,18-Feb-24,CUST1193,East,Patna,Clothing,Jeans,2,1401.82,0,420.55,335.24,85.31,Website,Corporate,Debit Card,Returned
ORD104994,23-Feb-25,CUST1194,South,Bengaluru,Clothing,Hoodie,4,1748.23,10,6293.62,4539.55,1754.07,Website,Consumer,UPI,Delivered
ORD104995,28-Sep-25,CUST1195,North,Jaipur,Clothing,Jeans,1,1282.28,0,0,0,0,Website,Consumer,Credit Card,Cancelled
ORD104996,13-Jan-24,CUST1196,Central,Nagpur,Beauty,Face Serum,1,828.76,5,787.32,587.06,200.26,Marketplace,Consumer,Debit Card,Delivered
ORD104997,05-Feb-24,CUST1197,East,Patna,Beauty,Lipstick,1,543.15,0,0,0,0,Mobile App,Corporate,Credit Card,Cancelled
ORD104998,10-Apr-24,CUST1198,Central,Raipur,Clothing,Dress,4,1780.89,25,5342.67,3644.63,1698.04,Mobile App,Consumer,Debit Card,Delivered
ORD104999,26-Mar-24,CUST1199,East,Bhubaneswar,Clothing,Dress,1,1717.72,0,1717.72,1137.24,580.48,Website,Corporate,Net Banking,Delivered
ORD105000,30-May-25,CUST1200,West,Pune,Sports,Cricket Bat,2,1716.3,5,3260.97,2432.48,828.49,Mobile App,Student,Debit Card,Delivered
